timestamp,rainfall_24h_mm,discharge_m3s,water_level_m,flow_velocity_ms,soil_moisture_pct,turbidity_ntu,flood_event,rainfall_72h_mm,water_level_change,turbidity_spike,soil_saturated,water_level_lag1,rainfall_lag1,discharge_lag1
2021-01-01,0.9237765827651462,0.12164362935020821,0.06942220082781957,1.7522295159139056,63.8,276.3596004439512,0,0.9237765827651462,0.0,0.0,0,0.06942220082781957,0.9237765827651462,0.12164362935020821
2021-01-02,5.72427736969376,0.09849283651493562,0.06725126053252842,1.4645500431519216,53.3,21.087680355160934,0,6.648053952458906,-0.002170940295291149,-255.27192008879027,0,0.06942220082781957,0.9237765827651462,0.12164362935020821
2021-01-03,8.384003772405391,0.17950182146568014,0.06355195506836304,2.824489368935849,60.2,285.23862375138737,0,15.032057724864298,-0.0036993054641653728,264.1509433962264,0,0.06725126053252842,5.72427736969376,0.09849283651493562
2021-01-04,30.970294041412462,0.08481239755378495,0.06358767931890341,1.3337866464419283,65.9,205.3274139844617,0,45.07857518351161,3.57242505403671e-05,-79.91120976692565,0,0.06355195506836304,8.384003772405391,0.17950182146568014
2021-01-05,19.352718382323406,0.0,0.06330208305028465,0.0,40.0,44.39511653718091,0,58.707016196141254,-0.0002855962686187652,-160.9322974472808,0,0.06358767931890341,30.970294041412462,0.08481239755378495
2021-01-06,39.62448359243636,0.16923252991682153,0.06344062986695591,2.6675732928838567,72.6,178.69034406215317,0,89.94749601617222,0.00013854681667126167,134.29522752497226,0,0.06330208305028465,19.352718382323406,0.0
2021-01-07,99.69462460846505,0.35703118196541944,0.06791940947667532,5.256688547741717,72.9,536.0710321864594,1,158.6718265832248,0.004478779609719416,357.3806881243063,0,0.06344062986695591,39.62448359243636,0.16923252991682153
2021-01-08,15.77676413296728,0.3406561888372763,0.0638513269243673,5.335146585767713,72.2,550.4994450610433,1,155.09587233386867,-0.004068082552308019,14.428412874583842,0,0.06791940947667532,99.69462460846505,0.35703118196541944
2021-01-09,10.68974163065906,0.027798269959970968,0.06252484990937704,0.44459554881397606,38.0,35.516093229744726,0,126.16113037209139,-0.0013264770149902655,-514.9833518312986,0,0.0638513269243673,15.77676413296728,0.3406561888372763
2021-01-10,0.5331648732218195,0.030833553500678866,0.05894912926027287,0.5230535868399719,49.5,153.16315205327413,0,26.999670636848144,-0.0035757206491041707,117.6470588235294,0,0.06252484990937704,10.68974163065906,0.027798269959970968
2021-01-11,0.0,0.07098337435714633,0.05654565177696256,1.2553286084159327,45.6,155.3829078801332,0,11.222906503880866,-0.0024034774833103095,2.219755826859057,0,0.05894912926027287,0.5331648732218195,0.030833553500678866
2021-01-12,0.0,0.10540499814117146,0.06015478976005929,1.7522295159139056,57.2,260.82130965593785,0,0.5331648732218053,0.0036091379830967343,105.43840177580466,0,0.05654565177696256,0.0,0.07098337435714633
2021-01-13,0.0,0.1263500780876642,0.06274347968620798,2.013756309333892,57.0,158.71254162042175,0,0.0,0.0025886899261486906,-102.1087680355161,0,0.06015478976005929,0.0,0.10540499814117146
2021-01-14,0.0,0.1597677606960293,0.056046237300312565,2.850642048277847,68.5,244.17314095449498,0,0.0,-0.006697242385895419,85.46059933407324,0,0.06274347968620798,0.0,0.1263500780876642
2021-01-15,0.0010851308173441452,0.023189004095250064,0.05541737184937979,0.41844286947197745,47.1,164.2619311875694,0,0.0010851308173299343,-0.0006288654509327765,-79.9112097669256,0,0.056046237300312565,0.0,0.1597677606960293
2021-01-16,0.0,0.06350430024746585,0.05518668019459888,1.1507178910479383,46.9,38.8457269700333,0,0.0010851308173299343,-0.0002306916547809082,-125.41620421753609,0,0.05541737184937979,0.0010851308173441452,0.023189004095250064
2021-01-17,0.0,0.11693049699391703,0.055198412513042014,2.1183670267018866,57.3,226.41509433962264,0,0.0010851308173299343,1.1732318443133383e-05,187.56936736958934,0,0.05518668019459888,0.0,0.06350430024746585
2021-01-18,0.0,0.016385931630240626,0.05221240564545922,0.3138321521039832,27.4,71.03218645948945,0,0.0,-0.0029860068675827967,-155.3829078801332,0,0.055198412513042014,0.0,0.11693049699391703
2021-01-19,0.0,0.09335697358451725,0.04889987121850938,1.9091455919658975,65.1,243.06326304106548,0,0.0,-0.0033125344269498355,172.03107658157603,0,0.05221240564545922,0.0,0.016385931630240626
2021-01-20,0.0,0.10037586604390732,0.051174293198945106,1.9614509506498947,60.0,186.45948945615982,0,0.0,0.0022744219804357244,-56.60377358490567,0,0.04889987121850938,0.0,0.09335697358451725
2021-01-21,0.0,0.14665272018556003,0.05006750055120764,2.929100086303843,60.3,167.59156492785792,0,0.0,-0.0011067926477374632,-18.8679245283019,0,0.051174293198945106,0.0,0.10037586604390732
2021-01-22,0.0,0.05814758120832434,0.04833454484049341,1.2030232497319355,41.4,147.61376248612655,0,0.0,-0.0017329557107142318,-19.97780244173137,0,0.05006750055120764,0.0,0.14665272018556003
2021-01-23,0.0,0.10512691931650085,0.04843057848078363,2.170672385385884,61.8,168.70144284128747,0,0.0,9.603364029021899e-05,21.087680355160927,0,0.04833454484049341,0.0,0.05814758120832434
2021-01-24,0.0,0.09765497645498188,0.047266244743153676,2.0660616680178894,67.7,223.08546059933406,0,0.0,-0.0011643337376299537,54.38401775804658,0,0.04843057848078363,0.0,0.10512691931650085
2021-01-25,0.0,0.08791304447410934,0.04423067212574366,1.9876036299918933,66.7,221.97558268590456,0,0.0,-0.003035572617410019,-1.1098779134295,0,0.047266244743153676,0.0,0.09765497645498188
2021-01-26,0.0,0.04616816720557638,0.04203171927237198,1.098412532363941,36.4,91.00998890122086,0,0.0,-0.002198952853371676,-130.96559378468368,0,0.04423067212574366,0.0,0.08791304447410934
2021-01-27,0.0,0.05812571266785397,0.0411583865792728,1.4122446844679244,45.5,182.01997780244173,0,0.0,-0.0008733326930991797,91.00998890122086,0,0.04203171927237198,0.0,0.04616816720557638
2021-01-28,0.0,0.0,0.04680209313373448,0.0,34.2,62.153163152053274,0,0.0,0.005643706554461676,-119.86681465038845,0,0.0411583865792728,0.0,0.05812571266785397
2021-01-29,1.1133324236949045,0.05929212710270554,0.04445398164757159,1.3337866464419283,30.0,105.43840177580466,0,1.1133324236948903,-0.0023481114861628877,43.28523862375139,0,0.04680209313373448,0.0,0.0
2021-01-30,5.652823864351685,0.09751513864278893,0.046033164892398996,2.1183670267018866,60.4,179.80022197558267,0,6.7661562880465755,0.0015791832448274062,74.36182019977801,0,0.04445398164757159,1.1133324236949045,0.05929212710270554
2021-01-31,2.152180052699284,0.09278292487120769,0.045483855106414964,2.0399089886758905,65.4,214.20643729189788,0,8.91833634074586,-0.0005493097859840326,34.40621531631521,0,0.046033164892398996,5.652823864351685,0.09751513864278893
2021-02-01,1.7526867833139996,0.11775972328774853,0.04642039731292411,2.536809896173864,75.9,230.85460599334073,0,9.557690700364954,0.0009365422065091486,16.64816870144284,0,0.045483855106414964,2.152180052699284,0.09278292487120769
2021-02-02,0.0,0.027582080698976576,0.04585460955159857,0.6015116248659677,36.5,21.087680355160934,0,3.9048668360132694,-0.0005657877613255424,-209.7669256381798,0,0.04642039731292411,1.7526867833139996,0.11775972328774853
2021-02-03,1.0093367887326943,0.09533435150900425,0.04556624498312243,2.0922143473598878,49.9,176.47058823529412,0,2.7620235720466795,-0.00028836456847614045,155.3829078801332,0,0.04585460955159857,0.0,0.027582080698976576
2021-02-04,0.005991809295769845,0.9012726109793252,0.20513071920247883,4.393650129455764,56.3,496.1154273029967,1,1.0153285980284499,0.1595644742193564,319.6448390677026,0,0.04556624498312243,1.0093367887326943,0.09533435150900425
2021-02-05,0.0,0.334108752174699,0.12052185242362227,2.772184010251851,54.9,237.51387347391787,1,1.0153285980284499,-0.08460886677885655,-258.60155382907885,0,0.20513071920247883,0.005991809295769845,0.9012726109793252
2021-02-06,0.0,0.23014706483660755,0.11892072051564,1.9352982713078961,57.5,312.98557158712543,1,0.005991809295755634,-0.0016011319079822783,75.47169811320757,0,0.12052185242362227,0.0,0.334108752174699
2021-02-07,0.0,0.5086980438026583,0.11788537636898326,4.315192091429768,56.9,480.57713651498335,1,0.0,-0.001035344146656736,167.59156492785792,0,0.11892072051564,0.0,0.23014706483660755
2021-02-08,0.0,0.2777237620311026,0.11799248320870297,2.353741140779874,54.1,245.28301886792454,1,0.0,0.00010710683971970614,-235.2941176470588,0,0.11788537636898326,0.0,0.5086980438026583
2021-02-09,0.0,0.564380769855573,0.11989015276093078,4.707482281559747,70.5,439.51165371809105,1,0.0,0.0018976695522278098,194.22863485016651,0,0.11799248320870297,0.0,0.2777237620311026
2021-02-10,0.0,0.39779281261466404,0.1078752040847298,3.6875277872218026,67.8,372.91897891231963,1,0.0,-0.012014948676200982,-66.59267480577142,0,0.11989015276093078,0.0,0.564380769855573
2021-02-11,0.0,0.7406007419535666,0.11848682246894778,6.250490362737664,73.7,596.0044395116537,1,0.0,0.01061161838421798,223.08546059933406,0,0.1078752040847298,0.0,0.39779281261466404
2021-02-12,0.0,0.6633999295373236,0.1225431067909113,5.4136046237937085,72.2,468.3684794672586,1,0.0,0.004056284321963519,-127.63596004439506,0,0.11848682246894778,0.0,0.7406007419535666
2021-02-13,0.0,0.4070023062067362,0.12063990063896875,3.373695635117819,61.6,351.83129855715873,1,0.0,-0.0019032061519425464,-116.53718091009989,0,0.1225431067909113,0.0,0.6633999295373236
2021-02-14,0.0,0.6491576126556753,0.12049436716075267,5.38745194445171,79.6,591.5649278579356,1,0.0,-0.0001455334782160811,239.73362930077684,0,0.12063990063896875,0.0,0.4070023062067362
2021-02-15,0.0,0.5062906427883164,0.11950021795244967,4.236734053403773,79.5,611.542730299667,1,0.0,-0.0009941492083029996,19.977802441731455,0,0.12049436716075267,0.0,0.6491576126556753
2021-02-16,0.0,0.4065613530526518,0.12050919733856001,3.373695635117819,45.3,447.28079911209767,1,0.0,0.0010089793861103452,-164.26193118756936,0,0.11950021795244967,0.0,0.5062906427883164
2021-02-17,0.0,0.2941769368841723,0.11717128682958428,2.5106572168318655,58.7,315.20532741398443,1,0.0,-0.003337910508975736,-132.07547169811323,0,0.12050919733856001,0.0,0.4065613530526518
2021-02-18,0.0,0.4758593473962834,0.11516097383792202,4.132123336035779,78.6,562.708102108768,1,0.0,-0.0020103129916622525,247.50277469478357,0,0.11717128682958428,0.0,0.2941769368841723
2021-02-19,0.9547028110594543,0.22390725199943837,0.11569650803652057,1.9352982713078961,55.9,281.90899001109875,1,0.9547028110594401,0.0005355341985985446,-280.79911209766925,0,0.11516097383792202,0.0,0.4758593473962834
2021-02-20,43.867663550557054,0.36778626919619456,0.11527084897749909,3.1906268797238284,51.9,362.93007769145396,1,44.822366361616496,-0.00042565905902147705,81.02108768035521,0,0.11569650803652057,0.9547028110594543,0.22390725199943837
2021-02-21,22.33437479078059,0.18761901324418084,0.11209356577215222,1.6737714778879098,41.9,219.75582685904553,1,67.15674115239709,-0.0031772832053468675,-143.17425083240843,0,0.11527084897749909,43.867663550557054,0.36778626919619456
2021-02-22,14.78251302157571,0.5658196773499321,0.11569650803652057,4.890551036953737,83.4,623.7513873473918,1,80.98455136291335,0.0036029422643683445,403.9955604883462,0,0.11209356577215222,22.33437479078059,0.18761901324418084
2021-02-23,0.018329274892965236,0.5046190315308753,0.11417229531743238,4.419802808797763,71.7,476.13762486126524,1,37.13521708724925,-0.0015242127190881888,-147.61376248612652,0,0.11569650803652057,14.78251302157571,0.5658196773499321
2021-02-24,0.0,0.5242227986392144,0.11519946638831974,4.550566205507756,68.3,526.0821309655937,1,14.80084229646866,0.0010271710708873588,49.94450610432847,0,0.11417229531743238,0.018329274892965236,0.5046190315308753
2021-02-25,0.0,0.5169775309469953,0.11560040848432898,4.4721081674817595,68.1,532.7413984461709,1,0.018329274892951025,0.0004009420960092436,6.659267480577228,0,0.11519946638831974,0.0,0.5242227986392144
2021-02-26,0.0,0.415690777035185,0.1143508506582328,3.6352224285378054,55.0,388.457269700333,1,0.0,-0.001249557826096176,-144.28412874583796,0,0.11560040848432898,0.0,0.5169775309469953
2021-02-27,0.0,0.6204869420551884,0.11406518847771267,5.439757303135707,63.8,472.80799112097674,1,0.0,-0.0002856621805201326,84.35072142064377,0,0.1143508506582328,0.0,0.415690777035185
2021-02-28,0.0,0.17288506945882195,0.104930260331698,1.6476187985459112,57.7,278.5793562708102,1,0.0,-0.009134928146014673,-194.22863485016654,0,0.11406518847771267,0.0,0.6204869420551884
2021-03-01,0.08290635342513039,0.19454344238412166,0.10331607786724524,1.882992912623899,56.7,338.51276359600445,1,0.08290635342511618,-0.0016141824644527597,59.93340732519425,0,0.104930260331698,0.0,0.17288506945882195
2021-03-02,0.011912849190408551,0.5248733572160477,0.10848423005335141,4.83824567826974,64.8,481.6870144284129,1,0.09481920261552473,0.0051681521861061674,143.17425083240846,0,0.10331607786724524,0.08290635342513039,0.19454344238412166
2021-03-03,0.007772839224236865,0.37865713276662233,0.1012497397594219,3.7398331459057994,67.1,420.64372918978916,1,0.1025920418397616,-0.007234490293929502,-61.04328523862375,0,0.10848423005335141,0.011912849190408551,0.5248733572160477
2021-03-04,0.09484279241591599,0.4153594073945155,0.09988740667008857,4.158276015377777,67.5,490.5660377358491,1,0.1145284808305472,-0.0013623330893333396,69.92230854605992,0,0.1012497397594219,0.007772839224236865,0.37865713276662233
2021-03-05,0.0,0.5236609353018348,0.09720011253949637,5.38745194445171,76.4,524.9722530521642,1,0.10261563164013865,-0.0026872941305921966,34.40621531631513,0,0.09988740667008857,0.09484279241591599,0.4153594073945155
2021-03-06,0.10716846311292286,0.1654246352803554,0.09167161998862243,1.804534874597903,61.4,163.15205327413983,0,0.20201125552882465,-0.00552849255087394,-361.8201997780244,0,0.09720011253949637,0.0,0.5236609353018348
2021-03-07,4.7179600754093265e-05,0.2244194086754577,0.0893867180158695,2.5106572168318655,53.9,97.66925638179801,0,0.10721564271366274,-0.0022849019727529257,-65.48279689234182,0,0.09167161998862243,0.10716846311292286,0.1654246352803554
2021-03-08,0.19759996285833112,0.07335149497589387,0.08764815979353917,0.836885738943955,58.1,168.70144284128747,0,0.30481560557199383,-0.0017385582223303359,71.03218645948947,0,0.0893867180158695,4.7179600754093265e-05,0.2244194086754577
2021-03-09,0.03526675156368472,0.10777611141915172,0.08410275861906334,1.281481287757931,52.2,104.32852386237514,0,0.23291389402275572,-0.0035454011744758263,-64.37291897891234,0,0.08764815979353917,0.19759996285833112,0.07335149497589387
2021-03-10,0.37480654329070545,0.02979668230849787,0.08138112438785947,0.3661375107879804,27.9,18.867924528301884,0,0.6076732577127071,-0.002721634231203876,-85.46059933407325,0,0.08410275861906334,0.03526675156368472,0.10777611141915172
2021-03-11,0.037590346900823815,0.10488364226706906,0.0835507464451233,1.2553286084159327,43.6,137.62486126526082,0,0.44766364175519974,0.0021696220572638286,118.75693673695893,0,0.08138112438785947,0.37480654329070545,0.02979668230849787
2021-03-12,0.24396571549941629,0.23772709535596265,0.09670181856516959,2.458351858147868,53.8,276.3596004439512,1,0.6563626056909313,0.013151072120046292,138.73473917869038,0,0.0835507464451233,0.037590346900823815,0.10488364226706906
2021-03-13,0.03897035022288104,0.14317426782213416,0.08974679473303183,1.5953134398619144,49.5,132.0754716981132,0,0.32052641262310694,-0.006955023832137752,-144.284128745838,0,0.09670181856516959,0.24396571549941629,0.23772709535596265
2021-03-14,0.4833078301249315,0.21828528628835644,0.08604715970935961,2.536809896173864,71.6,247.50277469478357,0,0.7662438958472146,-0.0036996350236722236,115.42730299667036,0,0.08974679473303183,0.03897035022288104,0.14317426782213416
2021-03-15,0.009353355849498991,0.07240493684429138,0.08651711156609902,0.836885738943955,41.6,55.49389567147614,0,0.5316315361972973,0.00046995185673941176,-192.00887902330743,0,0.08604715970935961,0.4833078301249315,0.21828528628835644
2021-03-16,0.7075878572097023,0.019453182339684648,0.09297891664031518,0.2092214347359888,45.7,6.659267480577136,0,1.2002490431841186,0.006461805074216162,-48.834628190899004,0,0.08651711156609902,0.009353355849498991,0.07240493684429138
2021-03-17,0.07374171597864777,0.10484926467784604,0.0932353798485302,1.1245652117059395,44.4,28.85682574916759,0,0.7906829290378349,0.0002564632082150131,22.197558268590456,0,0.09297891664031518,0.7075878572097023,0.019453182339684648
2021-03-18,0.5465520849357934,0.09148347286484866,0.09205404084034782,0.9938018149959466,49.1,44.39511653718091,0,1.3278816581241293,-0.001181339008182375,15.53829078801332,0,0.0932353798485302,0.07374171597864777,0.10484926467784604
2021-03-19,0.06284322820445223,0.21160614676294837,0.09300211762959601,2.2752831027538782,64.9,127.63596004439512,0,0.6831370291188792,0.0009480767892481867,83.24084350721421,0,0.09205404084034782,0.5465520849357934,0.09148347286484866
2021-03-20,0.03787342450534837,0.18538831026058525,0.09088067717223071,2.0399089886758905,64.1,157.60266370699222,0,0.6472687376455798,-0.0021214404573653006,29.966703662597098,0,0.09300211762959601,0.06284322820445223,0.21160614676294837
2021-03-21,0.5319617934025901,0.19078007131718375,0.08016327018632034,2.3798938201218727,72.5,211.98668146503886,0,0.6326784461123764,-0.010717406985910366,54.38401775804664,0,0.09088067717223071,0.03787342450534837,0.18538831026058525
2021-03-22,0.2791027231610273,0.17865347641963933,0.0785192296305488,2.2752831027538782,53.9,205.3274139844617,0,0.8489379410689515,-0.0016440405557715393,-6.659267480577142,0,0.08016327018632034,0.5319617934025901,0.19078007131718375
2021-03-23,1.346552985122576,0.07600469469521463,0.08072754197391445,0.9414964563119497,47.2,127.63596004439512,0,2.157617501686179,0.0022083123433656454,-77.6914539400666,0,0.0785192296305488,0.2791027231610273,0.17865347641963933
2021-03-24,0.47551140110031753,0.132351080386253,0.07553295911536054,1.7522295159139056,63.8,155.3829078801332,0,2.101167109383906,-0.005194582858553912,27.74694783573807,0,0.08072754197391445,1.346552985122576,0.07600469469521463
2021-03-25,1.5850222771341405,0.0,0.07775142189153654,0.0,40.4,72.14206437291898,0,3.4070866633570196,0.002218462776176003,-83.24084350721421,0,0.07553295911536054,0.47551140110031753,0.132351080386253
2021-03-26,1.1713161530216851,0.0762850628970446,0.08102533194428592,0.9414964563119497,28.1,5.549389567147614,0,3.2318498312561283,0.003273910052749379,-66.59267480577137,0,0.07775142189153654,1.5850222771341405,0.0
2021-03-27,0.4712888268328262,0.024260980869010785,0.07730559379069708,0.3138321521039832,37.7,48.834628190899004,0,3.2276272569886375,-0.0037197381535888363,43.28523862375139,0,0.08102533194428592,1.1713161530216851,0.0762850628970446
2021-03-28,3.609593304693791,0.16943871303858088,0.08755173068184074,1.9352982713078961,64.8,243.06326304106548,0,5.252198284548288,0.010246136891143662,194.2286348501665,0,0.07730559379069708,0.4712888268328262,0.024260980869010785
2021-03-29,0.30107662221224624,0.14000714554220284,0.08776152826388865,1.5953134398619144,43.4,176.47058823529412,0,4.381958753738849,0.00020979758204790755,-66.59267480577137,0,0.08755173068184074,3.609593304693791,0.16943871303858088
2021-03-30,0.01692568177053096,0.13506929486937497,0.08466630537574243,1.5953134398619144,40.7,27.74694783573807,0,3.9275956086765538,-0.003095222888146218,-148.72364039955605,0,0.08776152826388865,0.30107662221224624,0.14000714554220284
2021-03-31,0.015121062041686893,0.09032869293984658,0.08223567218906934,1.098412532363941,42.8,174.2508324084351,0,0.33312336602444986,-0.002430633186673095,146.50388457269702,0,0.08466630537574243,0.01692568177053096,0.13506929486937497
2021-04-01,0.08322481573022053,0.0628929753088891,0.08906809988466638,0.706122342233962,39.4,9.988901220865706,0,0.11527155954242417,0.00683242769559704,-164.2619311875694,0,0.08223567218906934,0.015121062041686893,0.09032869293984658
2021-04-02,0.04533959632468364,0.13116676226079726,0.08647281876838109,1.5168554018359188,63.8,244.17314095449498,0,0.14368547409657684,-0.002595281116285292,234.18423973362928,0,0.08906809988466638,0.08322481573022053,0.0628929753088891
2021-04-03,0.16720450507250656,0.12975710969068535,0.08133643611873334,1.5953134398619144,65.9,156.49278579356272,0,0.2957689171273965,-0.005136382649647747,-87.68035516093227,0,0.08647281876838109,0.04533959632468364,0.13116676226079726
2021-04-04,24.11883703520247,0.034355604431280364,0.0821034529149292,0.41844286947197745,43.0,88.79023307436182,0,24.331381136599646,0.0007670167961958546,-67.7025527192009,0,0.08133643611873334,0.16720450507250656,0.12975710969068535
2021-04-05,1.1625997217823665,0.027493494281301076,0.07509062434529348,0.3661375107879804,36.1,172.031076581576,0,25.44864126205733,-0.007012828569635712,83.24084350721418,0,0.0821034529149292,24.11883703520247,0.034355604431280364
2021-04-06,3.0695166199614965,0.15946449233602744,0.07621804741815849,2.0922143473598878,58.1,162.04217536071033,0,28.350953376946322,0.001127423072865008,-9.988901220865671,0,0.07509062434529348,1.1625997217823665,0.027493494281301076
2021-04-07,0.3250792440958912,0.1502426540138467,0.0897629431488665,1.6737714778879098,44.2,108.76803551609324,0,4.5571955858397395,0.01354489573070801,-53.274139844617096,0,0.07621804741815849,3.0695166199614965,0.15946449233602744
2021-04-08,2.462244388855185,0.03636929956002541,0.0927101938184461,0.39229019012997884,36.9,28.85682574916759,0,5.8568402529125585,0.0029472506695795986,-79.91120976692565,0,0.0897629431488665,0.3250792440958912,0.1502426540138467
2021-04-09,2.505944494053664,0.0,0.09504690254567268,0.0,26.5,38.8457269700333,0,5.293268127004726,0.0023367087272265774,9.988901220865706,0,0.0927101938184461,2.462244388855185,0.03636929956002541
2021-04-10,4.296775984577347,0.19786006385229787,0.0911515091749435,2.170672385385884,70.7,255.27192008879024,0,9.264964867486182,-0.0038953933707291805,216.42619311875694,0,0.09504690254567268,2.505944494053664,0.0
2021-04-11,13.736918709663492,0.1501169653082006,0.0925810064917688,1.6214661192039126,68.5,203.10765815760269,0,20.539639188294487,0.001429497316825304,-52.16426193118755,0,0.0911515091749435,4.296775984577347,0.19786006385229787
2021-04-12,0.796521404631168,0.21480256973329526,0.09440696389531042,2.2752831027538782,61.8,142.0643729189789,0,18.83021609887199,0.0018259574035416198,-61.04328523862378,0,0.0925810064917688,13.736918709663492,0.1501169653082006
2021-04-13,18.079199419168166,0.13573547330158273,0.09436576895695668,1.4383973638099228,42.1,122.08657047724749,0,32.61263953346281,-4.119493835373633e-05,-19.977802441731413,0,0.09440696389531042,0.796521404631168,0.21480256973329526
2021-04-14,6.519654669006641,0.2374458545458551,0.09264507285989652,2.5629625755158623,70.1,230.85460599334073,0,25.395375492805957,-0.0017206960970601592,108.76803551609324,0,0.09436576895695668,18.079199419168166,0.13573547330158273
2021-04-15,130.03521251861264,0.4770515999015145,0.0852384206795991,5.596673379187699,78.2,577.1365149833518,1,154.63406660678743,-0.0074066521802974294,346.2819089900111,0,0.09264507285989652,6.519654669006641,0.2374458545458551
2021-04-16,1.6224592903325137,0.2187306274009649,0.08712086458261137,2.5106572168318655,60.9,200.8879023307436,0,138.17732647795177,0.0018824439030122736,-376.24861265260824,0,0.0852384206795991,130.03521251861264,0.4770515999015145
2021-04-17,4.297436498987905,0.17189736755906193,0.09257520624444858,1.8568402332819003,53.6,96.55937846836848,0,135.95510830793302,0.0054543416618372115,-104.32852386237512,0,0.08712086458261137,1.6224592903325137,0.2187306274009649
2021-04-18,0.5937198907896982,3.311049892102504,0.8612558824783905,3.844443863273794,49.3,369.5893451720311,1,6.513615680110088,0.7686806762339419,273.0299667036626,0,0.09257520624444858,4.297436498987905,0.17189736755906193
2021-04-19,15.41100427812117,0.015498789836164772,0.08466103242363315,0.1830687553939902,23.8,79.91120976692565,0,20.302160667898747,-0.7765948500547573,-289.6781354051054,0,0.8612558824783905,0.5937198907896982,3.311049892102504
2021-04-20,25.881950510283126,0.2144600022575262,0.09011326490462665,2.3798938201218727,66.2,305.21642619311876,0,41.886674679193966,0.005452232480993496,225.3052164261931,0,0.08466103242363315,15.41100427812117,0.015498789836164772
2021-04-21,19.64250728505523,0.09039980986805378,0.08430774463231151,1.0722598530219423,42.9,143.17425083240843,0,60.9354620734595,-0.005805520272315137,-162.04217536071033,0,0.09011326490462665,25.881950510283126,0.2144600022575262
2021-04-22,31.634677179231602,0.08738045475529312,0.08567093457636263,1.019954494337945,40.8,112.0976692563818,0,77.15913497456992,0.0013631899440511158,-31.076581576026626,0,0.08430774463231151,19.64250728505523,0.09039980986805378
2021-04-23,27.97896581480068,0.34597489134243714,0.09872419343478182,3.5044590318278117,62.4,359.60044395116535,1,79.25615027908748,0.013053258858419195,247.50277469478354,0,0.08567093457636263,31.634677179231602,0.08738045475529312
2021-04-24,81.58321331688204,0.5311078349677163,0.11538619480488956,4.602871564191753,69.8,483.9067702552719,1,141.1968563109143,0.016662001370107732,124.30632630410656,0,0.09872419343478182,27.97896581480068,0.34597489134243714
2021-04-25,8.019364433077191,0.29355112309204456,0.10021887762205806,2.929100086303843,61.9,324.08435072142066,1,117.58154356475988,-0.0151673171828315,-159.82241953385125,0,0.11538619480488956,81.58321331688204,0.5311078349677163
2021-04-26,0.10412537886428386,0.5988803505242167,0.10177505761330874,5.884352851949685,72.8,577.1365149833518,1,89.7067031288235,0.0015561799912506835,253.05216426193118,0,0.10021887762205806,8.019364433077191,0.29355112309204456
2021-04-27,5.653472583862054,0.2939838111519188,0.08921475386520568,3.295237597091823,63.0,184.23973362930076,0,13.776962395803501,-0.01256030374810306,-392.8967813540511,0,0.10177505761330874,0.10412537886428386,0.5988803505242167
2021-04-28,20.101057619684454,0.2348568293631304,0.0889130750926536,2.6414206135418583,62.8,201.99778024417313,0,25.858655582410762,-0.00030167877255207753,17.75804661487237,0,0.08921475386520568,5.653472583862054,0.2939838111519188
2021-04-29,13.332282863796014,0.357267542764255,0.09688538321047384,3.6875277872218026,79.0,432.8523862375139,1,39.08681306734249,0.007972308117820237,230.85460599334075,0,0.0889130750926536,20.101057619684454,0.2348568293631304
2021-04-30,17.266141564472687,0.15483705138129045,0.0897046111161576,1.726076836571907,51.6,186.45948945615982,0,50.699482047953126,-0.007180772094316237,-246.39289678135407,0,0.09688538321047384,13.332282863796014,0.357267542764255
2021-05-01,3.4434975202390055,0.17667680408708122,0.09129176970105031,1.9352982713078961,59.6,220.86570477247503,0,34.04192194850768,0.0015871585848927089,34.40621531631521,0,0.0897046111161576,17.266141564472687,0.15483705138129045
2021-05-02,3.212576964348096,0.15779782484180002,0.08744515113733196,1.804534874597903,56.7,300.77691453940065,0,23.92221604905976,-0.003846618563718346,79.91120976692562,0,0.09129176970105031,3.4434975202390055,0.17667680408708122
2021-05-03,9.539727067377846,0.011526907166521626,0.08815086986525747,0.13076339670999296,35.9,12.208657047724751,0,16.19580155196492,0.0007057187279255056,-288.5682574916759,0,0.08744515113733196,3.212576964348096,0.15779782484180002
2021-05-04,9.01925350675888,0.15806997160396655,0.08888413976795394,1.7783821952559042,41.8,107.6581576026637,0,21.771557538484792,0.0007332699026964679,95.44950055493895,0,0.08815086986525747,9.539727067377846,0.011526907166521626
2021-05-05,22.88572740009311,0.03016695656228667,0.08873030139016576,0.3399848314459818,32.5,64.37291897891231,0,41.44470797422981,-0.0001538383777881791,-43.2852386237514,0,0.08888413976795394,9.01925350675888,0.15806997160396655
2021-05-06,38.094637858384125,0.08901476281042237,0.08509143713955297,1.0461071736799439,45.7,153.16315205327413,0,69.99961876523608,-0.003638864250612786,88.79023307436182,0,0.08873030139016576,22.88572740009311,0.03016695656228667
2021-05-07,2.3293630433312815,0.11182687757025571,0.0872637615847728,1.281481287757931,47.5,66.59267480577137,0,63.30972830180849,0.0021723244452198226,-86.57047724750277,0,0.08509143713955297,38.094637858384125,0.08901476281042237
2021-05-08,18.101137933518817,0.024984004545393682,0.08684667107292891,0.2876794727619845,40.1,34.406215316315205,0,58.525138835234195,-0.0004170905118438817,-32.18645948945616,0,0.0872637615847728,2.3293630433312815,0.11182687757025571
2021-05-09,7.909813400126188,0.09869047510167281,0.08576426582869685,1.1507178910479383,28.7,75.47169811320754,0,28.34031437697626,-0.0010824052442320597,41.06548279689233,0,0.08684667107292891,18.101137933518817,0.024984004545393682
2021-05-10,10.186594778417032,0.20429949399502578,0.08584395331744832,2.3798938201218727,58.3,290.788013318535,0,36.19754611206201,7.968748875146481e-05,215.31631520532744,0,0.08576426582869685,7.909813400126188,0.09869047510167281
2021-05-11,6.109793682355644,0.02985464934093072,0.08153944477494053,0.3661375107879804,26.9,36.62597114317425,0,24.206201860898837,-0.004304508542507787,-254.16204217536074,0,0.08584395331744832,10.186594778417032,0.20429949399502578
2021-05-12,199.1650281643463,0.5377682780997318,0.09475873571290062,5.675131417213696,74.6,591.5649278579356,1,215.46141662511894,0.013219290937960093,554.9389567147613,0,0.08153944477494053,6.109793682355644,0.02985464934093072
2021-05-13,5.878566459059833,0.5595732492415199,0.11821216757595576,4.733634960901745,62.1,477.2475027746948,1,211.15338830576175,0.023453431863055138,-114.31742508324078,0,0.09475873571290062,199.1650281643463,0.5377682780997318
2021-05-14,29.67312630337923,0.36147880327473275,0.09733707747053487,3.713680466563801,65.3,412.8745837957825,1,234.71672092678534,-0.020875090105420893,-64.37291897891231,0,0.11821216757595576,5.878566459059833,0.5595732492415199
2021-05-15,16.106549542238394,0.267935531063647,0.09574813926430528,2.79833668959385,52.6,176.47058823529412,0,51.65824230467743,-0.001588938206229587,-236.40399556048837,0,0.09733707747053487,29.67312630337923,0.36147880327473275
2021-05-16,20.968136117243365,0.14770834328523738,0.10085578432495748,1.4645500431519216,41.5,186.45948945615982,1,66.74781196286096,0.0051076450606521995,9.9889012208657,0,0.09574813926430528,16.106549542238394,0.267935531063647
2021-05-17,38.91885368865795,0.2590911469055233,0.09525834792525471,2.7198786515678544,70.4,235.2941176470588,0,75.99353934813968,-0.005597436399702768,48.834628190899,0,0.10085578432495748,20.968136117243365,0.14770834328523738
2021-05-18,14.314467792294728,0.1631095800339782,0.0917179560552827,1.7783821952559042,62.3,172.031076581576,0,74.20145759819601,-0.003540391869972015,-63.26304106548281,0,0.09525834792525471,38.91885368865795,0.2590911469055233
2021-05-19,6.484104839838431,0.17214633302432839,0.09403370479787489,1.8306875539399017,57.3,215.3163152053274,0,59.717426320791084,0.0023157487425921885,43.28523862375141,0,0.0917179560552827,14.314467792294728,0.1631095800339782
2021-05-20,60.70828050092839,0.0,0.09383109161307589,0.0,34.5,34.406215316315205,0,81.50685313306153,-0.0002026131847989998,-180.9100998890122,0,0.09403370479787489,6.484104839838431,0.17214633302432839
2021-05-21,75.78355474008343,0.38754426400848013,0.09622422092787174,4.027512618667784,66.7,402.88568257491676,1,142.97594008085025,0.00239312931479585,368.4794672586016,0,0.09383109161307589,60.70828050092839,0.0
2021-05-22,111.14845166823683,0.4117150434742968,0.1015661168859786,4.053665298009783,63.5,443.9511653718091,1,247.64028690924863,0.005341895958106857,41.065482796892354,0,0.09622422092787174,75.78355474008343,0.38754426400848013
2021-05-23,62.734255121610474,1.0359341334338932,0.15353105992291383,6.747391270235637,83.8,596.0044395116537,1,249.6662615299307,0.05196494303693523,152.05327413984458,0,0.1015661168859786,111.14845166823683,0.4117150434742968
2021-05-24,18.89169111865459,0.7106606441940985,0.1501300058124295,4.733634960901745,66.4,498.3351831298557,1,192.7743979085019,-0.0034010541104843306,-97.669256381798,0,0.15353105992291383,62.734255121610474,1.0359341334338932
2021-05-25,7.844328114279506,0.6653861486495164,0.15054656902906244,4.419802808797763,63.6,477.2475027746948,1,89.47027435454456,0.0004165632166329425,-21.0876803551609,0,0.1501300058124295,18.89169111865459,0.7106606441940985
2021-05-26,13.021558013229553,0.5115203052046516,0.13039334606740172,3.9229019012997894,67.8,317.4250832408435,1,39.757577246163635,-0.02015322296166072,-159.8224195338513,0,0.15054656902906244,7.844328114279506,0.6653861486495164
2021-05-27,14.738577018373459,0.39962735181085346,0.11754270039378154,3.3998483144598173,62.0,376.24861265260824,1,35.604463145882505,-0.012850645673620181,58.82352941176475,0,0.13039334606740172,13.021558013229553,0.5115203052046516
2021-05-28,0.503807366652585,0.4140301048314487,0.11555670889372333,3.582917069853808,63.7,456.15982241953384,1,28.263942398255583,-0.0019859915000582096,79.9112097669256,0,0.11754270039378154,14.738577018373459,0.39962735181085346
2021-05-29,4.350879191742104,0.4742229541448854,0.12008518607707269,3.9490545806417883,60.6,385.1276359600444,1,19.593263576768134,0.0045284771833493664,-71.03218645948942,0,0.11555670889372333,0.503807366652585,0.4140301048314487
2021-05-30,23.17193065316763,0.23406035627844154,0.11474058773100983,2.0399089886758905,46.1,269.700332963374,1,28.026617211562307,-0.005344598346062865,-115.42730299667039,0,0.12008518607707269,4.350879191742104,0.4742229541448854
2021-05-31,4.65803018755144,0.8028760488485156,0.11899058713108793,6.747391270235637,80.3,579.356270810211,1,32.18084003246116,0.0042499994000781,309.65593784683693,0,0.11474058773100983,23.17193065316763,0.23406035627844154
2021-06-01,81.02389914994227,0.6428442855101533,0.11594545728797985,5.544368020503701,81.8,536.0710321864594,1,108.85385999066132,-0.003045129843108077,-43.285238623751525,0,0.11899058713108793,4.65803018755144,0.8028760488485156
2021-06-02,13.087656633886038,0.23529081538946367,0.11388373301325214,2.0660616680178894,65.7,261.9311875693674,1,98.76958597137973,-0.0020617242747277137,-274.139844617092,0,0.11594545728797985,81.02389914994227,0.6428442855101533
2021-06-03,192.132554824943,0.5115155096859006,0.11642153895154629,4.393650129455764,68.4,423.9733629300777,1,286.2441106087713,0.002537805938294155,162.0421753607103,0,0.11388373301325214,13.087656633886038,0.23529081538946367
2021-06-04,98.51375458629067,0.34434877750859855,0.11756128754996675,2.929100086303843,53.4,260.82130965593785,1,303.7339660451197,0.001139748598420462,-163.15205327413986,0,0.11642153895154629,192.132554824943,0.5115155096859006
2021-06-05,89.89172972808089,0.974861050897569,0.11833575239101696,8.238093992729556,78.4,860.1553829078802,2,380.5380391393146,0.0007744648410502042,599.3340732519423,0,0.11756128754996675,98.51375458629067,0.34434877750859855
2021-06-06,108.5642833961329,0.284926693095753,0.11842110830328591,2.406046499463871,56.7,328.5238623751388,1,296.96976771050447,8.535591226895012e-05,-531.6315205327414,0,0.11833575239101696,89.89172972808089,0.974861050897569
2021-06-07,6.393048210383031,0.6363847831878499,0.11587354740358957,5.492062661819705,71.5,458.3795782463929,1,204.84906133459683,-0.0025475608996963356,129.85571587125412,0,0.11842110830328591,108.5642833961329,0.284926693095753
2021-06-08,13.071037619520409,0.6428952013550534,0.11541025264888814,5.5705206998457,73.3,423.9733629300777,1,128.02836922603632,-0.00046329475470142933,-34.40621531631518,0,0.11587354740358957,6.393048210383031,0.6363847831878499
2021-06-09,12.826399594710248,0.5199083276275321,0.106308741836866,4.890551036953737,81.3,560.488346281909,1,32.290485424613685,-0.009101510812022137,136.5149833518313,0,0.11541025264888814,13.071037619520409,0.6428952013550534
2021-06-10,36.786382914173686,0.3149165074886071,0.11047213299854923,2.850642048277847,56.7,320.75471698113205,1,62.683820128404335,0.004163391161683225,-239.73362930077695,0,0.106308741836866,12.826399594710248,0.5199083276275321
2021-06-11,48.22234070015986,0.5996164880867598,0.10374450522612409,5.77974213458169,65.2,607.1032186459489,1,97.83512320904379,-0.006727627772425138,286.34850166481687,0,0.11047213299854923,36.786382914173686,0.3149165074886071
2021-06-12,24.44668808084267,0.3125949162817745,0.09960576511555175,3.138321521039831,57.7,377.35849056603774,1,109.45541169517622,-0.004138740110572345,-229.74472807991117,0,0.10374450522612409,48.22234070015986,0.5996164880867598
2021-06-13,42.15579891679553,0.1839540688296383,0.09635413328546408,1.9091455919658975,56.8,187.56936736958934,1,114.82482769779807,-0.00325163183008767,-189.7891231964484,0,0.09960576511555175,24.44668808084267,0.3125949162817745
2021-06-14,39.42054976817679,0.45076760420533657,0.09737853605649406,4.629024243533752,65.9,416.204217536071,1,106.023036765815,0.0010244027710299836,228.63485016648164,0,0.09635413328546408,42.15579891679553,0.1839540688296383
2021-06-15,12.833995510431656,0.15599921499236483,0.09468161878830243,1.6476187985459112,49.4,118.75693673695893,0,94.41034419540398,-0.0026969172681916287,-297.44728079911204,0,0.09737853605649406,39.42054976817679,0.45076760420533657
2021-06-16,6.600390760797083,0.17000913052963498,0.09286627320088073,1.8306875539399017,46.5,308.5460599334073,0,58.85493603940552,-0.0018153455874217045,189.78912319644837,0,0.09468161878830243,12.833995510431656,0.15599921499236483
2021-06-17,15.627841723186986,0.13253183289443332,0.092138539897899,1.4383973638099228,60.7,274.13984461709214,0,35.06222799441572,-0.0007277333029817312,-34.40621531631518,0,0.09286627320088073,6.600390760797083,0.17000913052963498
2021-06-18,26.20773744839033,0.15180856563351067,0.09362426006658946,1.6214661192039126,43.4,112.0976692563818,0,48.43596993237439,0.0014857201686904603,-162.04217536071033,0,0.092138539897899,15.627841723186986,0.13253183289443332
2021-06-19,9.672042257692704,0.2680809592693331,0.09152331821054897,2.929100086303843,72.8,286.34850166481687,0,51.50762142927001,-0.0021009418560404836,174.25083240843506,0,0.09362426006658946,26.20773744839033,0.15180856563351067
2021-06-20,6.0105513921694085,0.13493164164619156,0.09051545932676185,1.49070272249392,55.9,23.307436182019977,0,41.89033109825244,-0.0010078588837871272,-263.0410654827969,0,0.09152331821054897,9.672042257692704,0.2680809592693331
2021-06-21,0.575166512793151,0.1958318426796032,0.0913173435187803,2.144519706043885,54.3,200.8879023307436,0,16.257760162655256,0.0008018841920184594,177.58046614872362,0,0.09051545932676185,6.0105513921694085,0.13493164164619156
2021-06-22,1.889035829493329,0.13548019959486945,0.0908834454720881,1.49070272249392,38.2,125.41620421753608,0,8.47475373445588,-0.00043389804669220766,-75.47169811320752,0,0.0913173435187803,0.575166512793151,0.1958318426796032
2021-06-23,32.14393378977128,0.21262968744243874,0.0903369039859614,2.353741140779874,82.0,228.6348501664817,0,34.60813613205775,-0.0005465414861266921,103.21864594894562,0,0.0908834454720881,1.889035829493329,0.13548019959486945
2021-06-24,85.21225641198671,0.041569253915333254,0.08830464233114428,0.4707482281559747,35.1,23.307436182019977,0,119.24522603125132,-0.0020322616548171246,-205.3274139844617,0,0.0903369039859614,32.14393378977128,0.21262968744243874
2021-06-25,38.874964865056455,0.1655445589226084,0.09042753285033964,1.8306875539399017,38.0,288.5682574916759,0,156.23115506681444,0.0021228905191953557,265.26082130965597,0,0.08830464233114428,85.21225641198671,0.041569253915333254
2021-06-26,6.2141549592236975,0.21965267424150928,0.09544158301105213,2.3014357820958766,45.3,128.74583795782462,0,130.30137623626686,0.005014050160712491,-159.8224195338513,0,0.09042753285033964,38.874964865056455,0.1655445589226084
2021-06-27,118.34601822557886,0.6127899448017646,0.09261363288294494,6.616627873525644,89.5,665.9267480577137,1,163.435138049859,-0.0028279501281071873,537.180910099889,1,0.09544158301105213,6.2141549592236975,0.21965267424150928
2021-06-28,64.63004942891183,0.6077255259199218,0.09112784680235311,6.668933232209642,80.4,593.7846836847947,1,189.19022261371438,-0.0014857860805918277,-72.14206437291898,0,0.09261363288294494,118.34601822557886,0.6127899448017646
2021-06-29,3.8312312741363326,0.503605790437086,0.09126243890494244,5.518215341161703,77.4,524.9722530521642,1,186.80729892862703,0.00013459210258932874,-68.81243063263048,0,0.09112784680235311,64.63004942891183,0.6077255259199218
2021-06-30,16.729001809887333,0.32777584127201154,0.09016665354473309,3.6352224285378054,69.8,227.52497225305214,0,85.1902825129355,-0.0010957853602093504,-297.44728079911204,0,0.09126243890494244,3.8312312741363326,0.503605790437086
2021-07-01,109.06430459982496,0.29570269228512785,0.09267855610579043,3.1906268797238284,70.0,290.788013318535,0,129.62453768384864,0.002511902561057336,63.26304106548284,0,0.09016665354473309,16.729001809887333,0.32777584127201154
2021-07-02,98.17080606840916,0.31299145298157394,0.09973211823047033,3.138321521039831,67.6,473.9178690344062,1,223.96411247812148,0.007053562124679905,183.1298557158712,0,0.09267855610579043,109.06430459982496,0.29570269228512785
2021-07-03,75.16340247797125,0.3590037342309877,0.08972042997248544,4.001359939325785,48.2,381.79800221975586,1,282.39851314620535,-0.010011688257984888,-92.11986681465032,0,0.09973211823047033,98.17080606840916,0.31299145298157394
2021-07-04,48.10612554860235,0.45020606817794034,0.08919445299958496,5.047467113005729,81.2,477.2475027746948,1,221.44033409498275,-0.0005259769729004798,95.44950055493894,0,0.08972042997248544,75.16340247797125,0.3590037342309877
2021-07-05,158.6567527007839,0.43104373515630273,0.08766925160197628,4.9167037162957365,73.4,482.7968923418424,1,281.9262807273575,-0.001525201397608686,5.549389567147614,0,0.08919445299958496,48.10612554860235,0.45020606817794034
2021-07-06,38.857048411670085,0.4397019935995095,0.08990847662708257,4.890551036953737,63.7,432.8523862375139,1,245.61992666105633,0.0022392250251062895,-49.944506104328525,0,0.08766925160197628,158.6567527007839,0.43104373515630273
2021-07-07,42.375632266509236,0.25271661968821596,0.0947365234021403,2.6675732928838567,61.1,356.2708102108768,0,239.88943337896322,0.004828046775057729,-76.5815760266371,0,0.08990847662708257,38.857048411670085,0.4397019935995095
2021-07-08,170.43594208225608,0.5279860616945475,0.12088983856894853,4.367497450113766,73.3,528.3018867924528,1,251.6686227604354,0.02615331516680823,172.03107658157603,0,0.0947365234021403,42.375632266509236,0.25271661968821596
2021-07-09,75.76687675121686,0.3876527961411382,0.14822679966048694,2.61526793419986,64.7,346.2819089900111,1,288.57845109998215,0.02733696109153841,-182.0199778024417,0,0.12088983856894853,170.43594208225608,0.5279860616945475
2021-07-10,107.66012173238127,1.4454944285947644,0.14454944285947643,10.0,88.5,983.3518312985572,2,353.8629405658542,-0.0036773568010105007,637.069922308546,1,0.14822679966048694,75.76687675121686,0.3876527961411382
2021-07-11,86.5583847807025,0.4150494693696194,0.12696197248228905,3.2690849177498245,63.1,344.062153163152,1,269.9853832643006,-0.017587470377187386,-639.2896781354052,0,0.14454944285947643,107.66012173238127,1.4454944285947644
2021-07-12,94.22390220812399,0.22076072477971137,0.11889053286481438,1.8568402332819003,56.9,204.21753607103219,1,288.44240872120776,-0.008071439617474668,-139.84461709211982,0,0.12696197248228905,86.5583847807025,0.4150494693696194
2021-07-13,113.45394183358654,0.6591765016988175,0.11202191953536743,5.884352851949685,77.8,622.6415094339623,1,294.236228822413,-0.0068686133294469515,418.42397336293004,0,0.11889053286481438,94.22390220812399,0.22076072477971137
2021-07-14,127.55927425063858,0.6057879550467204,0.10926185866566719,5.544368020503701,84.8,574.9167591564927,1,335.2371182923491,-0.002760060869700237,-47.724750277469525,0,0.11202191953536743,113.45394183358654,0.6591765016988175
2021-07-15,190.20792198668073,0.5408956649080439,0.10445569464186297,5.178230509715722,73.8,742.5083240843508,2,431.22113807090585,-0.004806164023804224,167.59156492785803,0,0.10926185866566719,127.55927425063858,0.6057879550467204
2021-07-16,88.6450795475551,0.8601639726740901,0.10890758219582507,7.8981091612835765,94.1,790.2330743618202,2,406.41227578487445,0.0044518875539621,47.72475027746941,1,0.10445569464186297,190.20792198668073,0.5408956649080439
2021-07-17,91.4165508346528,1.0136624939554055,0.10856978370132445,9.3365065250935,85.9,874.5837957824639,2,370.26955236888864,-0.00033779849450062127,84.35072142064371,1,0.10890758219582507,88.6450795475551,0.8601639726740901
2021-07-18,81.68290381327544,0.28973489346238035,0.10755915651767993,2.6937259722258555,56.5,400.66592674805776,1,261.7445341954833,-0.0010106271836445163,-473.9178690344061,0,0.10856978370132445,91.4165508346528,1.0136624939554055
2021-07-19,65.98474089516448,0.22576257206130468,0.10527418863302565,2.144519706043885,59.2,395.1165371809101,1,239.08419554309273,-0.0022849678846542792,-5.549389567147671,0,0.10755915651767993,81.68290381327544,0.28973489346238035
2021-07-20,51.728009139292574,0.5629231523758725,0.10201181316301533,5.518215341161703,71.1,544.9500554938957,1,199.3956538477325,-0.0032623754700103202,149.83351831298557,0,0.10527418863302565,65.98474089516448,0.22576257206130468
2021-07-21,158.24988761878075,0.6581927930394618,0.09717111130289534,6.773543949577636,79.5,553.8290788013318,1,275.96263765323783,-0.004840701860119992,8.879023307436114,0,0.10201181316301533,51.728009139292574,0.5629231523758725
2021-07-22,200.0,0.7301181979096125,0.10263797622599209,7.113528781023617,79.9,739.1786903440621,2,409.97789675807337,0.005466864923096754,185.34961154273037,0,0.09717111130289534,158.24988761878075,0.6581927930394618
2021-07-23,172.56619541550492,0.5641721316848485,0.11119716391357497,5.073619792347728,65.5,665.9267480577137,1,530.8160830342857,0.008559187687582875,-73.25194228634848,0,0.10263797622599209,200.0,0.7301181979096125
2021-07-24,46.17362551191431,0.34285520535992087,0.11109961429955331,3.086016162355834,72.0,592.6748057713651,1,418.7398209274192,-9.75496140216553e-05,-73.2519422863486,0,0.11119716391357497,172.56619541550492,0.5641721316848485
2021-07-25,4.9608642498917765,0.31884409552299053,0.1042020656454067,3.059863483013836,48.9,302.9966703662597,1,223.70068517731102,-0.006897548654146615,-289.67813540510537,0,0.11109961429955331,46.17362551191431,0.34285520535992087
2021-07-26,56.15642800487404,0.23600954956060724,0.10493368775056902,2.2491304234118794,49.0,296.33740288568254,1,107.29091776668012,0.0007316221051623245,-6.659267480577171,0,0.1042020656454067,4.9608642498917765,0.31884409552299053
2021-07-27,6.894508391898099,0.5189041974143256,0.09774059013069737,5.308993906425714,68.5,491.6759156492786,1,68.01180064666391,-0.0071930976198716495,195.33851276359604,0,0.10493368775056902,56.15642800487404,0.23600954956060724
2021-07-28,5.477528057749851,0.06746417777886517,0.09554176910112841,0.706122342233962,41.0,21.087680355160934,0,68.52846445452198,-0.002198821029568962,-470.5882352941176,0,0.09774059013069737,6.894508391898099,0.5189041974143256
2021-07-29,33.885332853604865,0.07266434664908175,0.08962795557486898,0.8107330596019564,46.1,158.71254162042175,0,46.257369303252815,-0.005913813526259429,137.62486126526082,0,0.09554176910112841,5.477528057749851,0.06746417777886517
2021-07-30,18.80287552023501,0.08610777450948133,0.08898656686267667,0.967649135653948,57.0,167.59156492785792,0,58.16573643158972,-0.0006413887121923117,8.87902330743617,0,0.08962795557486898,33.885332853604865,0.07266434664908175
2021-07-31,8.543459028054036,0.21115915524128998,0.08410513144751251,2.5106572168318655,49.0,88.79023307436182,0,61.23166740189391,-0.0048814354151641565,-78.8013318534961,0,0.08898656686267667,18.80287552023501,0.08610777450948133
2021-08-01,10.02374259151409,0.12250529759152401,0.09368470128014206,1.3076339670999295,29.7,130.9655937846837,0,37.370077139803136,0.009579569832629545,42.17536071032188,0,0.08410513144751251,8.543459028054036,0.21115915524128998
2021-08-02,3.7152520205825823,0.1860855995429048,0.09006778569268414,2.0660616680178894,59.3,246.39289678135407,0,22.282453640150706,-0.003616915587457914,115.42730299667036,0,0.09368470128014206,10.02374259151409,0.12250529759152401
2021-08-03,12.353483071651405,0.11696094626001995,0.09317157712800793,1.2553286084159327,46.1,184.23973362930076,0,26.09247768374808,0.0031037914353237855,-62.15316315205331,0,0.09006778569268414,3.7152520205825823,0.1860855995429048
2021-08-04,3.585213246004113,0.4946093785056038,0.0969865579790706,5.099772471689726,83.5,538.2907880133185,1,19.653948338238102,0.0038149808510626743,354.0510543840178,0,0.09317157712800793,12.353483071651405,0.11696094626001995
2021-08-05,7.802173141005725,0.3338386396799331,0.09670445504122423,3.4521536731438145,62.7,278.5793562708102,1,23.740869458661244,-0.0002821029378463763,-259.71143174250835,0,0.0969865579790706,3.585213246004113,0.4946093785056038
2021-08-06,14.022661961630659,0.13463826604426746,0.09360297052244825,1.4383973638099228,35.1,0.0,0,25.410048348640498,-0.003101484518775982,-278.5793562708102,0,0.09670445504122423,7.802173141005725,0.3338386396799331
2021-08-07,14.203996757129014,0.5509969621688362,0.09620306320753326,5.727436775897693,86.0,609.322974472808,1,36.0288318597654,0.002600092685085015,609.322974472808,1,0.09360297052244825,14.022661961630659,0.13463826604426746
2021-08-08,40.613816230449316,0.08231827236525947,0.09538193274031592,0.8630384182859536,45.2,75.47169811320754,0,68.84047494920898,-0.0008211304672173375,-533.8512763596004,0,0.09620306320753326,14.203996757129014,0.5509969621688362
2021-08-09,43.78664438116209,0.14391826138450256,0.09487935449240037,1.5168554018359188,44.3,89.90011098779134,0,98.60445736874041,-0.0005025782479155527,14.428412874583799,0,0.09538193274031592,40.613816230449316,0.08231827236525947
2021-08-10,100.58637803721837,0.38561661752458765,0.08776680121599793,4.393650129455764,67.1,396.22641509433964,1,184.98683864882975,-0.007112553276402436,306.3263041065483,0,0.09487935449240037,43.78664438116209,0.14391826138450256
2021-08-11,73.40935928113558,0.45917548543919295,0.08606614233695302,5.335146585767713,76.3,621.5316315205328,1,217.782381699516,-0.001700658879044914,225.3052164261931,0,0.08776680121599793,100.58637803721837,0.38561661752458765
2021-08-12,32.854092935222084,0.5994425366294381,0.09795249689358898,6.119726966027671,78.4,650.3884572697003,1,206.84983025357602,0.011886354556635961,28.85682574916757,0,0.08606614233695302,73.40935928113558,0.45917548543919295
2021-08-13,115.56296434649605,0.30315791587758595,0.10349865383402901,2.929100086303843,65.5,345.17203107658156,1,221.8264165628537,0.005546156940440028,-305.21642619311876,0,0.09795249689358898,32.854092935222084,0.5994425366294381
2021-08-14,101.56840963201464,0.6887650667693561,0.11863202638765703,5.805894813923688,83.0,586.015538290788,1,249.98546691373275,0.015133372553628024,240.8435072142064,0,0.10349865383402901,115.56296434649605,0.30315791587758595
2021-08-15,118.52833199779289,0.5528951231049157,0.12220260590845466,4.524413526165757,73.1,538.2907880133185,1,335.6597059763036,0.0035705795207976315,-47.72475027746941,0,0.11863202638765703,101.56840963201464,0.6887650667693561
2021-08-16,200.0,0.7180487937434111,0.11536147784187732,6.224337683395666,73.2,733.6293007769145,2,420.0967416298075,-0.006841128066577343,195.338512763596,0,0.12220260590845466,118.52833199779289,0.5528951231049157
2021-08-17,97.79347541647813,0.9488928969327286,0.12642096759587712,7.505818971153596,78.1,769.1453940066592,2,416.321807414271,0.011059489753999799,35.51609322974468,0,0.11536147784187732,200.0,0.7180487937434111
2021-08-18,36.57645728061835,0.5135764800427285,0.12350706834838869,4.158276015377777,70.1,580.4661487236405,1,334.36993269709643,-0.00291389924748843,-188.67924528301876,0,0.12642096759587712,97.79347541647813,0.9488928969327286
2021-08-19,48.519371671607445,0.32300101082872906,0.11542607150521597,2.79833668959385,64.1,308.5460599334073,1,182.8893043687039,-0.00808099684317272,-271.92008879023314,0,0.12350706834838869,36.57645728061835,0.5135764800427285
2021-08-20,62.15757886159319,0.42533760540119364,0.11785242041830025,3.6090697491958066,61.8,428.41287458379577,1,147.25340781381897,0.0024263489130842836,119.86681465038845,0,0.11542607150521597,48.519371671607445,0.32300101082872906
2021-08-21,49.085279187752604,0.6873363084787572,0.11527051941799225,5.962810889975679,84.5,621.5316315205328,1,159.7622297209532,-0.002581901000308001,193.118756936737,0,0.11785242041830025,62.15757886159319,0.42533760540119364
2021-08-22,105.54169868402154,0.5163218499120389,0.10907513024909739,4.733634960901745,57.7,513.8734739178691,1,216.7845567333673,-0.006195389168894866,-107.65815760266366,0,0.11527051941799225,49.085279187752604,0.6873363084787572
2021-08-23,48.91963160950498,0.7828664625409725,0.11045928017778286,7.0873761016816195,78.3,568.2574916759156,1,203.5466094812791,0.001384149928685477,54.384017758046525,0,0.10907513024909739,105.54169868402154,0.5163218499120389
2021-08-24,38.79027748170286,0.7141543346920264,0.12760336119448135,5.596673379187699,77.4,553.8290788013318,1,193.25160777522933,0.01714408101669848,-14.428412874583842,0,0.11045928017778286,48.91963160950498,0.7828664625409725
2021-08-25,38.565431299409035,0.4919352546406095,0.12057774571598064,4.079817977351781,65.3,469.4783573806881,1,126.27534039061685,-0.00702561547850071,-84.35072142064365,0,0.12760336119448135,38.79027748170286,0.7141543346920264
2021-08-26,130.81638875809853,0.6556238296505814,0.11881084537606292,5.518215341161703,83.8,587.1254162042176,1,208.1720975392104,-0.0017669003399177208,117.64705882352945,0,0.12057774571598064,38.565431299409035,0.4919352546406095
2021-08-27,58.62276522409463,0.27106435300764037,0.11913434098796713,2.2752831027538782,48.3,228.6348501664817,1,228.00458528160215,0.00032349561190421483,-358.4905660377359,0,0.11881084537606292,130.81638875809853,0.6556238296505814
2021-08-28,150.28955666114717,0.7186034854273942,0.12839832463685638,5.596673379187699,80.9,596.0044395116537,1,339.72871064334026,0.009263983648889251,367.369589345172,0,0.11913434098796713,58.62276522409463,0.27106435300764037
2021-08-29,64.7569979396409,0.7101884863735665,0.12993051269600983,5.465909982477706,63.7,622.6415094339623,1,273.6693198248827,0.0015321880591534498,26.63706992230857,0,0.12839832463685638,150.28955666114717,0.7186034854273942
2021-08-30,107.3710994981617,0.82853288382234,0.14532390770052664,5.7012840965556935,79.2,600.4439511653719,1,322.41765409894975,0.015393395004516808,-22.197558268590342,0,0.12993051269600983,64.7569979396409,0.7101884863735665
2021-08-31,89.59683363356741,0.49522574770334965,0.1413130366786043,3.5044590318278117,61.9,384.01775804661486,1,261.72493107136995,-0.004010871021922352,-216.42619311875706,0,0.14532390770052664,107.3710994981617,0.82853288382234
2021-09-01,79.1377766607955,0.610879094286205,0.13580339493152102,4.498260846823758,77.1,496.1154273029967,1,276.1057097925246,-0.005509641747083266,112.09766925638183,0,0.1413130366786043,89.59683363356741,0.49522574770334965
2021-09-02,91.02174014064236,0.5409750216340952,0.12312655894180291,4.393650129455764,68.3,559.3784683684795,1,259.7563504350053,-0.01267683598971811,63.26304106548281,0,0.13580339493152102,79.1377766607955,0.610879094286205
2021-09-03,146.48808392018645,0.8137002103970371,0.1291014728006286,6.302795721421662,79.3,588.2352941176471,1,316.64760072162426,0.005974913858825703,28.85682574916757,0,0.12312655894180291,91.02174014064236,0.5409750216340952
2021-09-04,90.73177431440772,0.6942326705204455,0.1482981822496663,4.681329602217748,66.6,546.0599334073252,1,328.2415983752365,0.019196709449037674,-42.17536071032191,0,0.1291014728006286,146.48808392018645,0.8137002103970371
2021-09-05,86.23696195566505,0.47875800235884824,0.16200238704597586,2.9552527656458416,67.7,401.7758046614872,1,323.4568201902592,0.013704204796309571,-144.28412874583796,0,0.1482981822496663,90.73177431440772,0.6942326705204455
2021-09-06,200.0,0.9920998948823176,0.16638124421322445,5.962810889975679,90.9,632.630410654828,1,376.9687362700727,0.00437885716724859,230.85460599334078,1,0.16200238704597586,86.23696195566505,0.47875800235884824
2021-09-07,200.0,1.0637903248238871,0.15889121347769908,6.695085911551639,92.7,731.4095449500555,2,486.23696195566504,-0.0074900307355253715,98.77913429522755,1,0.16638124421322445,200.0,0.9920998948823176
2021-09-08,29.750418284314623,1.1541159781920236,0.14099020018571373,8.18578863404556,84.1,805.7713651498335,2,429.75041828431455,-0.017901013291985346,74.36182019977798,0,0.15889121347769908,200.0,1.0637903248238871
2021-09-09,8.94855487502887,1.2780225542566754,0.1392243544362179,9.179590449041507,98.0,931.1875693673695,2,238.69897315934344,-0.0017658457494958424,125.416204217536,1,0.14099020018571373,29.750418284314623,1.1541159781920236
2021-09-10,33.137371053049854,0.5014366402436706,0.12868075713420957,3.896749221957791,66.5,472.80799112097674,1,71.8363442123933,-0.010543597302008323,-458.3795782463928,0,0.1392243544362179,8.94855487502887,1.2780225542566754
2021-09-11,76.66596660788743,0.27042744154885173,0.12165098920592281,2.222977744069881,54.2,376.24861265260824,1,118.75189253596609,-0.007029767928286759,-96.5593784683685,0,0.12868075713420957,33.137371053049854,0.5014366402436706
2021-09-12,27.353635591505743,0.3512239575023423,0.11098967324807486,3.16447420038183,62.9,362.93007769145396,1,137.15697325244295,-0.010661315957847944,-13.318534961154285,0,0.12165098920592281,76.66596660788743,0.27042744154885173
2021-09-13,61.56516820472441,0.6995331484460725,0.12269747246391041,5.7012840965556935,72.5,534.9611542730299,1,165.5847704041175,0.011707799215835549,172.03107658157597,0,0.11098967324807486,27.353635591505743,0.3512239575023423
2021-09-14,33.8905461994882,0.6957224346998213,0.12607743476595765,5.518215341161703,73.6,652.6082130965593,1,122.80934999571829,0.0033799623020472347,117.64705882352939,0,0.12269747246391041,61.56516820472441,0.6995331484460725
2021-09-15,33.66373026886289,0.3424437943968242,0.13361248333011597,2.5629625755158623,44.7,220.86570477247503,1,129.11944467307546,0.00753504856415832,-431.74250832408427,0,0.12607743476595765,33.8905461994882,0.6957224346998213
2021-09-16,8.364612956495458,0.27586108911284085,0.14254189816767152,1.9352982713078961,53.3,187.56936736958934,1,75.9188894248465,0.00892941483755555,-33.29633740288568,0,0.13361248333011597,33.66373026886289,0.3424437943968242
2021-09-17,3.1197039202636634,0.6100595353068229,0.13721674383251165,4.445955488139761,72.2,386.2375138734739,1,45.14804714562196,-0.005325154335159871,198.66814650388457,0,0.14254189816767152,8.364612956495458,0.27586108911284085
2021-09-18,28.871686425369454,0.4109220119882342,0.1287903686261812,3.1906268797238284,61.4,376.24861265260824,1,40.356003302128514,-0.008426375206330439,-9.988901220865671,0,0.13721674383251165,3.1197039202636634,0.6100595353068229
2021-09-19,38.60398882812532,0.7001893188515141,0.12225177618687368,5.727436775897693,78.9,625.9711431742509,1,70.59537917375837,-0.006538592439307531,249.72253052164262,0,0.1287903686261812,28.871686425369454,0.4109220119882342
2021-09-20,97.656076624182,0.47929638950489223,0.12552641127053807,3.818291183931795,71.4,330.7436182019978,1,165.13175187767672,0.003274635083664393,-295.2275249722531,0,0.12225177618687368,38.60398882812532,0.7001893188515141
2021-09-21,76.82921982139678,0.3392438250569391,0.12472755902598245,2.7198786515678544,57.5,229.7447280799112,1,213.08928527370404,-0.0007988522445556145,-100.99889012208658,0,0.12552641127053807,97.656076624182,0.47929638950489223
2021-09-22,59.84278251999473,1.0546009580118947,0.1455768116660679,7.244292177733611,82.4,631.5205327413984,1,234.32807896557347,0.02084925264008544,401.7758046614872,0,0.12472755902598245,76.82921982139678,0.3392438250569391
2021-09-23,37.90081226358612,0.3825262308448498,0.14200636396907299,2.6937259722258555,65.8,314.09544950055493,1,174.57281460497757,-0.0035704476969949106,-317.42508324084343,0,0.1455768116660679,59.84278251999473,1.0546009580118947
2021-09-24,47.29481333913477,0.3872064133009007,0.1383702021064162,2.79833668959385,62.8,319.6448390677026,1,145.03840812271557,-0.003636161862656778,5.549389567147671,0,0.14200636396907299,37.90081226358612,0.3825262308448498
2021-09-25,49.53832130399378,0.43995186321809615,0.13788884749074048,3.1906268797238284,64.2,269.700332963374,1,134.73394690671464,-0.000481354615675722,-49.94450610432858,0,0.1383702021064162,47.29481333913477,0.3872064133009007
2021-09-26,151.4821979937097,0.37197457917124,0.159811145885064,2.3275884614378755,61.3,314.09544950055493,1,248.3153326368382,0.021922298394323525,44.39511653718091,0,0.13788884749074048,49.53832130399378,0.43995186321809615
2021-09-27,200.0,0.7492431349210097,0.1656000563582349,4.524413526165757,75.2,567.1476137624861,1,401.02051929770346,0.0057889104731709,253.05216426193118,0,0.159811145885064,151.4821979937097,0.37197457917124
2021-09-28,184.36199201644257,0.6093365420808868,0.13868572237825513,4.393650129455764,81.7,605.9933407325194,1,535.8441900101523,-0.026914333979979777,38.8457269700333,0,0.1656000563582349,200.0,0.7492431349210097
2021-09-29,68.55210143449979,0.8634415295371727,0.14544235138728132,5.936658210633682,70.8,649.2785793562707,1,452.91409345094235,0.006756629009026183,43.2852386237513,0,0.13868572237825513,184.36199201644257,0.6093365420808868
2021-09-30,47.61863052891048,0.1773614000579524,0.13297584027482204,1.3337866464419283,57.9,238.6237513873474,1,300.5327239798528,-0.012466511112459278,-410.6548279689233,0,0.14544235138728132,68.55210143449979,0.8634415295371727
2021-10-01,44.7475513097207,0.6364329308173575,0.13371036250364446,4.7597876402437445,77.2,392.89678135405103,1,160.91828327313095,0.0007345222288224207,154.27302996670363,0,0.13297584027482204,47.61863052891048,0.1773614000579524
2021-10-02,11.455065524291584,0.6680149974058893,0.13957863090606001,4.785940319585743,78.7,574.9167591564927,1,103.82124736292273,0.005868268402415555,182.0199778024417,0,0.13371036250364446,44.7475513097207,0.6364329308173575
2021-10-03,13.131545457487533,0.5309988911550142,0.14002623862823635,3.7921385045897966,63.3,456.15982241953384,1,69.33416229149978,0.00044760772217633527,-118.75693673695889,0,0.13957863090606001,11.455065524291584,0.6680149974058893
2021-10-04,14.336536050547455,0.3776522643477051,0.13247972139324032,2.850642048277847,56.2,366.2597114317425,1,38.92314703232654,-0.007546517234996025,-89.90011098779132,0,0.14002623862823635,13.131545457487533,0.5309988911550142
2021-10-05,37.36901559878618,0.08992549097939248,0.09551336107163969,0.9414964563119497,56.2,71.03218645948945,0,64.83709710682113,-0.03696636032160064,-295.22752497225304,0,0.13247972139324032,14.336536050547455,0.3776522643477051
2021-10-06,127.85651753028955,0.5849408210354776,0.10307088559416382,5.675131417213696,83.2,568.2574916759156,1,179.56206917962317,0.007557524522524131,497.22530521642614,0,0.09551336107163969,37.36901559878618,0.08992549097939248
2021-10-07,74.44767613963147,0.5936066033592002,0.1075722070741504,5.518215341161703,66.4,576.0266370699223,1,239.67320926870715,0.004501321479986581,7.769145394006728,0,0.10307088559416382,127.85651753028955,0.5849408210354776
2021-10-08,73.65882142012283,0.21625250704661686,0.12920073612408575,1.6737714778879098,58.9,345.17203107658156,1,275.9630150900438,0.021628529049935355,-230.85460599334078,0,0.1075722070741504,74.44767613963147,0.5936066033592002
2021-10-09,95.5231458485904,0.2468789159222945,0.10488787897911968,2.353741140779874,53.3,391.7869034406216,1,243.62964340834466,-0.024312857144966074,46.614872364040025,0,0.12920073612408575,73.65882142012283,0.21625250704661686
2021-10-10,45.09301214134236,0.3393829861934922,0.1259901674085491,2.6937259722258555,60.4,337.40288568257495,1,214.27497941005558,0.02110228842942942,-54.38401775804664,0,0.10488787897911968,95.5231458485904,0.2468789159222945
2021-10-11,29.877661667548416,0.4146333973592896,0.11244210790657552,3.6875277872218026,67.6,312.98557158712543,1,170.49381965748114,-0.013548059501973575,-24.417314095449512,0,0.1259901674085491,45.09301214134236,0.3393829861934922
2021-10-12,15.818329361231637,0.4679547166989805,0.10283439369206271,4.550566205507756,68.9,427.30299667036627,1,90.78900317012238,-0.009607714214512814,114.31742508324083,0,0.11244210790657552,29.877661667548416,0.4146333973592896
2021-10-13,39.81637482360344,0.44270234311712775,0.1167421344397904,3.7921385045897966,64.2,462.819089900111,1,85.51236585238345,0.013907740747727687,35.51609322974474,0,0.10283439369206271,15.818329361231637,0.4679547166989805
2021-10-14,30.28815957880959,0.2558920369267215,0.13403484679406916,1.9091455919658975,60.7,264.1509433962264,1,85.92286376364464,0.01729271235427876,-198.6681465038846,0,0.1167421344397904,39.81637482360344,0.44270234311712775
2021-10-15,36.45476929537336,0.4327369211026613,0.13028788702521618,3.3213902764338217,67.2,422.86348501664816,1,106.55930369778636,-0.0037469597688529754,158.71254162042175,0,0.13403484679406916,30.28815957880959,0.2558920369267215
2021-10-16,137.53352544096163,0.46343984020385487,0.12054795353656321,3.844443863273794,67.2,410.6548279689234,1,204.27645431514455,-0.009739933488652971,-12.208657047724728,0,0.13028788702521618,36.45476929537336,0.4327369211026613
2021-10-17,94.61316929904584,0.29248451967154104,0.13157330092565542,2.222977744069881,63.7,366.2597114317425,1,268.6014640353808,0.011025347389092208,-44.39511653718091,0,0.12054795353656321,137.53352544096163,0.46343984020385487
2021-10-18,32.35815276699525,0.7416122307633322,0.12603123052310009,5.884352851949685,73.9,675.9156492785794,1,264.5048475070027,-0.0055420704025553325,309.6559378468369,0,0.13157330092565542,94.61316929904584,0.29248451967154104
2021-10-19,10.701041145039666,0.14418758919202357,0.12251779662078675,1.1768705703899367,47.2,331.8534961154273,1,137.67236321108072,-0.0035134339023133315,-344.0621531631521,0,0.12603123052310009,32.35815276699525,0.7416122307633322
2021-10-20,19.530255219961052,0.7824657860714599,0.12677603500853563,6.172032324711668,74.8,578.2463928967813,1,62.589449131995934,0.004258238387748872,246.39289678135407,0,0.12251779662078675,10.701041145039666,0.14418758919202357
2021-10-21,44.08630561535171,0.29835671514906514,0.16067979883316622,1.8568402332819003,56.6,285.23862375138737,1,74.3176019803524,0.03390376382463059,-293.007769145394,0,0.12677603500853563,19.530255219961052,0.7824657860714599
2021-10-22,28.401824781459435,0.7129065361415766,0.13362454520806596,5.335146585767713,80.0,542.7302996670367,1,92.01838561677216,-0.02705525362510025,257.4916759156493,0,0.16067979883316622,44.08630561535171,0.29835671514906514
2021-10-23,30.44792150186314,0.6653906337512577,0.12291082928863206,5.4136046237937085,77.0,577.1365149833518,1,102.93605189867426,-0.010713715919433903,34.40621531631518,0,0.13362454520806596,28.401824781459435,0.7129065361415766
2021-10-24,71.36873539441933,0.8158533200569397,0.1305262903724569,6.250490362737664,82.1,612.6526082130965,1,130.2184816777419,0.007615461083824826,35.51609322974468,0,0.12291082928863206,30.44792150186314,0.6653906337512577
2021-10-25,31.955203591854726,0.691627613121412,0.13027470464494298,5.308993906425714,75.9,588.2352941176471,1,133.77186048813718,-0.00025158572751390884,-24.417314095449456,0,0.1305262903724569,71.36873539441933,0.8158533200569397
2021-10-26,0.4361046395704611,0.7057142545454159,0.1335861185695696,5.282841227083717,84.0,570.4772475027747,1,103.7600436258445,0.0033114139246266105,-17.75804661487234,0,0.13027470464494298,31.955203591854726,0.691627613121412
2021-10-27,0.5213463832329192,0.5603638850453534,0.11159705141916233,5.021314433663731,69.8,567.1476137624861,1,32.912654614658095,-0.021989067150407257,-3.329633740288614,0,0.1335861185695696,0.4361046395704611,0.7057142545454159
2021-10-28,0.2090056313406332,0.5366884268990142,0.11528851336706517,4.65517692287575,78.4,569.3673695893452,1,1.1664566541439991,0.0036914619479028327,2.2197558268591138,0,0.11159705141916233,0.5213463832329192,0.5603638850453534
2021-10-29,22.401369823851404,0.3070896627724665,0.1304687492825644,2.353741140779874,63.4,350.7214206437292,1,23.13172183842494,0.015180235915499246,-218.64594894561606,0,0.11528851336706517,0.2090056313406332,0.5366884268990142
2021-10-30,200.0,0.45421114299823734,0.12405479624873994,3.6613751078798042,63.9,463.92896781354057,1,222.610375455192,-0.006413953033824471,113.20754716981139,0,0.1304687492825644,22.401369823851404,0.3070896627724665
2021-10-31,71.49060030316716,0.6152465722688345,0.14889356445470514,4.132123336035779,56.9,506.1043285238623,1,293.89197012701857,0.0248387682059652,42.17536071032174,0,0.12405479624873994,200.0,0.45421114299823734
2021-11-01,89.33731044471934,1.227174213032916,0.14849196323968228,8.264246672071556,79.4,871.2541620421753,2,360.8279107478865,-0.00040160121502286206,365.14983351831296,0,0.14889356445470514,71.49060030316716,0.6152465722688345
2021-11-02,158.13764734858677,0.6178032722983023,0.16070029743449102,3.844443863273794,65.5,491.6759156492786,1,318.9655580964733,0.01220833419480874,-379.5782463928967,0,0.14849196323968228,89.33731044471934,1.227174213032916
2021-11-03,81.59448924146227,0.5540840641649877,0.14315211055051774,3.8705965426157922,69.3,407.3251942286348,1,329.06944703476836,-0.017548186883973277,-84.35072142064377,0,0.16070029743449102,158.13764734858677,0.6178032722983023
2021-11-04,82.62121171307285,0.7762547302984717,0.17459795366130973,4.445955488139761,73.5,534.9611542730299,1,322.3533483031219,0.03144584311079199,127.63596004439512,0,0.14315211055051774,81.59448924146227,0.5540840641649877
2021-11-05,24.949716984082805,0.6075546081734828,0.1746696658099959,3.4783063524858133,53.3,408.43507214206437,1,189.16541793861794,7.171214868617604e-05,-126.52608213096556,0,0.17459795366130973,82.62121171307285,0.7762547302984717
2021-11-06,21.25541270623504,0.3596097987148082,0.14946086818976212,2.406046499463871,57.5,326.30410654827966,1,128.8263414033907,-0.025208797620233786,-82.13096559378471,0,0.1746696658099959,24.949716984082805,0.6075546081734828
2021-11-07,110.04633619462123,0.6480252714176232,0.15390398946084255,4.210581374061774,49.2,430.6326304106548,1,156.25146588493908,0.00444312127108043,104.32852386237516,0,0.14946086818976212,21.25541270623504,0.3596097987148082
2021-11-08,59.412740459121174,0.605288688330153,0.14648369351696236,4.132123336035779,64.2,409.5449500554939,1,190.71448935997745,-0.00742029594388019,-21.0876803551609,0,0.15390398946084255,110.04633619462123,0.6480252714176232
2021-11-09,8.766665719221653,0.40807129202779935,0.1431506604886877,2.850642048277847,52.1,346.2819089900111,1,178.22574237296405,-0.0033330330282746734,-63.26304106548281,0,0.14648369351696236,59.412740459121174,0.605288688330153
2021-11-10,10.992764411402412,0.5365311940729579,0.14759239760983944,3.6352224285378054,63.7,440.6215316315205,1,79.17217058974524,0.0044417371211517565,94.33962264150938,0,0.1431506604886877,8.766665719221653,0.40807129202779935
2021-11-11,136.35939030679486,0.5388745253216158,0.14823701600519867,3.6352224285378054,56.5,450.6104328523862,1,156.11882043741892,0.000644618395359231,9.988901220865728,0,0.14759239760983944,10.992764411402412,0.5365311940729579
2021-11-12,200.0,0.8738613313446054,0.14850593656277183,5.884352851949685,68.8,667.0366259711432,1,347.35215471819726,0.00026892055757316013,216.42619311875694,0,0.14823701600519867,136.35939030679486,0.5388745253216158
2021-11-13,200.0,0.8311099751362084,0.14644770561881654,5.675131417213696,78.1,706.992230854606,2,536.3593903067949,-0.002058230943955297,39.9556048834628,0,0.14850593656277183,200.0,0.8738613313446054
2021-11-14,96.31025492287112,1.1684431580989594,0.1607113706339205,7.27044485707561,98.1,792.4528301886793,2,496.31025492287114,0.014263665015103955,85.46059933407332,1,0.14644770561881654,200.0,0.8311099751362084
2021-11-15,68.23794426797846,1.022170711850894,0.15888106304488872,6.4335591181316545,70.7,659.2674805771364,1,364.5481991908496,-0.001830307589031771,-133.18534961154285,0,0.1607113706339205,96.31025492287112,1.1684431580989594
2021-11-16,107.06502183826952,0.9673751950088102,0.15807489457928148,6.119726966027671,80.3,571.5871254162042,1,271.61322102911913,-0.0008061684656072432,-87.68035516093221,0,0.15888106304488872,68.23794426797846,1.022170711850894
2021-11-17,73.25951686914057,1.1908408338129322,0.1632049496863981,7.296597536417608,78.1,662.597114317425,1,248.56248297538855,0.005130055107116616,91.00998890122082,0,0.15807489457928148,107.06502183826952,0.9673751950088102
2021-11-18,157.89070931823989,1.3809396807382188,0.1977640096344092,6.982765384313625,77.5,720.3107658157603,2,338.21524802565,0.03455905994801112,57.71365149833525,0,0.1632049496863981,73.25951686914057,1.1908408338129322
2021-11-19,200.0,1.0834263749220001,0.17189615891241702,6.302795721421662,68.6,744.7280799112098,2,431.15022618738044,-0.025867850721992186,24.417314095449456,0,0.1977640096344092,157.89070931823989,1.3809396807382188
2021-11-20,158.4205480296085,1.2222056958124212,0.18043814359374338,6.773543949577636,90.1,773.5849056603774,2,516.3112573478484,0.008541984681326359,28.856825749167683,1,0.17189615891241702,200.0,1.0834263749220001
2021-11-21,111.9929783166353,1.9204284111556107,0.21346343359696823,8.996521693647516,95.2,895.6714761376248,2,470.4135263462438,0.03302529000322485,122.08657047724739,1,0.18043814359374338,158.4205480296085,1.2222056958124212
2021-11-22,41.43917616604143,0.9913991762143027,0.19951647526792776,4.969009074979734,61.9,549.3895671476138,1,311.85270251228525,-0.01394695832904047,-346.28190899001106,0,0.21346343359696823,111.9929783166353,1.9204284111556107
2021-11-23,59.57214853516907,1.1334139032146608,0.1917625991912344,5.910505531291682,68.9,573.8068812430632,1,213.0043030178458,-0.007753876076693367,24.417314095449456,0,0.19951647526792776,41.43917616604143,0.9913991762143027
2021-11-24,24.083865156143503,0.8124445638450677,0.17068924608650463,4.7597876402437445,72.5,425.0832408435072,1,125.09518985735403,-0.02107335310472977,-148.72364039955602,0,0.1917625991912344,59.57214853516907,1.1334139032146608
2021-11-25,15.471429551786978,0.7392895456675048,0.16246100205568031,4.550566205507756,61.3,533.8512763596004,1,99.12744324309959,-0.008228244030824311,108.76803551609322,0,0.17068924608650463,24.083865156143503,0.8124445638450677
2021-11-26,2.6179724560442583,0.42086180013044944,0.14763754726227513,2.850642048277847,57.4,283.0188679245283,1,42.17326716397477,-0.014823454793405189,-250.83240843507213,0,0.16246100205568031,15.471429551786978,0.7392895456675048
2021-11-27,22.001263219656316,0.689859424242349,0.12155831707260224,5.675131417213696,84.6,567.1476137624861,1,40.09066522748758,-0.026079230189672883,284.1287458379578,0,0.14763754726227513,2.6179724560442583,0.42086180013044944
2021-11-28,83.12034829925078,0.4112141859222681,0.13438971647102357,3.059863483013836,63.9,320.75471698113205,1,107.73958397495139,0.012831399398421331,-246.39289678135407,0,0.12155831707260224,22.001263219656316,0.689859424242349
2021-11-29,200.0,1.1329117228652257,0.14684456117694109,7.715040405889585,86.3,964.4839067702553,2,305.1216115189071,0.012454844705917512,643.7291897891232,1,0.13438971647102357,83.12034829925078,0.4112141859222681
2021-11-30,105.99904593883151,1.3184346999642946,0.1523050985575067,8.656536862201534,94.3,938.9567147613762,2,389.1193942380823,0.005460537380565622,-25.52719200887907,1,0.14684456117694109,200.0,1.1329117228652257
2021-12-01,22.82432314971166,0.8160089100585466,0.1514647218150905,5.38745194445171,68.8,581.57602663707,1,328.8233690885432,-0.0008403767424162156,-357.3806881243063,0,0.1523050985575067,105.99904593883151,1.3184346999642946
2021-12-02,0.017090810373170284,0.8016648367556387,0.15326629181512672,5.23053586839972,73.4,503.88457269700336,1,128.84045989891635,0.0018015700000362234,-77.6914539400666,0,0.1514647218150905,22.82432314971166,0.8160089100585466
2021-12-03,43.62978400355491,0.36287130751149077,0.15948402511858467,2.2752831027538782,55.4,288.5682574916759,1,66.47119796363974,0.006217733303457956,-215.31631520532744,0,0.15326629181512672,0.017090810373170284,0.8016648367556387
2021-12-04,43.461423598263934,0.7706123740786874,0.15267308470283295,5.047467113005729,70.3,594.8945615982242,1,87.10829841219201,-0.006810940415751726,306.32630410654826,0,0.15948402511858467,43.62978400355491,0.36287130751149077
2021-12-05,17.27945800678553,0.2718990277336543,0.14643102990777093,1.8568402332819003,53.9,264.1509433962264,1,104.37066560860437,-0.006242054795062013,-330.7436182019978,0,0.15267308470283295,43.461423598263934,0.7706123740786874
2021-12-06,1.3066154530842362,0.8807271418832247,0.13416877977764483,6.564322514841647,86.7,633.7402885682575,1,62.0474970581337,-0.012262250130126107,369.5893451720311,1,0.14643102990777093,17.27945800678553,0.2718990277336543
2021-12-07,0.8584446306209156,0.36253300849369485,0.13202071091212766,2.7460313309098527,54.6,278.5793562708102,1,19.444518090490682,-0.002148068865517161,-355.1609322974473,0,0.13416877977764483,1.3066154530842362,0.8807271418832247
2021-12-08,0.13796494750515725,0.9999420583969096,0.14705686341124088,6.799696628919634,79.2,655.9378468368479,1,2.303025031210309,0.01503615249911322,377.35849056603774,0,0.13202071091212766,0.8584446306209156,0.36253300849369485
2021-12-09,16.996875788068888,0.7780179997626122,0.1494928354619246,5.204383189057721,70.1,562.708102108768,1,17.99328536619496,0.0024359720506837157,-93.22974472807994,0,0.14705686341124088,0.13796494750515725,0.9999420583969096
2021-12-10,36.073487351879145,0.5700796267373457,0.15350799075743576,3.713680466563801,80.2,491.6759156492786,1,53.20832808745319,0.004015155295511164,-71.03218645948942,0,0.1494928354619246,16.996875788068888,0.7780179997626122
2021-12-11,4.953173974968859,0.7972781496089154,0.15319359098792004,5.204383189057721,67.2,534.9611542730299,1,58.02353711491689,-0.0003143997695157219,43.285238623751354,0,0.15350799075743576,36.073487351879145,0.5700796267373457
2021-12-12,20.391719345030232,0.8099326541475909,0.15181075929726187,5.335146585767713,73.3,556.0488346281909,1,61.41838067187824,-0.0013828316906581706,21.087680355160956,0,0.15319359098792004,4.953173974968859,0.7972781496089154
2021-12-13,7.977752025212082,0.8528740664625521,0.15238946579125515,5.596673379187699,77.2,647.0588235294118,1,33.32264534521117,0.0005787064939932751,91.00998890122094,0,0.15181075929726187,20.391719345030232,0.8099326541475909
2021-12-14,27.84482241495661,0.509236501942286,0.1486387490440243,3.426000993801816,64.1,283.0188679245283,1,56.21429378519892,-0.003750716747230848,-364.0399556048835,0,0.15238946579125515,7.977752025212082,0.8528740664625521
2021-12-15,0.9219955528366791,0.7320820692207777,0.1488969259616748,4.9167037162957365,71.5,431.7425083240843,1,36.74456999300537,0.00025817691765051,148.72364039955602,0,0.1486387490440243,27.84482241495661,0.509236501942286
2021-12-16,0.018812865800694693,0.3165814588377081,0.14241323813620516,2.222977744069881,54.9,372.91897891231963,1,28.78563083359398,-0.006483687825469653,-58.823529411764696,0,0.1488969259616748,0.9219955528366791,0.7320820692207777
2021-12-17,0.06779708628363203,0.573891262512441,0.14532370996482252,3.9490545806417883,82.0,598.2241953385128,1,1.0086055049210023,0.002910471828617367,225.30521642619317,0,0.14241323813620516,0.018812865800694693,0.3165814588377081
2021-12-18,0.012514389100023242,0.4234362065819598,0.13721127314469825,3.086016162355834,51.6,362.93007769145396,1,0.0991243411843464,-0.008112436820124275,-235.29411764705884,0,0.14532370996482252,0.06779708628363203,0.573891262512441
2021-12-19,0.0013446186214916582,0.6794344598904558,0.14353334498801854,4.733634960901745,63.0,463.92896781354057,1,0.08165609400514337,0.006322071843320287,100.9988901220866,0,0.13721127314469825,0.012514389100023242,0.4234362065819598
2021-12-20,0.0003066674049016062,0.650231821499768,0.14046844157450067,4.629024243533752,72.5,523.8623751387348,1,0.014165675126412954,-0.0030649034135178665,59.93340732519425,0,0.14353334498801854,0.0013446186214916582,0.6794344598904558
2021-12-21,0.013375416813785443,0.5373999485805834,0.1360831909528196,3.9490545806417883,66.4,479.4672586015538,1,0.015026702840175155,-0.004385250621681075,-44.395116537181025,0,0.14046844157450067,0.0003066674049016062,0.650231821499768
2021-12-22,0.1826204396189065,0.6422862044492417,0.13875196383912794,4.629024243533752,71.2,422.86348501664816,1,0.19630252383759,0.002668772886308346,-56.60377358490564,0,0.1360831909528196,0.013375416813785443,0.5373999485805834
2021-12-23,0.03427597994784876,0.7164172268318222,0.1390540380830882,5.152077830373724,68.6,516.0932297447281,1,0.23027183638053716,0.0003020742439602542,93.22974472807994,0,0.13875196383912794,0.1826204396189065,0.6422862044492417
2021-12-24,0.0002476929039589897,0.7946857301537472,0.13154284962722435,6.041268928001675,80.7,550.4994450610433,1,0.2171441124707107,-0.007511188455863849,34.40621531631518,0,0.1390540380830882,0.03427597994784876,0.7164172268318222
2021-12-25,0.07960378137234386,0.6170643909031334,0.1289327383331317,4.785940319585743,75.4,451.7203107658158,1,0.11412745422414806,-0.0026101112940926374,-98.7791342952275,0,0.13154284962722435,0.0002476929039589897,0.7946857301537472
2021-12-26,0.014661060934334483,0.6681847859863229,0.12402612457164575,5.38745194445171,65.1,478.35738068812435,1,0.09451253521063378,-0.004906613761485962,26.63706992230857,0,0.1289327383331317,0.07960378137234386,0.6170643909031334
2021-12-27,0.025748267111546406,0.8140225610773094,0.13416284770652187,6.0674216073436735,80.7,567.1476137624861,1,0.1200131094182212,0.010136723134876124,88.79023307436177,0,0.12402612457164575,0.014661060934334483,0.6681847859863229
2021-12-28,0.00792617292668767,0.37895306525801,0.14067988695408273,2.6937259722258555,46.8,265.26082130965597,1,0.048335500972565004,0.006517039247560863,-301.88679245283015,0,0.13416284770652187,0.025748267111546406,0.8140225610773094
2021-12-29,1.592877680659697,0.26148094720819093,0.13886454136666102,1.882992912623899,73.9,244.17314095449498,1,1.6265521206979274,-0.0018153455874217184,-21.087680355160984,0,0.14067988695408273,0.00792617292668767,0.37895306525801
2021-12-30,2.3800811141419316,0.4006568655355468,0.13557448289807697,2.9552527656458416,57.7,290.788013318535,1,3.9808849677283127,-0.003290058468584045,46.61487236404,0,0.13886454136666102,1.592877680659697,0.26148094720819093
2021-12-31,20.987385394351037,0.5506532703450068,0.13584083289149687,4.053665298009783,75.2,473.9178690344062,1,24.96034418915266,0.00026634999341990095,183.1298557158712,0,0.13557448289807697,2.3800811141419316,0.4006568655355468
2022-01-01,20.987385394351037,0.38452483607493654,0.1324601455585346,2.9029474069618444,58.1,418.4239733629301,1,44.354851902844004,-0.003380687332962262,-55.49389567147608,0,0.13584083289149687,20.987385394351037,0.5506532703450068
2022-01-02,20.987385394351037,0.6660074938795032,0.13691466958855136,4.864398357611739,61.8,523.8623751387348,1,62.96215618305311,0.004454524030016754,105.43840177580472,0,0.1324601455585346,20.987385394351037,0.38452483607493654
2022-01-03,20.987385394351037,0.7138250094114476,0.13785114588315914,5.178230509715722,67.1,521.6426193118757,1,62.96215618305311,0.0009364762946077743,-2.2197558268591138,0,0.13691466958855136,20.987385394351037,0.6660074938795032
2022-01-04,20.987385394351037,0.48745529087997913,0.12943630525956776,3.765985825247798,67.4,431.7425083240843,1,62.96215618305311,-0.00841484062359138,-89.90011098779138,0,0.13785114588315914,20.987385394351037,0.7138250094114476
2022-01-05,20.987385394351037,0.7925511386060329,0.1278682611260712,6.198185004053666,78.9,617.0921198668146,1,62.96215618305311,-0.0015680441334965656,185.34961154273032,0,0.12943630525956776,20.987385394351037,0.48745529087997913
2022-01-06,20.987385394351037,0.6783578507788985,0.12969184570116365,5.23053586839972,75.7,528.3018867924528,1,62.96215618305311,0.0018235845750924629,-88.79023307436182,0,0.1278682611260712,20.987385394351037,0.7925511386060329
2022-01-07,20.987385394351037,0.43991738393489555,0.13350096039300474,3.295237597091823,55.2,352.94117647058823,1,62.96215618305311,0.0038091146918410868,-175.3607103218646,0,0.12969184570116365,20.987385394351037,0.6783578507788985
2022-01-08,20.987385394351037,0.4387237145401184,0.13528611832960083,3.2429322384078256,58.9,338.51276359600445,1,62.96215618305311,0.001785157936596088,-14.428412874583785,0,0.13350096039300474,20.987385394351037,0.43991738393489555
2022-01-09,20.987385394351037,0.4536573890121933,0.13551951237233775,3.34754295577582,67.3,335.18312985571583,1,62.96215618305311,0.000233394042736923,-3.329633740288614,0,0.13528611832960083,20.987385394351037,0.4387237145401184
2022-01-10,20.987385394351037,0.31310936207638734,0.13604957588312294,2.3014357820958766,61.6,251.94228634850168,1,62.96215618305311,0.0005300635107851892,-83.24084350721415,0,0.13551951237233775,20.987385394351037,0.4536573890121933
2022-01-11,20.987385394351037,0.3014654637930306,0.1324958038971736,2.2752831027538782,62.6,293.007769145394,1,62.96215618305311,-0.0035537719859493333,41.0654827968923,0,0.13604957588312294,20.987385394351037,0.31310936207638734
2022-01-12,20.987385394351037,0.8992894818764351,0.13276498810235227,6.773543949577636,80.3,609.322974472808,1,62.96215618305311,0.0002691842051786575,316.31520532741405,0,0.1324958038971736,20.987385394351037,0.3014654637930306
2022-01-13,20.987385394351037,0.5698201378458582,0.1370327837157992,4.158276015377777,57.9,398.44617092119864,1,62.96215618305311,0.004267795613446923,-210.87680355160938,0,0.13276498810235227,20.987385394351037,0.8992894818764351
2022-01-14,20.987385394351037,0.5445579422150889,0.1498004463055996,3.6352224285378054,74.8,300.77691453940065,1,62.96215618305311,0.012767662589800416,-97.669256381798,0,0.1370327837157992,20.987385394351037,0.5698201378458582
2022-01-15,20.987385394351037,0.8894349497797104,0.14410730582511347,6.172032324711668,76.0,600.4439511653719,1,62.96215618305311,-0.005693140480486136,299.66703662597126,0,0.1498004463055996,20.987385394351037,0.5445579422150889
2022-01-16,20.987385394351037,0.5984568834422952,0.15154434339194062,3.9490545806417883,79.6,504.9944506104328,1,62.96215618305311,0.007437037566827148,-95.4495005549391,0,0.14410730582511347,20.987385394351037,0.8894349497797104
2022-01-17,20.987385394351037,1.013798898287942,0.1595252200569384,6.355101080105658,75.8,551.6093229744729,1,62.96215618305311,0.007980876664997777,46.61487236404008,0,0.15154434339194062,20.987385394351037,0.5984568834422952
2022-01-18,20.987385394351037,0.7909177322392288,0.1527389966041989,5.178230509715722,71.5,589.3451720310766,1,62.96215618305311,-0.006786223452739493,37.73584905660368,0,0.1595252200569384,20.987385394351037,1.013798898287942
2022-01-19,20.987385394351037,0.6214844912571369,0.14760063659751016,4.210581374061774,71.2,376.24861265260824,1,62.96215618305311,-0.005138360006688741,-213.09655937846833,0,0.1527389966041989,20.987385394351037,0.7909177322392288
2022-01-20,20.987385394351037,0.46716093956912735,0.1440551035992316,3.2429322384078256,61.4,436.18201997780244,1,62.96215618305311,-0.003545532998278561,59.933407325194196,0,0.14760063659751016,20.987385394351037,0.6214844912571369
2022-01-21,20.987385394351037,0.9898518647497946,0.1417564260390932,6.982765384313625,88.7,593.7846836847947,1,62.96215618305311,-0.002298677560138407,157.60266370699225,1,0.1440551035992316,20.987385394351037,0.46716093956912735
2022-01-22,20.987385394351037,0.6095972240300194,0.13957586260620264,4.367497450113766,57.1,589.3451720310766,1,62.96215618305311,-0.002180563432890553,-4.439511653718114,0,0.1417564260390932,20.987385394351037,0.9898518647497946
2022-01-23,20.987385394351037,0.8196060788199302,0.1374529720870073,5.962810889975679,78.1,687.0144284128746,1,62.96215618305311,-0.0021228905191953418,97.66925638179805,0,0.13957586260620264,20.987385394351037,0.6095972240300194
2022-01-24,20.987385394351037,0.32376023333789045,0.13456108741457512,2.406046499463871,63.1,287.45837957824637,1,62.96215618305311,-0.0028918846724321767,-399.55604883462826,0,0.1374529720870073,20.987385394351037,0.8196060788199302
2022-01-25,20.987385394351037,0.7709547052424403,0.1298634143804193,5.936658210633682,76.7,647.0588235294118,1,62.96215618305311,-0.00469767303415583,359.60044395116546,0,0.13456108741457512,20.987385394351037,0.32376023333789045
2022-01-26,20.987385394351037,0.6466588599128226,0.12488027690144742,5.178230509715722,73.6,547.1698113207547,1,62.96215618305311,-0.004983137478971875,-99.88901220865716,0,0.1298634143804193,20.987385394351037,0.7709547052424403
2022-01-27,20.987385394351037,0.3187297647478447,0.1149742454213522,2.772184010251851,48.6,288.5682574916759,1,62.96215618305311,-0.00990603148009521,-258.60155382907874,0,0.12488027690144742,20.987385394351037,0.6466588599128226
2022-01-28,20.987385394351037,0.40753604488908873,0.11291996919147884,3.6090697491958066,54.6,431.7425083240843,1,62.96215618305311,-0.002054276229873364,143.1742508324084,0,0.1149742454213522,20.987385394351037,0.3187297647478447
2022-01-29,20.987385394351037,16.784442770172955,2.118108046874928,7.924261840625574,90.3,852.3862375138734,2,62.96215618305311,2.005188077683449,420.6437291897891,1,0.11291996919147884,20.987385394351037,0.40753604488908873
2022-01-30,20.987385394351037,0.13839884939994232,0.10799911845929783,1.281481287757931,64.1,258.6015538290788,1,62.96215618305311,-2.01010892841563,-593.7846836847946,0,2.118108046874928,20.987385394351037,16.784442770172955
2022-01-31,20.987385394351037,0.44411385161310435,0.12216964995777167,3.6352224285378054,67.5,428.41287458379577,1,62.96215618305311,0.014170531498473846,169.81132075471697,0,0.10799911845929783,20.987385394351037,0.13839884939994232
2022-02-01,20.987385394351037,0.7924411000424497,0.12418266533738993,6.381253759447657,67.2,536.0710321864594,1,62.96215618305311,0.0020130153796182604,107.65815760266366,0,0.12216964995777167,20.987385394351037,0.44411385161310435
2022-02-02,20.987385394351037,0.34531392290153634,0.10734771113809789,3.2167795590658272,73.0,412.8745837957825,1,62.96215618305311,-0.01683495419929204,-123.19644839067695,0,0.12418266533738993,20.987385394351037,0.7924411000424497
2022-02-03,20.987385394351037,0.47790665743096655,0.12022182144860435,3.9752072599837867,65.4,402.88568257491676,1,62.96215618305311,0.012874110310506462,-9.988901220865728,0,0.10734771113809789,20.987385394351037,0.34531392290153634
2022-02-04,20.987385394351037,0.4745280494886061,0.11706147760190855,4.053665298009783,66.0,387.3473917869034,1,62.96215618305311,-0.0031603438466958067,-15.538290788013342,0,0.12022182144860435,20.987385394351037,0.47790665743096655
2022-02-05,20.987385394351037,0.3704729708109074,0.12536084057430674,2.9552527656458416,60.3,471.6981132075472,1,62.96215618305311,0.008299362972398194,84.35072142064377,0,0.11706147760190855,20.987385394351037,0.4745280494886061
2022-02-06,20.987385394351037,0.8756632236711976,0.12731077826431778,6.878154666945631,79.0,592.6748057713651,1,62.96215618305311,0.0019499376900110332,120.97669256381789,0,0.12536084057430674,20.987385394351037,0.3704729708109074
2022-02-07,20.987385394351037,0.5165965497799876,0.10563156296223197,4.890551036953737,77.0,530.5216426193119,1,62.96215618305311,-0.021679215302085802,-62.15316315205314,0,0.12731077826431778,20.987385394351037,0.8756632236711976
2022-02-08,20.987385394351037,0.37841592502027377,0.12262279427966276,3.086016162355834,56.6,306.32630410654826,1,62.96215618305311,0.016991231317430786,-224.19533851276367,0,0.10563156296223197,20.987385394351037,0.5165965497799876
2022-02-09,20.987385394351037,0.8416346848439425,0.12330109365662001,6.825849308261633,90.2,703.6625971143175,1,62.96215618305311,0.0006782993769572504,397.3362930077692,1,0.12262279427966276,20.987385394351037,0.37841592502027377
2022-02-10,20.987385394351037,0.8466701776801548,0.11946172540205192,7.0873761016816195,78.0,566.0377358490566,1,62.96215618305311,-0.0038393682545680846,-137.62486126526085,0,0.12330109365662001,20.987385394351037,0.8416346848439425
2022-02-11,20.987385394351037,0.29603903270915,0.11433984337070469,2.589115254857861,55.9,466.14872364039957,1,62.96215618305311,-0.0051218820313472385,-99.88901220865705,0,0.11946172540205192,20.987385394351037,0.8466701776801548
2022-02-12,20.987385394351037,0.6697979253527472,0.1191212245195953,5.622826058529697,82.0,627.0810210876804,1,62.96215618305311,0.004781381148890609,160.9322974472808,0,0.11433984337070469,20.987385394351037,0.29603903270915
2022-02-13,20.987385394351037,0.34466200734488156,0.10543072939876985,3.2690849177498245,59.3,226.41509433962264,1,62.96215618305311,-0.013690495120825444,-400.6659267480577,0,0.1191212245195953,20.987385394351037,0.6697979253527472
2022-02-14,20.987385394351037,0.6870111673981361,0.10855060333802695,6.32894840076366,80.4,544.9500554938957,1,62.96215618305311,0.003119873939257098,318.534961154273,0,0.10543072939876985,20.987385394351037,0.34466200734488156
2022-02-15,20.987385394351037,0.5356913331178451,0.1107201594833894,4.83824567826974,78.3,539.400665926748,1,62.96215618305311,0.0021695561453624473,-5.549389567147614,0,0.10855060333802695,20.987385394351037,0.6870111673981361
2022-02-16,20.987385394351037,0.5734704815512314,0.12114801548659905,4.733634960901745,85.7,481.6870144284129,1,62.96215618305311,0.010427856003209654,-57.71365149833514,1,0.1107201594833894,20.987385394351037,0.5356913331178451
2022-02-17,20.987385394351037,0.33000054148394203,0.12132914139155275,2.7198786515678544,55.4,264.1509433962264,1,62.96215618305311,0.0001811259049536995,-217.5360710321865,0,0.12114801548659905,20.987385394351037,0.5734704815512314
2022-02-18,20.987385394351037,0.7343399109733919,0.1123158207035583,6.538169835499649,75.1,610.4328523862375,1,62.96215618305311,-0.009013320687994444,346.2819089900111,0,0.12132914139155275,20.987385394351037,0.33000054148394203
2022-02-19,20.987385394351037,0.17628547775781883,0.12718165684954183,1.3860920051259256,40.6,332.96337402885683,1,62.96215618305311,0.014865836145983524,-277.4694783573807,0,0.1123158207035583,20.987385394351037,0.7343399109733919
2022-02-20,20.987385394351037,0.30657083206178876,0.11722348905546612,2.61526793419986,61.6,338.51276359600445,1,62.96215618305311,-0.009958167794075712,5.549389567147614,0,0.12718165684954183,20.987385394351037,0.17628547775781883
2022-02-21,20.987385394351037,0.32316267812070026,0.11336487452569918,2.850642048277847,56.4,248.6126526082131,1,62.96215618305311,-0.003858614529766935,-89.90011098779135,0,0.11722348905546612,20.987385394351037,0.30657083206178876
2022-02-22,20.987385394351037,0.6372767963639185,0.11333745517473093,5.622826058529697,70.3,543.840177580466,1,62.96215618305311,-2.7419350968255207e-05,295.2275249722529,0,0.11336487452569918,20.987385394351037,0.32316267812070026
2022-02-23,20.987385394351037,0.24100656892513939,0.10970676399988752,2.196825064727882,61.4,346.2819089900111,1,62.96215618305311,-0.003630691174843409,-197.55826859045493,0,0.11333745517473093,20.987385394351037,0.6372767963639185
2022-02-24,20.987385394351037,0.763820766478425,0.12019018373594868,6.355101080105658,85.9,604.8834628190899,1,62.96215618305311,0.010483419736061164,258.6015538290788,1,0.10970676399988752,20.987385394351037,0.24100656892513939
2022-02-25,20.987385394351037,0.48414457126518834,0.10700714434373988,4.524413526165757,71.1,499.44506104328525,1,62.96215618305311,-0.0131830393922088,-105.43840177580466,0,0.12019018373594868,20.987385394351037,0.763820766478425
2022-02-26,20.987385394351037,0.20613940503617134,0.10651557338335245,1.9352982713078961,60.6,229.7447280799112,1,62.96215618305311,-0.000491570960387433,-269.7003329633741,0,0.10700714434373988,20.987385394351037,0.48414457126518834
2022-02-27,20.987385394351037,0.20445938061243482,0.1042388444863689,1.9614509506498947,49.2,240.84350721420645,1,62.96215618305311,-0.0022767288969835486,11.098779134295256,0,0.10651557338335245,20.987385394351037,0.20613940503617134
2022-02-28,20.987385394351037,0.26394992523172117,0.11340059877623952,2.3275884614378755,56.5,314.09544950055493,1,62.96215618305311,0.009161754289870622,73.25194228634848,0,0.1042388444863689,20.987385394351037,0.20445938061243482
2022-03-01,20.987385394351037,0.5624162248681329,0.10916299081361822,5.152077830373724,78.7,442.8412874583796,1,62.96215618305311,-0.0042376079626213065,128.74583795782468,0,0.11340059877623952,20.987385394351037,0.26394992523172117
2022-03-02,20.987385394351037,0.6212975362695912,0.11153311687483734,5.5705206998457,70.6,537.180910099889,1,62.96215618305311,0.002370126061219127,94.33962264150944,0,0.10916299081361822,20.987385394351037,0.5624162248681329
2022-03-03,20.987385394351037,0.29490832335820877,0.107394376764265,2.7460313309098527,52.3,324.08435072142066,1,62.96215618305311,-0.004138740110572345,-213.09655937846838,0,0.11153311687483734,20.987385394351037,0.6212975362695912
2022-03-04,20.987385394351037,0.5962291645507812,0.10505997495358624,5.675131417213696,73.5,628.1908990011099,1,62.96215618305311,-0.00233440181067876,304.1065482796892,0,0.107394376764265,20.987385394351037,0.29490832335820877
2022-03-05,20.987385394351037,0.11808575860137743,0.07525408586068111,1.569160760519916,33.6,43.28523862375139,0,62.96215618305311,-0.02980588909290513,-584.9056603773585,0,0.10505997495358624,20.987385394351037,0.5962291645507812
2022-03-06,20.987385394351037,0.13880916808577193,0.0589738462232851,2.353741140779874,61.9,228.6348501664817,0,62.96215618305311,-0.016280239637396006,185.34961154273032,0,0.07525408586068111,20.987385394351037,0.11808575860137743
2022-03-07,20.987385394351037,0.2547389101601871,0.06957465505567907,3.6613751078798042,71.6,210.87680355160933,0,62.96215618305311,0.01060080883239397,-17.75804661487237,0,0.0589738462232851,20.987385394351037,0.13880916808577193
2022-03-08,20.987385394351037,0.18537126694809047,0.07789056191532014,2.3798938201218727,67.6,140.95449500554938,0,62.96215618305311,0.008315906859641065,-69.92230854605995,0,0.06957465505567907,20.987385394351037,0.2547389101601871
2022-03-09,20.987385394351037,0.21733199453126914,0.08068081043584598,2.6937259722258555,63.9,154.27302996670366,0,62.96215618305311,0.00279024852052584,13.318534961154285,0,0.07789056191532014,20.987385394351037,0.18537126694809047
2022-03-10,20.987385394351037,0.13458288218883357,0.0816832645437211,1.6476187985459112,65.1,170.9211986681465,0,62.96215618305311,0.0010024541078751253,16.64816870144284,0,0.08068081043584598,20.987385394351037,0.21733199453126914
2022-03-11,20.987385394351037,0.013060800283494826,0.08323430340666524,0.1569160760519916,38.0,0.0,0,62.96215618305311,0.0015510388629441374,-170.9211986681465,0,0.0816832645437211,20.987385394351037,0.13458288218883357
2022-03-12,20.987385394351037,0.043247235289046546,0.07874497789272726,0.5492062661819704,39.9,51.054384017758046,0,62.96215618305311,-0.004489325513937978,51.054384017758046,0,0.08323430340666524,20.987385394351037,0.013060800283494826
2022-03-13,20.987385394351037,0.003666997246976572,0.07010748686632161,0.05230535868399716,39.7,12.208657047724751,0,62.96215618305311,-0.008637491026405653,-38.8457269700333,0,0.07874497789272726,20.987385394351037,0.043247235289046546
2022-03-14,20.987385394351037,0.13781959606487812,0.06756163967606081,2.0399089886758905,52.1,200.8879023307436,0,62.96215618305311,-0.002545847190260797,188.67924528301884,0,0.07010748686632161,20.987385394351037,0.003666997246976572
2022-03-15,20.987385394351037,1.1428402165979692,0.19773204236224673,5.77974213458169,70.4,501.6648168701443,1,62.96215618305311,0.1301704026861859,300.7769145394007,0,0.06756163967606081,20.987385394351037,0.13781959606487812
2022-03-16,20.987385394351037,0.101716747912999,0.07338383565942154,1.3860920051259256,67.4,235.2941176470588,0,62.96215618305311,-0.12434820670282519,-266.37069922308547,0,0.19773204236224673,20.987385394351037,1.1428402165979692
2022-03-17,20.987385394351037,0.23385716584177146,0.06825951488772376,3.426000993801816,61.8,256.3817980022198,0,62.96215618305311,-0.005124320771697777,21.087680355160984,0,0.07338383565942154,20.987385394351037,0.101716747912999
2022-03-18,20.987385394351037,0.02805412534520393,0.06704409942653516,0.41844286947197745,30.4,94.33962264150944,0,62.96215618305311,-0.0012154154611885987,-162.04217536071036,0,0.06825951488772376,20.987385394351037,0.23385716584177146
2022-03-19,20.987385394351037,0.13254859833474936,0.06180805798202206,2.144519706043885,67.2,203.10765815760269,0,62.96215618305311,-0.005236041444513104,108.76803551609325,0,0.06704409942653516,20.987385394351037,0.02805412534520393
2022-03-20,20.987385394351037,0.054140115834022264,0.06469236278579715,0.836885738943955,42.7,12.208657047724751,0,62.96215618305311,0.0028843048037750924,-190.89900110987793,0,0.06180805798202206,20.987385394351037,0.13254859833474936
2022-03-21,20.987385394351037,0.074926082163171,0.06987679521154071,1.0722598530219423,36.5,142.0643729189789,0,62.96215618305311,0.005184432425743554,129.85571587125415,0,0.06469236278579715,20.987385394351037,0.054140115834022264
2022-03-22,20.987385394351037,0.17776589469288287,0.07154983700391326,2.4845045374898667,69.5,208.65704772475027,0,62.96215618305311,0.0016730417923725566,66.59267480577137,0,0.06987679521154071,20.987385394351037,0.074926082163171
2022-03-23,20.987385394351037,0.1891291731035778,0.07533054366626564,2.5106572168318655,75.7,255.27192008879024,0,62.96215618305311,0.003780706662352376,46.61487236403997,0,0.07154983700391326,20.987385394351037,0.17776589469288287
2022-03-24,20.987385394351037,0.08703998626597534,0.0679213868337163,1.281481287757931,50.7,186.45948945615982,0,62.96215618305311,-0.007409156832549335,-68.81243063263042,0,0.07533054366626564,20.987385394351037,0.1891291731035778
2022-03-25,20.987385394351037,0.046927688694514656,0.0640847868790056,0.7322750215759606,33.4,59.933407325194224,0,62.96215618305311,-0.0038365999547107094,-126.52608213096559,0,0.0679213868337163,20.987385394351037,0.08703998626597534
2022-03-26,20.987385394351037,0.13525784173526445,0.06307139139550372,2.144519706043885,57.3,170.9211986681465,0,62.96215618305311,-0.0010133954835018777,110.98779134295228,0,0.0640847868790056,20.987385394351037,0.046927688694514656
2022-03-27,20.987385394351037,0.0016171651344219363,0.061835543244891676,0.026152679341998546,34.3,48.834628190899004,0,62.96215618305311,-0.0012358481506120414,-122.0865704772475,0,0.06307139139550372,20.987385394351037,0.13525784173526445
2022-03-28,20.987385394351037,0.14835378476488104,0.06596050776807853,2.2491304234118794,71.1,240.84350721420645,0,62.96215618305311,0.004124964523186857,192.00887902330746,0,0.061835543244891676,20.987385394351037,0.0016171651344219363
2022-03-29,20.987385394351037,0.17285603174718805,0.09309149416784827,1.8568402332819003,56.1,145.3940066592675,0,62.96215618305311,0.02713098639976974,-95.44950055493896,0,0.06596050776807853,20.987385394351037,0.14835378476488104
2022-03-30,20.987385394351037,0.4348794291718645,0.1385707061103715,3.138321521039831,64.8,344.062153163152,1,62.96215618305311,0.04547921194252323,198.66814650388451,0,0.09309149416784827,20.987385394351037,0.17285603174718805
2022-03-31,20.987385394351037,0.2236870555440985,0.10304966196192399,2.170672385385884,66.6,423.9733629300777,1,62.96215618305311,-0.03552104414844752,79.91120976692571,0,0.1385707061103715,20.987385394351037,0.4348794291718645
2022-04-01,20.987385394351037,0.08073022769218574,0.09354187018988198,0.8630384182859536,36.3,48.834628190899004,0,62.96215618305311,-0.009507791772042001,-375.1387347391787,0,0.10304966196192399,20.987385394351037,0.2236870555440985
2022-04-02,20.987385394351037,0.27743972165017494,0.08624766371331492,3.2167795590658272,73.4,256.3817980022198,0,62.96215618305311,-0.007294206476567061,207.5471698113208,0,0.09354187018988198,20.987385394351037,0.08073022769218574
2022-04-03,20.987385394351037,0.12655379258574742,0.08065062278502036,1.569160760519916,59.9,146.503884572697,0,62.96215618305311,-0.005597040928294564,-109.8779134295228,0,0.08624766371331492,20.987385394351037,0.27743972165017494
2022-04-04,20.987385394351037,0.19128838472965284,0.07619056215528888,2.5106572168318655,57.5,207.54716981132077,0,62.96215618305311,-0.004460060629731477,61.04328523862378,0,0.08065062278502036,20.987385394351037,0.12655379258574742
2022-04-05,20.987385394351037,0.11461663132316381,0.07304326886506354,1.569160760519916,53.1,296.33740288568254,0,62.96215618305311,-0.003147293290225339,88.79023307436177,0,0.07619056215528888,20.987385394351037,0.19128838472965284
2022-04-06,20.987385394351037,0.04733645174432398,0.044146436715797946,1.0722598530219423,52.5,130.9655937846837,0,62.96215618305311,-0.028896832149265597,-165.37180910099883,0,0.07304326886506354,20.987385394351037,0.11461663132316381
2022-04-07,20.987385394351037,0.0027709667580159145,0.0031162781154780725,0.8891910976279525,35.8,82.1309655937847,0,62.96215618305311,-0.041030158600319874,-48.83462819089901,0,0.044146436715797946,20.987385394351037,0.04733645174432398
2022-04-08,20.987385394351037,0.0,0.0,2.432199178805869,73.8,268.5904550499445,0,62.96215618305311,-0.0031162781154780725,186.45948945615982,0,0.0031162781154780725,20.987385394351037,0.0027709667580159145
2022-04-09,20.987385394351037,0.028870357262044986,0.03806606381478669,0.7584277009179592,37.4,55.49389567147614,0,62.96215618305311,0.03806606381478669,-213.09655937846838,0,0.0,20.987385394351037,0.0
2022-04-10,20.987385394351037,0.09416572164684736,0.04138637584609771,2.2752831027538782,47.1,194.2286348501665,0,62.96215618305311,0.003320312031311022,138.73473917869035,0,0.03806606381478669,20.987385394351037,0.028870357262044986
2022-04-11,20.987385394351037,0.08707226087821304,0.041103481965434945,2.1183670267018866,65.3,227.52497225305214,0,62.96215618305311,-0.0002828938806627643,33.296337402885655,0,0.04138637584609771,20.987385394351037,0.09416572164684736
2022-04-12,20.987385394351037,0.09639137667378124,0.040952411887504134,2.353741140779874,46.7,188.67924528301887,0,62.96215618305311,-0.0001510700779308108,-38.84572697003327,0,0.041103481965434945,20.987385394351037,0.08707226087821304
2022-04-13,20.987385394351037,0.13863058236864687,0.047755113315585115,2.9029474069618444,73.3,207.54716981132077,0,62.96215618305311,0.006802701428080982,18.8679245283019,0,0.040952411887504134,20.987385394351037,0.09639137667378124
2022-04-14,20.987385394351037,0.017096987919004523,0.05447812725491464,0.3138321521039832,27.2,83.24084350721421,0,62.96215618305311,0.006723013939329524,-124.30632630410656,0,0.047755113315585115,20.987385394351037,0.13863058236864687
2022-04-15,20.987385394351037,0.059517579910222454,0.0632159361951993,0.9414964563119497,55.5,103.21864594894562,0,62.96215618305311,0.008737808940284662,19.977802441731413,0,0.05447812725491464,20.987385394351037,0.017096987919004523
2022-04-16,20.987385394351037,0.08249469860874502,0.07168976797051323,1.1507178910479383,42.6,59.933407325194224,0,62.96215618305311,0.008473831775313925,-43.2852386237514,0,0.0632159361951993,20.987385394351037,0.059517579910222454
2022-04-17,20.987385394351037,0.07906895964913609,0.07031069325823293,1.1245652117059395,41.4,142.0643729189789,0,62.96215618305311,-0.0013790747122802982,82.13096559378468,0,0.07168976797051323,20.987385394351037,0.08249469860874502
2022-04-18,20.987385394351037,0.0495640000254229,0.09475893344860473,0.5230535868399719,27.9,98.77913429522752,0,62.96215618305311,0.024448240190371798,-43.28523862375138,0,0.07031069325823293,20.987385394351037,0.07906895964913609
2022-04-19,20.987385394351037,0.03972105036337082,0.07594069013721047,0.5230535868399719,27.8,99.88901220865705,0,62.96215618305311,-0.018818243311394256,1.1098779134295285,0,0.09475893344860473,20.987385394351037,0.0495640000254229
2022-04-20,20.987385394351037,0.03577652052947406,0.050666178351314796,0.706122342233962,39.2,142.0643729189789,0,62.96215618305311,-0.025274511785895674,42.175360710321854,0,0.07594069013721047,20.987385394351037,0.03972105036337082
2022-04-21,20.987385394351037,0.06999249688861954,0.0446050517255024,1.569160760519916,41.0,115.42730299667036,0,62.96215618305311,-0.006061126625812395,-26.63706992230854,0,0.050666178351314796,20.987385394351037,0.03577652052947406
2022-04-22,20.987385394351037,0.06621698182491816,0.04150719236130155,1.5953134398619144,45.9,140.95449500554938,0,62.96215618305311,-0.0030978593642008515,25.527192008879013,0,0.0446050517255024,20.987385394351037,0.06999249688861954
2022-04-23,20.987385394351037,0.06555264322715566,0.041090760968471314,1.5953134398619144,61.8,173.14095449500556,0,62.96215618305311,-0.00041643139283023545,32.18645948945618,0,0.04150719236130155,20.987385394351037,0.06621698182491816
2022-04-24,20.987385394351037,0.09793836318125573,0.04354499061583342,2.2491304234118794,56.3,132.0754716981132,0,62.96215618305311,0.0024542296473621036,-41.065482796892354,0,0.041090760968471314,20.987385394351037,0.06555264322715566
2022-04-25,20.987385394351037,0.054517326385885356,0.03474298348361829,1.569160760519916,53.4,64.37291897891231,0,62.96215618305311,-0.008802007132215128,-67.7025527192009,0,0.04354499061583342,20.987385394351037,0.09793836318125573
2022-04-26,20.987385394351037,0.09417485036847867,0.03957103025867601,2.3798938201218727,54.4,166.48168701442842,0,62.96215618305311,0.004828046775057722,102.1087680355161,0,0.03474298348361829,20.987385394351037,0.054517326385885356
2022-04-27,20.987385394351037,0.03673245369260628,0.04256178278315716,0.8630384182859536,47.7,1.1098779134295227,0,62.96215618305311,0.0029907525244811453,-165.3718091009989,0,0.03957103025867601,20.987385394351037,0.09417485036847867
2022-04-28,20.987385394351037,0.07584571710078394,0.039727571024420205,1.9091455919658975,43.6,139.84461709211988,0,62.96215618305311,-0.0028342117587369514,138.73473917869035,0,0.04256178278315716,20.987385394351037,0.03673245369260628
2022-04-29,20.987385394351037,0.0274827310696618,0.02563066311977215,1.0722598530219423,37.8,126.52608213096558,0,62.96215618305311,-0.014096907904648057,-13.318534961154299,0,0.039727571024420205,20.987385394351037,0.07584571710078394
2022-04-30,20.987385394351037,0.004042113966469138,0.02575971862264673,0.1569160760519916,22.8,97.66925638179801,0,62.96215618305311,0.0001290555028745817,-28.85682574916757,0,0.02563066311977215,20.987385394351037,0.0274827310696618
2022-05-01,20.987385394351037,0.04486264394205797,0.02560317785690254,1.7522295159139056,41.1,103.21864594894562,0,62.96215618305311,-0.00015654076574419043,5.549389567147614,0,0.02575971862264673,20.987385394351037,0.004042113966469138
2022-05-02,20.987385394351037,0.04548720208634952,0.022588235664620076,2.013756309333892,53.2,170.9211986681465,0,62.96215618305311,-0.003014942192282464,67.70255271920088,0,0.02560317785690254,20.987385394351037,0.04486264394205797
2022-05-03,20.987385394351037,0.009734747304372416,0.031018961056440662,0.3138321521039832,44.9,126.52608213096558,0,62.96215618305311,0.008430725391820586,-44.395116537180925,0,0.022588235664620076,20.987385394351037,0.04548720208634952
2022-05-04,20.987385394351037,0.06917678231909646,0.036737675354656815,1.882992912623899,48.9,173.14095449500556,0,62.96215618305311,0.005718714298216153,46.61487236403998,0,0.031018961056440662,20.987385394351037,0.009734747304372416
2022-05-05,20.987385394351037,0.049278714908141,0.025811920848528586,1.9091455919658975,56.7,123.19644839067703,0,62.96215618305311,-0.010925754506128229,-49.944506104328525,0,0.036737675354656815,20.987385394351037,0.06917678231909646
2022-05-06,20.987385394351037,0.16220058715263183,0.06460483178078313,2.5106572168318655,51.4,201.99778024417313,0,62.96215618305311,0.03879291093225455,78.8013318534961,0,0.025811920848528586,20.987385394351037,0.049278714908141
2022-05-07,20.987385394351037,0.10968335593987126,0.0566751686631467,1.9352982713078961,64.1,117.6470588235294,0,62.96215618305311,-0.007929663117636432,-84.35072142064372,0,0.06460483178078313,20.987385394351037,0.16220058715263183
2022-05-08,20.987385394351037,0.06562383083866742,0.03636606405475544,1.804534874597903,63.2,196.44839067702551,0,62.96215618305311,-0.020309104608391262,78.80133185349611,0,0.0566751686631467,20.987385394351037,0.10968335593987126
2022-05-09,20.987385394351037,0.04991863990105119,0.02688364836473935,1.8568402332819003,39.4,61.043285238623746,0,62.96215618305311,-0.00948241569001609,-135.40510543840176,0,0.03636606405475544,20.987385394351037,0.06562383083866742
2022-05-10,20.987385394351037,0.10026051999242643,0.04212814838407041,2.3798938201218727,61.0,166.48168701442842,0,62.96215618305311,0.015244500019331062,105.43840177580466,0,0.02688364836473935,20.987385394351037,0.04991863990105119
2022-05-11,20.987385394351037,0.6160453268788975,0.11896830890842623,5.178230509715722,70.5,440.6215316315205,1,62.96215618305311,0.07684016052435583,274.1398446170921,0,0.04212814838407041,20.987385394351037,0.10026051999242643
2022-05-12,20.987385394351037,0.3203773475688515,0.12500274121418542,2.5629625755158623,67.3,416.204217536071,1,62.96215618305311,0.006034432305759188,-24.417314095449512,0,0.11896830890842623,20.987385394351037,0.6160453268788975
2022-05-13,20.987385394351037,0.5103675597280465,0.11616026417453158,4.393650129455764,68.9,539.400665926748,1,62.96215618305311,-0.008842477039653837,123.19644839067706,0,0.12500274121418542,20.987385394351037,0.3203773475688515
2022-05-14,20.987385394351037,0.44861450158704563,0.1299520658877565,3.4521536731438145,60.9,375.1387347391787,1,62.96215618305311,0.01379180171322493,-164.26193118756936,0,0.11616026417453158,20.987385394351037,0.5103675597280465
2022-05-15,20.987385394351037,0.07316409157470535,0.06823354559858556,1.0722598530219423,40.0,189.7891231964484,0,62.96215618305311,-0.06171852028917095,-185.3496115427303,0,0.1299520658877565,20.987385394351037,0.44861450158704563
2022-05-16,20.987385394351037,0.11549465991818261,0.06308813301845068,1.8306875539399017,48.3,184.23973362930076,0,62.96215618305311,-0.0051454125801348866,-5.549389567147642,0,0.06823354559858556,20.987385394351037,0.07316409157470535
2022-05-17,20.987385394351037,0.6319751063071002,0.09944375366199418,6.355101080105658,89.1,564.927857935627,1,62.96215618305311,0.0363556206435435,380.68812430632624,1,0.06308813301845068,20.987385394351037,0.11549465991818261
2022-05-18,20.987385394351037,0.6393920071631923,0.11012807287341883,5.805894813923688,87.5,648.1687014428413,1,62.96215618305311,0.010684319211424653,83.24084350721432,1,0.09944375366199418,20.987385394351037,0.6319751063071002
2022-05-19,20.987385394351037,0.5612891488252122,0.1192334065757202,4.707482281559747,59.0,427.30299667036627,1,62.96215618305311,0.009105333702301363,-220.86570477247506,0,0.11012807287341883,20.987385394351037,0.6393920071631923
2022-05-20,20.987385394351037,0.9180266424015104,0.21939115453441588,4.1844286947197755,61.4,463.92896781354057,1,62.96215618305311,0.10015774795869568,36.6259711431743,0,0.1192334065757202,20.987385394351037,0.5612891488252122
2022-05-21,20.987385394351037,0.1931302045820132,0.07384719632602435,2.61526793419986,60.6,192.00887902330743,0,62.96215618305311,-0.14554395820839153,-271.92008879023314,0,0.21939115453441588,20.987385394351037,0.9180266424015104
2022-05-22,20.987385394351037,0.07458842878448532,0.05820485207004827,1.281481287757931,46.9,96.55937846836848,0,62.96215618305311,-0.015642344255976083,-95.44950055493895,0,0.07384719632602435,20.987385394351037,0.1931302045820132
2022-05-23,20.987385394351037,5.276307174913776,0.9047092262205291,5.832047493265687,74.5,596.0044395116537,1,62.96215618305311,0.8465043741504809,499.4450610432852,0,0.05820485207004827,20.987385394351037,0.07458842878448532
2022-05-24,20.987385394351037,0.12005738085703313,0.06040307989250492,1.9876036299918933,63.1,186.45948945615982,0,62.96215618305311,-0.8443061463280241,-409.54495005549387,0,0.9047092262205291,20.987385394351037,5.276307174913776
2022-05-25,20.987385394351037,0.005495052988830865,0.00677788197206212,0.8107330596019564,53.4,72.14206437291898,0,62.96215618305311,-0.053625197920442805,-114.31742508324083,0,0.06040307989250492,20.987385394351037,0.12005738085703313
2022-05-26,20.987385394351037,0.0,0.006498349598369018,0.0,37.3,19.977802441731413,0,62.96215618305311,-0.0002795323736931024,-52.16426193118757,0,0.00677788197206212,20.987385394351037,0.005495052988830865
2022-05-27,20.987385394351037,0.027348137034723146,0.009865195432044421,2.772184010251851,62.3,219.75582685904553,0,62.96215618305311,0.0033668458336754033,199.7780244173141,0,0.006498349598369018,20.987385394351037,0.0
2022-05-28,20.987385394351037,0.08776234321288762,0.09587910621231949,0.9153437769699511,33.2,74.36182019977802,0,62.96215618305311,0.08601391078027507,-145.39400665926752,0,0.009865195432044421,20.987385394351037,0.027348137034723146
2022-05-29,20.987385394351037,0.004350825992421588,0.00639855897970093,0.6799696628919636,40.8,140.95449500554938,0,62.96215618305311,-0.08948054723261856,66.59267480577135,0,0.09587910621231949,20.987385394351037,0.08776234321288762
2022-05-30,20.987385394351037,0.0029837846899831073,0.007606065012725605,0.39229019012997884,48.7,89.90011098779134,0,62.96215618305311,0.0012075060330246747,-51.05438401775804,0,0.00639855897970093,20.987385394351037,0.004350825992421588
2022-05-31,20.987385394351037,0.007766401983944199,0.007243022260001812,1.0722598530219423,38.3,104.32852386237514,0,62.96215618305311,-0.00036304275272379307,14.428412874583799,0,0.007606065012725605,20.987385394351037,0.0029837846899831073
2022-06-01,20.987385394351037,0.008200585701163447,0.0060301114510651265,1.3599393257839272,44.9,102.10876803551609,0,62.96215618305311,-0.0012129108089366852,-2.2197558268590427,0,0.007243022260001812,20.987385394351037,0.007766401983944199
2022-06-02,20.987385394351037,0.010975805575574408,0.005246023472415481,2.0922143473598878,57.1,204.21753607103219,0,62.96215618305311,-0.0007840879786496458,102.10876803551609,0,0.0060301114510651265,20.987385394351037,0.008200585701163447
2022-06-03,20.987385394351037,0.0,0.0074677818436597885,0.0,30.4,7.769145394006659,0,62.96215618305311,0.0022217583712443078,-196.44839067702551,0,0.005246023472415481,20.987385394351037,0.010975805575574408
2022-06-04,20.987385394351037,0.030194210057005375,0.013119727385792205,2.3014357820958766,65.1,213.09655937846836,0,62.96215618305311,0.0056519455421324164,205.32741398446169,0,0.0074677818436597885,20.987385394351037,0.0
2022-06-05,20.987385394351037,0.02491426401530876,0.012534825173070537,1.9876036299918933,68.9,158.71254162042175,0,62.96215618305311,-0.0005849022127216684,-54.38401775804661,0,0.013119727385792205,20.987385394351037,0.030194210057005375
2022-06-06,20.987385394351037,0.02697189944057244,0.016906959326379804,1.5953134398619144,43.5,187.56936736958934,0,62.96215618305311,0.004372134153309268,28.856825749167598,0,0.012534825173070537,20.987385394351037,0.02491426401530876
2022-06-07,20.987385394351037,0.0,0.014576709965487098,0.0,41.1,49.944506104328525,0,62.96215618305311,-0.002330249360892706,-137.62486126526082,0,0.016906959326379804,20.987385394351037,0.02697189944057244
2022-06-08,20.987385394351037,0.023894062283773106,0.01251557889787167,1.9091455919658975,56.8,193.11875693673696,0,62.96215618305311,-0.002061131067615428,143.17425083240843,0,0.014576709965487098,20.987385394351037,0.0
2022-06-09,20.987385394351037,0.007473751883525107,0.012424950033493455,0.6015116248659677,29.5,69.92230854605994,0,62.96215618305311,-9.062886437821542e-05,-123.19644839067702,0,0.01251557889787167,20.987385394351037,0.023894062283773106
2022-06-10,20.987385394351037,0.008954872660888645,0.01070023331044997,0.836885738943955,50.3,95.44950055493896,0,62.96215618305311,-0.0017247167230434856,25.527192008879027,0,0.012424950033493455,20.987385394351037,0.007473751883525107
2022-06-11,20.987385394351037,0.027557175698206135,0.011091618180761133,2.4845045374898667,54.0,233.07436182019978,0,62.96215618305311,0.00039138487031116324,137.62486126526082,0,0.01070023331044997,20.987385394351037,0.008954872660888645
2022-06-12,20.987385394351037,0.04124765009411095,0.013957401740252388,2.9552527656458416,65.7,263.04106548279685,0,62.96215618305311,0.0028657835594912556,29.96670366259707,0,0.011091618180761133,20.987385394351037,0.027557175698206135
2022-06-13,20.987385394351037,0.038517702820232175,0.016184630799310075,2.3798938201218727,48.9,169.81132075471697,0,62.96215618305311,0.0022272290590576865,-93.22974472807988,0,0.013957401740252388,20.987385394351037,0.04124765009411095
2022-06-14,20.987385394351037,0.00538813462643143,0.011445894650603252,0.4707482281559747,46.0,99.88901220865705,0,62.96215618305311,-0.004738736148706823,-69.92230854605992,0,0.016184630799310075,20.987385394351037,0.038517702820232175
2022-06-15,20.987385394351037,0.02451273451095901,0.011158255113042134,2.196825064727882,57.2,195.33851276359601,0,62.96215618305311,-0.00028763953756111814,95.44950055493896,0,0.011445894650603252,20.987385394351037,0.00538813462643143
2022-06-16,20.987385394351037,0.011083100065203435,0.007995933909305352,1.3860920051259256,58.1,128.74583795782462,0,62.96215618305311,-0.003162321203736782,-66.5926748057714,0,0.011158255113042134,20.987385394351037,0.02451273451095901
2022-06-17,20.987385394351037,0.007471968761205625,0.00583072794943305,1.281481287757931,42.8,89.90011098779134,0,62.96215618305311,-0.0021652059598723013,-38.84572697003328,0,0.007995933909305352,20.987385394351037,0.011083100065203435
2022-06-18,20.987385394351037,0.010352499847044996,0.005736935313789267,1.804534874597903,60.7,135.4051054384018,0,62.96215618305311,-9.37926356437838e-05,45.504994450610454,0,0.00583072794943305,20.987385394351037,0.007471968761205625
2022-06-19,20.987385394351037,0.0021449192653879446,0.0054676851967092556,0.39229019012997884,28.8,38.8457269700333,0,62.96215618305311,-0.000269250117080011,-96.5593784683685,0,0.005736935313789267,20.987385394351037,0.010352499847044996
2022-06-20,20.987385394351037,0.002623653692938415,0.005280034013520323,0.49690090749797333,50.1,69.92230854605994,0,62.96215618305311,-0.0001876511831889324,31.07658157602664,0,0.0054676851967092556,20.987385394351037,0.0021449192653879446
2022-06-21,20.987385394351037,0.008275615412678758,0.005103785589267704,1.6214661192039126,54.6,127.63596004439512,0,62.96215618305311,-0.00017624842425261952,57.71365149833518,0,0.005280034013520323,20.987385394351037,0.002623653692938415
2022-06-22,20.987385394351037,0.0029219579405884736,0.006572170927898909,0.44459554881397606,27.6,14.428412874583795,0,62.96215618305311,0.0014683853386312055,-113.20754716981132,0,0.005103785589267704,20.987385394351037,0.008275615412678758
2022-06-23,20.987385394351037,0.0036549936687471887,0.011646332742657183,0.3138321521039832,26.6,16.64816870144284,0,62.96215618305311,0.005074161814758274,2.2197558268590463,0,0.006572170927898909,20.987385394351037,0.0029219579405884736
2022-06-24,20.987385394351037,0.031161203722256472,0.011456836026230002,2.7198786515678544,68.6,186.45948945615982,0,62.96215618305311,-0.00018949671642718054,169.81132075471697,0,0.011646332742657183,20.987385394351037,0.0036549936687471887
2022-06-25,20.987385394351037,0.02249115579340463,0.011466590987632167,1.9614509506498947,70.0,241.95338512763595,0,62.96215618305311,9.754961402165183e-06,55.49389567147614,0,0.011456836026230002,20.987385394351037,0.031161203722256472
2022-06-26,20.987385394351037,0.02298788200496935,0.010987345552800159,2.0922143473598878,55.7,126.52608213096558,0,62.96215618305311,-0.0004792454348320086,-115.42730299667038,0,0.011466590987632167,20.987385394351037,0.02249115579340463
2022-06-27,20.987385394351037,0.0188319574635164,0.010747426231828007,1.7522295159139056,71.6,172.031076581576,0,62.96215618305311,-0.00023991932097215153,45.504994450610425,0,0.010987345552800159,20.987385394351037,0.02298788200496935
2022-06-28,20.987385394351037,0.04314567492108855,0.011868785409767352,3.6352224285378054,75.9,286.34850166481687,0,62.96215618305311,0.0011213591779393444,114.31742508324086,0,0.010747426231828007,20.987385394351037,0.0188319574635164
2022-06-29,20.987385394351037,0.26737314898269343,0.18256334102948651,1.4645500431519216,56.0,218.64594894561597,1,62.96215618305311,0.17069455561971916,-67.7025527192009,0,0.011868785409767352,20.987385394351037,0.04314567492108855
2022-06-30,20.987385394351037,0.017570604878754188,0.013996817057269241,1.2553286084159327,49.6,82.1309655937847,0,62.96215618305311,-0.16856652397221727,-136.5149833518313,0,0.18256334102948651,20.987385394351037,0.26737314898269343
2022-07-01,20.987385394351037,0.02503195611298054,0.018767586390039934,1.3337866464419283,46.9,159.8224195338513,0,62.96215618305311,0.004770769332770692,77.69145394006661,0,0.013996817057269241,20.987385394351037,0.017570604878754188
2022-07-02,20.987385394351037,0.02215975085848665,0.021183059839398843,1.0461071736799439,34.2,42.17536071032187,0,62.96215618305311,0.002415473449358909,-117.64705882352943,0,0.018767586390039934,20.987385394351037,0.02503195611298054
2022-07-03,20.987385394351037,0.0563554026260023,0.020522490763909038,2.7460313309098527,61.0,163.15205327413983,0,62.96215618305311,-0.0006605690754898051,120.97669256381796,0,0.021183059839398843,20.987385394351037,0.02215975085848665
2022-07-04,20.987385394351037,0.03134123527969197,0.01997324688982636,1.569160760519916,65.1,145.3940066592675,0,62.96215618305311,-0.0005492438740826791,-17.75804661487234,0,0.020522490763909038,20.987385394351037,0.0563554026260023
2022-07-05,20.987385394351037,0.04402438990520706,0.018498468096762654,2.3798938201218727,52.9,172.031076581576,0,62.96215618305311,-0.0014747787930637045,26.637069922308513,0,0.01997324688982636,20.987385394351037,0.03134123527969197
2022-07-06,20.987385394351037,0.031748141421086194,0.024279073670361456,1.3076339670999295,26.7,44.39511653718091,0,62.96215618305311,0.0057806055735988016,-127.63596004439509,0,0.018498468096762654,20.987385394351037,0.04402438990520706
2022-07-07,20.987385394351037,0.0031942582995322724,0.024427770919843095,0.13076339670999296,38.2,89.90011098779134,0,62.96215618305311,0.00014869724948163993,45.504994450610425,0,0.024279073670361456,20.987385394351037,0.031748141421086194
2022-07-08,20.987385394351037,0.0825578701508873,0.03064820661125705,2.6937259722258555,64.2,230.85460599334073,0,62.96215618305311,0.006220435691413954,140.9544950055494,0,0.024427770919843095,20.987385394351037,0.0031942582995322724
2022-07-09,20.987385394351037,0.0508600416334437,0.038894708238759734,1.3076339670999295,43.4,35.516093229744726,0,62.96215618305311,0.008246501627502685,-195.338512763596,0,0.03064820661125705,20.987385394351037,0.0825578701508873
2022-07-10,20.987385394351037,0.0346776670691145,0.04910999836006411,0.706122342233962,40.2,127.63596004439512,0,62.96215618305311,0.010215290121304378,92.1198668146504,0,0.038894708238759734,20.987385394351037,0.0508600416334437
2022-07-11,20.987385394351037,0.03761065139835773,0.04494120242246888,0.836885738943955,40.3,136.5149833518313,0,62.96215618305311,-0.0041687959375952335,8.87902330743617,0,0.04910999836006411,20.987385394351037,0.0346776670691145
2022-07-12,20.987385394351037,0.04884339905140822,0.03220043188842578,1.5168554018359188,47.4,72.14206437291898,0,62.96215618305311,-0.0127407705340431,-64.37291897891231,0,0.04494120242246888,20.987385394351037,0.03761065139835773
2022-07-13,20.987385394351037,0.06031178800051854,0.022174440747844484,2.7198786515678544,58.9,197.55826859045504,0,62.96215618305311,-0.010025991140581295,125.41620421753606,0,0.03220043188842578,20.987385394351037,0.04884339905140822
2022-07-14,20.987385394351037,0.0479826430392883,0.04169800731575605,1.1507178910479383,59.5,153.16315205327413,0,62.96215618305311,0.019523566567911564,-44.39511653718091,0,0.022174440747844484,20.987385394351037,0.06031178800051854
2022-07-15,20.987385394351037,0.01751409076271918,0.04783473489243521,0.3661375107879804,27.9,76.58157602663707,0,62.96215618305311,0.006136727576679164,-76.58157602663707,0,0.04169800731575605,20.987385394351037,0.0479826430392883
2022-07-16,20.987385394351037,0.010755785634571401,0.04569655281212296,0.2353741140779873,40.8,23.307436182019977,0,62.96215618305311,-0.0021381820803122523,-53.27413984461709,0,0.04783473489243521,20.987385394351037,0.01751409076271918
2022-07-17,20.987385394351037,0.15365134815265966,0.057040452420516946,2.6937259722258555,57.1,319.6448390677026,0,62.96215618305311,0.011343899608393986,296.33740288568265,0,0.04569655281212296,20.987385394351037,0.010755785634571401
2022-07-18,20.987385394351037,0.03637074084957559,0.03476770044663053,1.0461071736799439,65.0,240.84350721420645,0,62.96215618305311,-0.022272751973886416,-78.80133185349615,0,0.057040452420516946,20.987385394351037,0.15365134815265966
2022-07-19,20.987385394351037,0.03845855400362853,0.031288079349717945,1.2291759290739341,62.9,167.59156492785792,0,62.96215618305311,-0.0034796210969125843,-73.25194228634854,0,0.03476770044663053,20.987385394351037,0.03637074084957559
2022-07-20,20.987385394351037,0.06149754104618392,0.027028522723941763,2.2752831027538782,64.7,127.63596004439512,0,62.96215618305311,-0.004259556625776182,-39.9556048834628,0,0.031288079349717945,20.987385394351037,0.03845855400362853
2022-07-21,20.987385394351037,0.03226112088834858,0.0256993433209955,1.2553286084159327,65.7,198.66814650388457,0,62.96215618305311,-0.001329179402946263,71.03218645948945,0,0.027028522723941763,20.987385394351037,0.06149754104618392
2022-07-22,20.987385394351037,0.0145209917783417,0.03470244766427822,0.41844286947197745,39.3,14.428412874583795,0,62.96215618305311,0.00900310434328272,-184.2397336293008,0,0.0256993433209955,20.987385394351037,0.03226112088834858
2022-07-23,20.987385394351037,0.08023453060747075,0.04793637104434154,1.6737714778879098,50.7,169.81132075471697,0,62.96215618305311,0.013233923380063323,155.3829078801332,0,0.03470244766427822,20.987385394351037,0.0145209917783417
2022-07-24,20.987385394351037,0.10105219617072718,0.046553407529880644,2.170672385385884,57.9,186.45948945615982,0,62.96215618305311,-0.0013829635144608984,16.64816870144284,0,0.04793637104434154,20.987385394351037,0.08023453060747075
2022-07-25,20.987385394351037,0.05746194118273079,0.048826049888979484,1.1768705703899367,45.8,94.33962264150944,0,62.96215618305311,0.0022726423590988393,-92.11986681465038,0,0.046553407529880644,20.987385394351037,0.10105219617072718
2022-07-26,20.987385394351037,0.0744178070960283,0.03695472324585497,2.013756309333892,58.2,216.42619311875694,0,62.96215618305311,-0.011871326643124513,122.0865704772475,0,0.048826049888979484,20.987385394351037,0.05746194118273079
2022-07-27,20.987385394351037,0.06680994111901228,0.030412044268662758,2.196825064727882,51.7,137.62486126526082,0,62.96215618305311,-0.006542678977192212,-78.80133185349612,0,0.03695472324585497,20.987385394351037,0.0744178070960283
2022-07-28,20.987385394351037,0.09971326465577522,0.035969208496630906,2.772184010251851,68.3,199.7780244173141,0,62.96215618305311,0.005557164227968148,62.15316315205328,0,0.030412044268662758,20.987385394351037,0.06680994111901228
2022-07-29,20.987385394351037,0.07450889509591632,0.03130765518442364,2.3798938201218727,69.4,288.5682574916759,0,62.96215618305311,-0.004661553312207266,88.79023307436182,0,0.035969208496630906,20.987385394351037,0.09971326465577522
2022-07-30,20.987385394351037,0.02793169650943439,0.027385237934134426,1.019954494337945,55.0,153.16315205327413,0,62.96215618305311,-0.003922417250289214,-135.4051054384018,0,0.03130765518442364,20.987385394351037,0.07450889509591632
2022-07-31,20.987385394351037,0.0677422509409421,0.026431229073763295,2.5629625755158623,78.1,264.1509433962264,0,62.96215618305311,-0.0009540088603711312,110.98779134295228,0,0.027385237934134426,20.987385394351037,0.02793169650943439
2022-08-01,20.987385394351037,0.036986428458928994,0.028285001299681357,1.3076339670999295,57.9,188.67924528301887,0,62.96215618305311,0.001853772225918062,-75.47169811320754,0,0.026431229073763295,20.987385394351037,0.0677422509409421
2022-08-02,20.987385394351037,0.07972930124005047,0.036292967756140576,2.196825064727882,57.3,277.4694783573807,0,62.96215618305311,0.00800796645645922,88.79023307436182,0,0.028285001299681357,20.987385394351037,0.036986428458928994
2022-08-03,20.987385394351037,0.09624448762234226,0.09436155059526925,1.019954494337945,46.4,125.41620421753608,0,62.96215618305311,0.05806858283912868,-152.05327413984463,0,0.036292967756140576,20.987385394351037,0.07972930124005047
2022-08-04,20.987385394351037,0.44924179709981515,0.10736036622316016,4.1844286947197755,66.6,472.80799112097674,1,62.96215618305311,0.012998815627890903,347.3917869034407,0,0.09436155059526925,20.987385394351037,0.09624448762234226
2022-08-05,20.987385394351037,0.44228700237432306,0.10187788017943966,4.341344770771768,63.6,441.73140954495005,1,62.96215618305311,-0.005482486043720494,-31.076581576026683,0,0.10736036622316016,20.987385394351037,0.44924179709981515
2022-08-06,20.987385394351037,0.18871540784603733,0.10022098680290177,1.882992912623899,45.6,364.03995560488346,1,62.96215618305311,-0.0016568933765378907,-77.6914539400666,0,0.10187788017943966,20.987385394351037,0.44228700237432306
2022-08-07,20.987385394351037,0.30182756432980645,0.09780492014643057,3.086016162355834,66.3,337.40288568257495,1,62.96215618305311,-0.0024160666564712052,-26.637069922308513,0,0.10022098680290177,20.987385394351037,0.18871540784603733
2022-08-08,20.987385394351037,0.31661908884149015,0.09312741615409273,3.3998483144598173,67.9,237.51387347391787,0,62.96215618305311,-0.004677503992337836,-99.88901220865708,0,0.09780492014643057,20.987385394351037,0.30182756432980645
2022-08-09,20.987385394351037,0.1943859242219501,0.09408524790474308,2.0660616680178894,64.3,197.55826859045504,0,62.96215618305311,0.0009578317506503536,-39.955604883462826,0,0.09312741615409273,20.987385394351037,0.31661908884149015
2022-08-10,20.987385394351037,0.30563096812436774,0.09820513721152475,3.112168841697833,49.3,307.4361820199778,1,62.96215618305311,0.004119889306781671,109.87791342952278,0,0.09408524790474308,20.987385394351037,0.1943859242219501
2022-08-11,20.987385394351037,0.29699698250548695,0.09789891051777844,3.0337108036718377,67.3,390.67702552719203,1,62.96215618305311,-0.00030622669374631706,83.24084350721421,0,0.09820513721152475,20.987385394351037,0.30563096812436774
2022-08-12,20.987385394351037,0.2692954943480287,0.10095148840574088,2.6675732928838567,59.9,345.17203107658156,1,62.96215618305311,0.0030525778879624405,-45.50499445061047,0,0.09789891051777844,20.987385394351037,0.29699698250548695
2022-08-13,20.987385394351037,0.1616734441767007,0.09812551563467467,1.6476187985459112,51.1,336.2930077691454,1,62.96215618305311,-0.002825972771066207,-8.87902330743617,0,0.10095148840574088,20.987385394351037,0.2692954943480287
2022-08-14,20.987385394351037,0.22240938076996353,0.09555356733147294,2.3275884614378755,75.2,274.13984461709214,0,62.96215618305311,-0.002571948303201732,-62.15316315205325,0,0.09812551563467467,20.987385394351037,0.1616734441767007
2022-08-15,20.987385394351037,0.3272589413592709,0.09700310186631347,3.373695635117819,61.0,470.5882352941176,1,62.96215618305311,0.0014495345348405353,196.4483906770255,0,0.09555356733147294,20.987385394351037,0.22240938076996353
2022-08-16,20.987385394351037,0.36220382901844,0.09753230852238087,3.713680466563801,51.0,359.60044395116535,1,62.96215618305311,0.0005292066560673991,-110.98779134295228,0,0.09700310186631347,20.987385394351037,0.3272589413592709
2022-08-17,20.987385394351037,0.5051437774886531,0.10440639253964122,4.83824567826974,68.7,507.21420643729186,1,62.96215618305311,0.0068740840172603485,147.61376248612652,0,0.09753230852238087,20.987385394351037,0.36220382901844
2022-08-18,20.987385394351037,0.2279809278670345,0.10377746117680708,2.196825064727882,47.3,263.04106548279685,1,62.96215618305311,-0.000628931362834137,-244.173140954495,0,0.10440639253964122,20.987385394351037,0.5051437774886531
2022-08-19,20.987385394351037,0.31404911976045163,0.10263501019043063,3.059863483013836,52.8,421.75360710321866,1,62.96215618305311,-0.001142450986376456,158.7125416204218,0,0.10377746117680708,20.987385394351037,0.2279809278670345
2022-08-20,20.987385394351037,0.5722820202774677,0.10470022779593074,5.465909982477706,83.2,467.25860155382907,1,62.96215618305311,0.0020652176055001165,45.50499445061041,0,0.10263501019043063,20.987385394351037,0.31404911976045163
2022-08-21,20.987385394351037,0.5506029923391449,0.10579601315614008,5.204383189057721,74.0,527.1920088790233,1,62.96215618305311,0.0010957853602093365,59.93340732519425,0,0.10470022779593074,20.987385394351037,0.5722820202774677
2022-08-22,20.987385394351037,0.6760448675591655,0.1021736268808688,6.616627873525644,86.2,622.6415094339623,1,62.96215618305311,-0.003622386275271283,95.44950055493894,1,0.10579601315614008,20.987385394351037,0.5506029923391449
2022-08-23,20.987385394351037,0.39049807858949137,0.10088834480423227,3.8705965426157922,67.0,504.9944506104328,1,62.96215618305311,-0.0012852820766365292,-117.64705882352945,0,0.1021736268808688,20.987385394351037,0.6760448675591655
2022-08-24,20.987385394351037,0.4334127475344439,0.09983375438237665,4.341344770771768,67.4,376.24861265260824,1,62.96215618305311,-0.001054590421855614,-128.74583795782456,0,0.10088834480423227,20.987385394351037,0.39049807858949137
2022-08-25,20.987385394351037,0.6496648722999622,0.10180834312349855,6.381253759447657,78.7,546.0599334073252,1,62.96215618305311,0.0019745887411218993,169.81132075471692,0,0.09983375438237665,20.987385394351037,0.4334127475344439
2022-08-26,20.987385394351037,0.6248689610613534,0.10039123724413009,6.224337683395666,78.7,685.9045504994451,1,62.96215618305311,-0.0014171058793684688,139.84461709211996,0,0.10180834312349855,20.987385394351037,0.6496648722999622
2022-08-27,20.987385394351037,0.5206706232702603,0.0980733134087928,5.308993906425714,67.5,491.6759156492786,1,62.96215618305311,-0.002317923835337285,-194.22863485016654,0,0.10039123724413009,20.987385394351037,0.6248689610613534
2022-08-28,20.987385394351037,0.6367963722856299,0.10061645821109762,6.32894840076366,77.6,678.1354051054384,1,62.96215618305311,0.002543144802304817,186.45948945615982,0,0.0980733134087928,20.987385394351037,0.5206706232702603
2022-08-29,20.987385394351037,0.5718228493441333,0.09983922507019004,5.727436775897693,86.3,533.8512763596004,1,62.96215618305311,-0.0007772331409075794,-144.28412874583796,1,0.10061645821109762,20.987385394351037,0.6367963722856299
2022-08-30,20.987385394351037,0.19007316951053402,0.08166098632105939,2.3275884614378755,81.4,208.65704772475027,0,62.96215618305311,-0.018178238749130646,-325.19422863485016,0,0.09983922507019004,20.987385394351037,0.5718228493441333
2022-08-31,20.987385394351037,0.11180458937729204,0.09095898051105349,1.2291759290739341,24.1,93.22974472807991,0,62.96215618305311,0.009297994189994094,-115.42730299667036,0,0.08166098632105939,20.987385394351037,0.19007316951053402
2022-09-01,20.987385394351037,0.14498263594089153,0.09558105259434253,1.5168554018359188,75.3,265.26082130965597,0,62.96215618305311,0.004622072083289047,172.03107658157606,0,0.09095898051105349,20.987385394351037,0.11180458937729204
2022-09-02,20.987385394351037,0.13536996146148786,0.07501653936815811,1.804534874597903,48.9,56.60377358490566,0,62.96215618305311,-0.020564513226184425,-208.6570477247503,0,0.09558105259434253,20.987385394351037,0.14498263594089153
2022-09-03,20.987385394351037,0.13903608227341124,0.06729522377073953,2.0660616680178894,62.0,155.3829078801332,0,62.96215618305311,-0.007721315597418579,98.77913429522752,0,0.07501653936815811,20.987385394351037,0.13536996146148786
2022-09-04,20.987385394351037,0.10607550745778513,0.0654195028816666,1.6214661192039126,61.3,156.49278579356272,0,62.96215618305311,-0.0018757208890729238,1.1098779134295285,0,0.06729522377073953,20.987385394351037,0.13903608227341124
2022-09-05,20.987385394351037,0.12366703200902253,0.0639007608503918,1.9352982713078961,68.0,297.4472807991121,0,62.96215618305311,-0.0015187420312748057,140.95449500554938,0,0.0654195028816666,20.987385394351037,0.10607550745778513
2022-09-06,20.987385394351037,0.1979732033108092,0.07885313932286883,2.5106572168318655,78.5,278.5793562708102,0,62.96215618305311,0.014952378472477032,-18.8679245283019,0,0.0639007608503918,20.987385394351037,0.12366703200902253
2022-09-07,20.987385394351037,0.39815201448953913,0.11893858264091019,3.34754295577582,59.1,336.2930077691454,1,62.96215618305311,0.040085443318041356,57.713651498335196,0,0.07885313932286883,20.987385394351037,0.1979732033108092
2022-09-08,20.987385394351037,0.7280059165243468,0.1259582001363866,5.77974213458169,68.7,529.4117647058823,1,62.96215618305311,0.007019617495476402,193.11875693673693,0,0.11893858264091019,20.987385394351037,0.39815201448953913
2022-09-09,20.987385394351037,0.7135115233277156,0.13243951513340707,5.38745194445171,86.6,497.2253052164262,1,62.96215618305311,0.006481314997020482,-32.18645948945613,1,0.1259582001363866,20.987385394351037,0.7280059165243468
2022-09-10,20.987385394351037,0.5595075606290664,0.14856868469287224,3.765985825247798,69.8,418.4239733629301,1,62.96215618305311,0.016129169559465167,-78.8013318534961,0,0.13243951513340707,20.987385394351037,0.7135115233277156
2022-09-11,20.987385394351037,0.3119247662338923,0.14724774427759674,2.1183670267018866,62.9,296.33740288568254,1,62.96215618305311,-0.001320940415275501,-122.08657047724756,0,0.14856868469287224,20.987385394351037,0.5595075606290664
2022-09-12,20.987385394351037,0.14258374787343486,0.100962495693269,1.4122446844679244,52.2,258.6015538290788,1,62.96215618305311,-0.04628524858432774,-37.73584905660374,0,0.14724774427759674,20.987385394351037,0.3119247662338923
2022-09-13,20.987385394351037,0.19543345542349155,0.08122596777204395,2.406046499463871,70.7,152.05327413984463,0,62.96215618305311,-0.019736527921225044,-106.54827968923416,0,0.100962495693269,20.987385394351037,0.14258374787343486
2022-09-14,20.987385394351037,0.16513098523656047,0.07094509530888045,2.3275884614378755,41.2,137.62486126526082,0,62.96215618305311,-0.010280872463163504,-14.428412874583813,0,0.08122596777204395,20.987385394351037,0.19543345542349155
2022-09-15,20.987385394351037,0.19472483541180688,0.07159320703501208,2.7198786515678544,67.5,197.55826859045504,0,62.96215618305311,0.0006481117261316338,59.933407325194224,0,0.07094509530888045,20.987385394351037,0.16513098523656047
2022-09-16,20.987385394351037,0.0845444717337937,0.06597401970785856,1.281481287757931,58.1,196.44839067702551,0,62.96215618305311,-0.005619187327153524,-1.1098779134295285,0,0.07159320703501208,20.987385394351037,0.19472483541180688
2022-09-17,20.987385394351037,0.19411597704561664,0.05539113891263613,3.5044590318278117,71.4,271.920088790233,0,62.96215618305311,-0.010582880795222425,75.47169811320751,0,0.06597401970785856,20.987385394351037,0.0845444717337937
2022-09-18,20.987385394351037,0.08358598625781484,0.04993870869593853,1.6737714778879098,52.4,149.83351831298557,0,62.96215618305311,-0.0054524302166976055,-122.08657047724745,0,0.05539113891263613,20.987385394351037,0.19411597704561664
2022-09-19,20.987385394351037,0.10121348078513204,0.04553058664448344,2.222977744069881,65.4,300.77691453940065,0,62.96215618305311,-0.004408122051455091,150.94339622641508,0,0.04993870869593853,20.987385394351037,0.08358598625781484
2022-09-20,20.987385394351037,0.020403887687698914,0.041062287027081215,0.49690090749797333,28.1,43.28523862375139,0,62.96215618305311,-0.004468299617402222,-257.49167591564924,0,0.04553058664448344,20.987385394351037,0.10121348078513204
2022-09-21,20.987385394351037,0.0615565063068387,0.04058165744232052,1.5168554018359188,55.7,172.031076581576,0,62.96215618305311,-0.0004806295847606945,128.74583795782462,0,0.041062287027081215,20.987385394351037,0.020403887687698914
2022-09-22,20.987385394351037,0.06539213488798423,0.040329017124384726,1.6214661192039126,62.7,218.64594894561597,0,62.96215618305311,-0.00025264031793579417,46.61487236403997,0,0.04058165744232052,20.987385394351037,0.0615565063068387
2022-09-23,20.987385394351037,0.0775057225836684,0.04174065231593983,1.8568402332819003,62.2,254.1620421753607,0,62.96215618305311,0.0014116351915551065,35.51609322974474,0,0.040329017124384726,20.987385394351037,0.06539213488798423
2022-09-24,20.987385394351037,0.10871608574698417,0.040754676183406204,2.6675732928838567,67.5,248.6126526082131,0,62.96215618305311,-0.0009859761325336294,-5.549389567147614,0,0.04174065231593983,20.987385394351037,0.0775057225836684
2022-09-25,20.987385394351037,0.0,0.040892036585852894,0.0,20.0,118.75693673695893,0,62.96215618305311,0.00013736040244669012,-129.85571587125418,0,0.040754676183406204,20.987385394351037,0.10871608574698417
2022-09-26,20.987385394351037,0.06370825054905212,0.042000213383519044,1.5168554018359188,39.4,83.24084350721421,0,62.96215618305311,0.0011081767976661508,-35.516093229744726,0,0.040892036585852894,20.987385394351037,0.0
2022-09-27,20.987385394351037,0.003900619220746103,0.049715992381222894,0.0784580380259958,32.5,58.8235294117647,0,62.96215618305311,0.00771577899770385,-24.417314095449505,0,0.042000213383519044,20.987385394351037,0.06370825054905212
2022-09-28,20.987385394351037,0.02072994678077387,0.06097315192741925,0.3399848314459818,35.4,2.2197558268590454,0,62.96215618305311,0.011257159546196355,-56.60377358490566,0,0.049715992381222894,20.987385394351037,0.003900619220746103
2022-09-29,20.987385394351037,0.10294939602588911,0.07029421528289143,1.4645500431519216,60.0,206.43729189789124,0,62.96215618305311,0.009321063355472177,204.21753607103219,0,0.06097315192741925,20.987385394351037,0.02072994678077387
2022-09-30,20.987385394351037,0.24419520352788757,0.0880876603518475,2.772184010251851,75.7,228.6348501664817,0,62.96215618305311,0.017793445068956068,22.197558268590456,0,0.07029421528289143,20.987385394351037,0.10294939602588911
2022-10-01,20.987385394351037,0.5163368689463965,0.1134665106776055,4.550566205507756,74.7,488.34628190898997,1,62.96215618305311,0.025378850325758012,259.71143174250824,0,0.0880876603518475,20.987385394351037,0.24419520352788757
2022-10-02,20.987385394351037,0.6744299815971678,0.12164235474684387,5.544368020503701,85.7,550.4994450610433,1,62.96215618305311,0.008175844069238367,62.15316315205331,1,0.1134665106776055,20.987385394351037,0.5163368689463965
2022-10-03,20.987385394351037,0.4931622507178903,0.10248394011249981,4.812092998927742,73.2,479.4672586015538,1,62.96215618305311,-0.019158414634344062,-71.03218645948948,0,0.12164235474684387,20.987385394351037,0.6744299815971678
2022-10-04,20.987385394351037,0.1679884926214299,0.08680237827521098,1.9352982713078961,63.3,185.34961154273032,0,62.96215618305311,-0.015681561837288832,-294.1176470588235,0,0.10248394011249981,20.987385394351037,0.4931622507178903
2022-10-05,20.987385394351037,0.048635730744223796,0.07748685151945352,0.6276643042079664,27.4,23.307436182019977,0,62.96215618305311,-0.009315526755757461,-162.04217536071033,0,0.08680237827521098,20.987385394351037,0.1679884926214299
2022-10-06,20.987385394351037,0.09184855876067939,0.07981848503027492,1.1507178910479383,38.8,73.2519422863485,0,62.96215618305311,0.0023316335108213987,49.94450610432852,0,0.07748685151945352,20.987385394351037,0.048635730744223796
2022-10-07,20.987385394351037,0.18873714980125061,0.089095585147536,2.1183670267018866,54.5,204.21753607103219,0,62.96215618305311,0.009277100117261086,130.96559378468368,0,0.07981848503027492,20.987385394351037,0.09184855876067939
2022-10-08,20.987385394351037,0.8692127391371256,0.14706233409905425,5.910505531291682,76.9,543.840177580466,1,62.96215618305311,0.05796674895151825,339.62264150943383,0,0.089095585147536,20.987385394351037,0.18873714980125061
2022-10-09,20.987385394351037,0.27509075554330387,0.12374876729069771,2.222977744069881,47.0,276.3596004439512,1,62.96215618305311,-0.023313566808356542,-267.48057713651485,0,0.14706233409905425,20.987385394351037,0.8692127391371256
2022-10-10,20.987385394351037,0.5329214171114091,0.12129354896481512,4.393650129455764,70.2,451.7203107658158,1,62.96215618305311,-0.002455218325882594,175.3607103218646,0,0.12374876729069771,20.987385394351037,0.27509075554330387
2022-10-11,20.987385394351037,0.6638082376921043,0.12144514633795686,5.465909982477706,76.5,551.6093229744729,1,62.96215618305311,0.00015159737314174304,99.8890122086571,0,0.12129354896481512,20.987385394351037,0.5329214171114091
2022-10-12,20.987385394351037,0.2532774648791787,0.09684570424585151,2.61526793419986,52.3,276.3596004439512,1,62.96215618305311,-0.02459944209210535,-275.2497225305217,0,0.12144514633795686,20.987385394351037,0.6638082376921043
2022-10-13,20.987385394351037,0.12296016198012479,0.08548414024789146,1.4383973638099228,50.7,130.9655937846837,0,62.96215618305311,-0.011361563997960053,-145.3940066592675,0,0.09684570424585151,20.987385394351037,0.2532774648791787
2022-10-14,20.987385394351037,0.2337158243049768,0.07979099976740531,2.929100086303843,63.2,367.3695893451721,0,62.96215618305311,-0.00569314048048615,236.40399556048837,0,0.08548414024789146,20.987385394351037,0.12296016198012479
2022-10-15,20.987385394351037,0.15998774548930442,0.07842886441377604,2.0399089886758905,56.0,166.48168701442842,0,62.96215618305311,-0.0013621353536292652,-200.88790233074366,0,0.07979099976740531,20.987385394351037,0.2337158243049768
2022-10-16,20.987385394351037,0.12995285003293514,0.08014527623724743,1.6214661192039126,37.1,49.944506104328525,0,62.96215618305311,0.0017164118234713893,-116.53718091009989,0,0.07842886441377604,20.987385394351037,0.15998774548930442
2022-10-17,20.987385394351037,0.5121684352096703,0.10042966388262645,5.099772471689726,74.7,543.840177580466,1,62.96215618305311,0.020284387645379015,493.8956714761375,0,0.08014527623724743,20.987385394351037,0.12995285003293514
2022-10-18,20.987385394351037,0.1355367144435079,0.0925449526817216,1.4645500431519216,34.4,231.96448390677028,0,62.96215618305311,-0.007884711200904851,-311.87569367369576,0,0.10042966388262645,20.987385394351037,0.5121684352096703
2022-10-19,20.987385394351037,0.1446349839127637,0.08508319815188223,1.6999241572299084,63.6,270.8102108768036,0,62.96215618305311,-0.007461754529839368,38.8457269700333,0,0.0925449526817216,20.987385394351037,0.1355367144435079
2022-10-20,20.987385394351037,0.14061005385831954,0.08534137506953275,1.6476187985459112,38.2,82.1309655937847,0,62.96215618305311,0.00025817691765052386,-188.67924528301887,0,0.08508319815188223,20.987385394351037,0.1446349839127637
2022-10-21,20.987385394351037,0.1510872249368652,0.08753215484713506,1.726076836571907,51.0,199.7780244173141,0,62.96215618305311,0.002190779777602306,117.6470588235294,0,0.08534137506953275,20.987385394351037,0.14061005385831954
2022-10-22,20.987385394351037,0.10118921940665755,0.09437005323054547,1.0722598530219423,45.3,109.87791342952276,0,62.96215618305311,0.0068378983834104096,-89.90011098779134,0,0.08753215484713506,20.987385394351037,0.1510872249368652
2022-10-23,20.987385394351037,0.09892795143147062,0.08406017953078092,1.1768705703899367,33.9,9.988901220865706,0,62.96215618305311,-0.010309873699764549,-99.88901220865705,0,0.09437005323054547,20.987385394351037,0.10118921940665755
2022-10-24,20.987385394351037,0.21208316490747048,0.07240557121934772,2.929100086303843,64.6,251.94228634850168,0,62.96215618305311,-0.011654608311433196,241.95338512763598,0,0.08406017953078092,20.987385394351037,0.09892795143147062
2022-10-25,20.987385394351037,0.04615717603360035,0.06303256928559915,0.7322750215759606,41.4,119.86681465038845,0,62.96215618305311,-0.00937300193374857,-132.07547169811323,0,0.07240557121934772,20.987385394351037,0.21208316490747048
2022-10-26,20.987385394351037,0.03920395663823301,0.05552006259170798,0.706122342233962,39.1,84.35072142064374,0,62.96215618305311,-0.007512506693891169,-35.51609322974471,0,0.06303256928559915,20.987385394351037,0.04615717603360035
2022-10-27,20.987385394351037,0.06264271108422824,0.06653525954798983,0.9414964563119497,48.9,45.50499445061043,0,62.96215618305311,0.01101519695628185,-38.845726970033304,0,0.05552006259170798,20.987385394351037,0.03920395663823301
2022-10-28,20.987385394351037,0.1317759593138714,0.054768666916135855,2.406046499463871,62.7,245.28301886792454,0,62.96215618305311,-0.011766592631853978,199.7780244173141,0,0.06653525954798983,20.987385394351037,0.06264271108422824
2022-10-29,20.987385394351037,0.11277666626759685,0.05827353227127161,1.9352982713078961,58.3,239.7336293007769,0,62.96215618305311,0.003504865355135757,-5.549389567147642,0,0.054768666916135855,20.987385394351037,0.1317759593138714
2022-10-30,20.987385394351037,0.12153435078082424,0.06114617066850493,1.9876036299918933,71.5,283.0188679245283,0,62.96215618305311,0.0028726383972333194,43.28523862375141,0,0.05827353227127161,20.987385394351037,0.11277666626759685
2022-10-31,20.987385394351037,0.03610613730003707,0.06002566834528335,0.6015116248659677,31.3,154.27302996670366,0,62.96215618305311,-0.0011205023232215838,-128.74583795782465,0,0.06114617066850493,20.987385394351037,0.12153435078082424
2022-11-01,20.987385394351037,0.05021583610753175,0.06621044569805831,0.7584277009179592,58.1,107.6581576026637,0,62.96215618305311,0.006184777352774964,-46.614872364039954,0,0.06002566834528335,20.987385394351037,0.03610613730003707
2022-11-02,20.987385394351037,0.12440347255911437,0.08494313536147953,1.4645500431519216,36.0,33.29633740288568,0,62.96215618305311,0.018732689663421218,-74.36182019977802,0,0.06621044569805831,20.987385394351037,0.05021583610753175
2022-11-03,20.987385394351037,0.22032801760319648,0.08868086746414128,2.4845045374898667,51.3,145.3940066592675,0,62.96215618305311,0.0037377321026617477,112.0976692563818,0,0.08494313536147953,20.987385394351037,0.12440347255911437
2022-11-04,20.987385394351037,0.18715576042542467,0.0862201784504453,2.170672385385884,76.2,258.6015538290788,0,62.96215618305311,-0.002460689013695977,113.2075471698113,0,0.08868086746414128,20.987385394351037,0.22032801760319648
2022-11-05,20.987385394351037,0.13627326399637407,0.08542099664638285,1.5953134398619144,49.5,230.85460599334073,0,62.96215618305311,-0.0007991818040624515,-27.74694783573807,0,0.0862201784504453,20.987385394351037,0.18715576042542467
2022-11-06,20.987385394351037,0.1360571896506948,0.08128779313552525,1.6737714778879098,54.7,134.29522752497226,0,62.96215618305311,-0.004133203510857594,-96.55937846836846,0,0.08542099664638285,20.987385394351037,0.13627326399637407
2022-11-07,20.987385394351037,0.10493099795224818,0.07294993761272932,1.4383973638099228,45.2,162.04217536071033,0,62.96215618305311,-0.008337855522795937,27.74694783573807,0,0.08128779313552525,20.987385394351037,0.1360571896506948
2022-11-08,20.987385394351037,0.14852290833099802,0.06527667179140653,2.2752831027538782,52.7,253.05216426193115,0,62.96215618305311,-0.007673265821322786,91.00998890122082,0,0.07294993761272932,20.987385394351037,0.10493099795224818
2022-11-09,20.987385394351037,0.10495746362245553,0.059899381142266145,1.7522295159139056,50.3,155.3829078801332,0,62.96215618305311,-0.005377290649140387,-97.66925638179796,0,0.06527667179140653,20.987385394351037,0.14852290833099802
2022-11-10,20.987385394351037,0.02059505542949901,0.05624950960412523,0.3661375107879804,33.8,44.39511653718091,0,62.96215618305311,-0.0036498715381409128,-110.98779134295228,0,0.059899381142266145,20.987385394351037,0.10495746362245553
2022-11-11,20.987385394351037,0.04774756887310551,0.05532496336366469,0.8630384182859536,52.2,108.76803551609324,0,62.96215618305311,-0.0009245462404605387,64.37291897891232,0,0.05624950960412523,20.987385394351037,0.02059505542949901
2022-11-12,20.987385394351037,0.07041624907394692,0.05983346924090017,1.1768705703899367,33.9,25.527192008879023,0,62.96215618305311,0.004508505877235475,-83.24084350721421,0,0.05532496336366469,20.987385394351037,0.04774756887310551
2022-11-13,20.987385394351037,0.08608322742428064,0.06329931475042726,1.3599393257839272,44.2,68.81243063263041,0,62.96215618305311,0.0034658455095270893,43.28523862375138,0,0.05983346924090017,20.987385394351037,0.07041624907394692
2022-11-14,20.987385394351037,0.010043863434387353,0.0640078676901115,0.1569160760519916,29.5,15.538290788013319,0,62.96215618305311,0.0007085529396842483,-53.27413984461709,0,0.06329931475042726,20.987385394351037,0.08608322742428064
2022-11-15,20.987385394351037,0.10129023768253877,0.06564465793673277,1.5430080811779172,54.2,143.17425083240843,0,62.96215618305311,0.0016367902466212642,127.63596004439512,0,0.0640078676901115,20.987385394351037,0.010043863434387353
2022-11-16,20.987385394351037,0.10063669966781033,0.06871509794996539,1.4645500431519216,49.9,271.920088790233,0,62.96215618305311,0.003070440013232617,128.7458379578246,0,0.06564465793673277,20.987385394351037,0.10129023768253877
2022-11-17,20.987385394351037,0.052251231622708436,0.0665976781185834,0.7845803802599578,43.4,169.81132075471697,0,62.96215618305311,-0.0021174198313819864,-102.10876803551605,0,0.06871509794996539,20.987385394351037,0.10063669966781033
2022-11-18,20.987385394351037,0.10713526919810448,0.06607308529561162,1.6214661192039126,49.3,118.75693673695893,0,62.96215618305311,-0.0005245928229717783,-51.05438401775804,0,0.0665976781185834,20.987385394351037,0.052251231622708436
2022-11-19,20.987385394351037,0.17640704209566196,0.06548811717098858,2.6937259722258555,68.4,195.33851276359601,0,62.96215618305311,-0.0005849681246230393,76.58157602663708,0,0.06607308529561162,20.987385394351037,0.10713526919810448
2022-11-20,20.987385394351037,0.15799861643311777,0.06638893512695737,2.3798938201218727,61.1,287.45837957824637,0,62.96215618305311,0.0009008179559687884,92.11986681465035,0,0.06548811717098858,20.987385394351037,0.17640704209566196
2022-11-21,20.987385394351037,0.040997436720748286,0.07125540854051145,0.575358945523969,53.2,149.83351831298557,0,62.96215618305311,0.004866473413554076,-137.6248612652608,0,0.06638893512695737,20.987385394351037,0.15799861643311777
2022-11-22,20.987385394351037,0.11241679955940113,0.07960150305097813,1.4122446844679244,58.4,55.49389567147614,0,62.96215618305311,0.008346094510466681,-94.33962264150944,0,0.07125540854051145,20.987385394351037,0.040997436720748286
2022-11-23,20.987385394351037,0.18614381844440342,0.08276257192858896,2.2491304234118794,71.2,180.91009988901223,0,62.96215618305311,0.003161068877610834,125.41620421753609,0,0.07960150305097813,20.987385394351037,0.11241679955940113
2022-11-24,20.987385394351037,0.07475565848449794,0.0816694889563356,0.9153437769699511,37.8,0.0,0,62.96215618305311,-0.0010930829722533564,-180.91009988901223,0,0.08276257192858896,20.987385394351037,0.18614381844440342
2022-11-25,20.987385394351037,0.08803463650436281,0.07828326502365861,1.1245652117059395,36.8,83.24084350721421,0,62.96215618305311,-0.003386223932676999,83.24084350721421,0,0.0816694889563356,20.987385394351037,0.07475565848449794
2022-11-26,20.987385394351037,0.15974644908931976,0.07731930346618122,2.0660616680178894,70.5,276.3596004439512,0,62.96215618305311,-0.000963961557477383,193.118756936737,0,0.07828326502365861,20.987385394351037,0.08803463650436281
2022-11-27,20.987385394351037,0.18204541085829967,0.0748480685482667,2.432199178805869,45.1,75.47169811320754,0,62.96215618305311,-0.002471234917914525,-200.88790233074366,0,0.07731930346618122,20.987385394351037,0.15974644908931976
2022-11-28,20.987385394351037,0.175691898922535,0.07302099064240183,2.406046499463871,54.6,277.4694783573807,0,62.96215618305311,-0.0018270779058648656,201.99778024417316,0,0.0748480685482667,20.987385394351037,0.18204541085829967
2022-11-29,20.987385394351037,0.14321811027730746,0.06931937826168864,2.0660616680178894,56.7,167.59156492785792,0,62.96215618305311,-0.00370161238071319,-109.87791342952278,0,0.07302099064240183,20.987385394351037,0.175691898922535
2022-11-30,20.987385394351037,0.13047166639320412,0.07446037474443201,1.7522295159139056,51.3,127.63596004439512,0,62.96215618305311,0.005140996482743368,-39.9556048834628,0,0.06931937826168864,20.987385394351037,0.14321811027730746
2022-12-01,20.987385394351037,0.09254442229326072,0.07528981011122146,1.2291759290739341,34.9,45.50499445061043,0,62.96215618305311,0.0008294353667894494,-82.13096559378468,0,0.07446037474443201,20.987385394351037,0.13047166639320412
2022-12-02,20.987385394351037,0.022127833644686873,0.07691836137017198,0.2876794727619845,42.1,94.33962264150944,0,62.96215618305311,0.0016285512589505197,48.834628190899004,0,0.07528981011122146,20.987385394351037,0.09254442229326072
2022-12-03,20.987385394351037,0.14018460125729265,0.07882703820992791,1.7783821952559042,40.6,115.42730299667036,0,62.96215618305311,0.0019086768397559295,21.087680355160927,0,0.07691836137017198,20.987385394351037,0.022127833644686873
2022-12-04,20.987385394351037,0.02490652689547606,0.07936257240852647,0.3138321521039832,43.9,62.153163152053274,0,62.96215618305311,0.0005355341985985584,-53.27413984461709,0,0.07882703820992791,20.987385394351037,0.14018460125729265
2022-12-05,20.987385394351037,0.18742602579298318,0.07962898831384772,2.353741140779874,60.8,224.1953385127636,0,62.96215618305311,0.0002664159053212545,162.04217536071033,0,0.07936257240852647,20.987385394351037,0.02490652689547606
2022-12-06,20.987385394351037,0.03297887534459034,0.0788133285344438,0.41844286947197745,37.5,28.85682574916759,0,62.96215618305311,-0.0008156597794039266,-195.33851276359601,0,0.07962898831384772,20.987385394351037,0.18742602579298318
2022-12-07,20.987385394351037,0.09431999793533058,0.07673433534155817,1.2291759290739341,39.5,187.56936736958934,0,62.96215618305311,-0.0020789931928856253,158.71254162042175,0,0.0788133285344438,20.987385394351037,0.03297887534459034
2022-12-08,20.987385394351037,0.12964893394805801,0.07626748134418297,1.6999241572299084,53.7,295.2275249722531,0,62.96215618305311,-0.0004668539973751995,107.65815760266375,0,0.07673433534155817,20.987385394351037,0.09431999793533058
2022-12-09,20.987385394351037,0.19739667216640314,0.08029634631517825,2.458351858147868,59.1,241.95338512763595,0,62.96215618305311,0.004028864970995277,-53.27413984461714,0,0.07626748134418297,20.987385394351037,0.12964893394805801
2022-12-10,20.987385394351037,0.05818264464365858,0.08556653012459893,0.6799696628919636,52.4,118.75693673695893,0,62.96215618305311,0.005270183809420681,-123.19644839067702,0,0.08029634631517825,20.987385394351037,0.19739667216640314
2022-12-11,20.987385394351037,0.596636539360149,0.11406795677757005,5.23053586839972,56.6,364.03995560488346,1,62.96215618305311,0.028501426652971118,245.2830188679245,0,0.08556653012459893,20.987385394351037,0.05818264464365858
2022-12-12,20.987385394351037,0.9383846254932287,0.15600440402167207,6.015116248659677,75.6,563.8179800221975,1,62.96215618305311,0.04193644724410202,199.77802441731404,0,0.11406795677757005,20.987385394351037,0.596636539360149
2022-12-13,20.987385394351037,0.8981561931580327,0.1461395674799306,6.14587964536967,80.4,488.34628190898997,1,62.96215618305311,-0.009864836541741473,-75.47169811320754,0,0.15600440402167207,20.987385394351037,0.9383846254932287
2022-12-14,20.987385394351037,0.5853883930548713,0.12717895446158584,4.602871564191753,68.5,551.6093229744729,1,62.96215618305311,-0.018960613018344757,63.26304106548292,0,0.1461395674799306,20.987385394351037,0.8981561931580327
2022-12-15,20.987385394351037,0.6222040004106845,0.10765255368191552,5.77974213458169,77.2,605.9933407325194,1,62.96215618305311,-0.019526400779670314,54.384017758046525,0,0.12717895446158584,20.987385394351037,0.5853883930548713
2022-12-16,20.987385394351037,0.5530373568148095,0.09700224501159571,5.7012840965556935,78.0,538.2907880133185,1,62.96215618305311,-0.01065030867031981,-67.70255271920087,0,0.10765255368191552,20.987385394351037,0.6222040004106845
2022-12-17,20.987385394351037,0.09323372341409267,0.08695068005328441,1.0722598530219423,31.2,67.7025527192009,0,62.96215618305311,-0.010051564958311304,-470.5882352941177,0,0.09700224501159571,20.987385394351037,0.5530373568148095
2022-12-18,20.987385394351037,0.17165156618223526,0.0820430117013766,2.0922143473598878,58.9,96.55937846836848,0,62.96215618305311,-0.004907668351907812,28.856825749167584,0,0.08695068005328441,20.987385394351037,0.09323372341409267
2022-12-19,20.987385394351037,0.014228655413194942,0.07772301386204782,0.1830687553939902,25.7,0.0,0,62.96215618305311,-0.004319997839328779,-96.55937846836848,0,0.0820430117013766,20.987385394351037,0.17165156618223526
2022-12-20,20.987385394351037,0.18398280757873298,0.0857920806510733,2.144519706043885,62.0,230.85460599334073,0,62.96215618305311,0.008069066789025484,230.85460599334073,0,0.07772301386204782,20.987385394351037,0.014228655413194942
2022-12-21,20.987385394351037,0.19986694493293714,0.07011295755413499,2.850642048277847,72.5,308.5460599334073,0,62.96215618305311,-0.015679123096938308,77.6914539400666,0,0.0857920806510733,20.987385394351037,0.18398280757873298
2022-12-22,20.987385394351037,0.10935290293263716,0.0674407572489556,1.6214661192039126,54.4,213.09655937846836,0,62.96215618305311,-0.0026722003051793952,-95.44950055493896,0,0.07011295755413499,20.987385394351037,0.19986694493293714
2022-12-23,20.987385394351037,0.08338816760576877,0.06642736176545373,1.2553286084159327,48.9,91.00998890122086,0,62.96215618305311,-0.0010133954835018638,-122.08657047724749,0,0.0674407572489556,20.987385394351037,0.10935290293263716
2022-12-24,20.987385394351037,0.06331427918520303,0.06724855814457242,0.9414964563119497,35.7,28.85682574916759,0,62.96215618305311,0.000821196379118691,-62.153163152053274,0,0.06642736176545373,20.987385394351037,0.08338816760576877
2022-12-25,20.987385394351037,0.12707782796127406,0.06843767475711598,1.8568402332819003,78.2,254.1620421753607,0,62.96215618305311,0.0011891166125435615,225.3052164261931,0,0.06724855814457242,20.987385394351037,0.06331427918520303
2022-12-26,20.987385394351037,0.012783208122985952,0.06982736128551623,0.1830687553939902,34.1,153.16315205327413,0,62.96215618305311,0.0013896865284002413,-100.99889012208658,0,0.06843767475711598,20.987385394351037,0.12707782796127406
2022-12-27,20.987385394351037,0.012663038748298442,0.06917094465981247,0.1830687553939902,31.3,33.29633740288568,0,62.96215618305311,-0.0006564166257037596,-119.86681465038845,0,0.06982736128551623,20.987385394351037,0.012783208122985952
2022-12-28,20.987385394351037,0.03646273954450166,0.06639170342681475,0.5492062661819704,28.3,125.41620421753608,0,62.96215618305311,-0.00277924123299772,92.1198668146504,0,0.06917094465981247,20.987385394351037,0.012663038748298442
2022-12-29,20.987385394351037,0.003345082672608919,0.06395296307627364,0.05230535868399716,29.0,96.55937846836848,0,62.96215618305311,-0.002438740350541105,-28.856825749167598,0,0.06639170342681475,20.987385394351037,0.03646273954450166
2022-12-30,20.987385394351037,0.10750599470114242,0.06324164183673203,1.6999241572299084,57.2,113.20754716981132,0,62.96215618305311,-0.0007113212395416096,16.64816870144284,0,0.06395296307627364,20.987385394351037,0.003345082672608919
2022-12-31,20.987385394351037,0.07904150818772775,0.06430447124625839,1.2291759290739341,50.2,104.32852386237514,0,62.96215618305311,0.0010628294095263585,-8.879023307436185,0,0.06324164183673203,20.987385394351037,0.10750599470114242
2023-01-01,20.987385394351037,0.04966769263140988,0.06330478543824064,0.7845803802599578,36.9,52.16426193118757,0,62.96215618305311,-0.00099968580801775,-52.16426193118757,0,0.06430447124625839,20.987385394351037,0.07904150818772775
2023-01-02,20.987385394351037,0.03115462783060367,0.06269786865046274,0.49690090749797333,22.8,45.50499445061043,0,62.96215618305311,-0.0006069167877778975,-6.659267480577135,0,0.06330478543824064,20.987385394351037,0.04966769263140988
2023-01-03,20.987385394351037,0.01469411180831836,0.06242875035718545,0.2353741140779873,44.9,62.153163152053274,0,62.96215618305311,-0.0002691182932772901,16.64816870144284,0,0.06269786865046274,20.987385394351037,0.03115462783060367
2023-01-04,20.987385394351037,0.06995432028509467,0.060791894198662814,1.1507178910479383,48.0,148.72364039955605,0,62.96215618305311,-0.0016368561585226385,86.57047724750277,0,0.06242875035718545,20.987385394351037,0.01469411180831836
2023-01-05,20.987385394351037,0.03544330968395991,0.06160208329025339,0.575358945523969,37.2,25.527192008879023,0,62.96215618305311,0.0008101890915905782,-123.19644839067702,0,0.060791894198662814,20.987385394351037,0.06995432028509467
2023-01-06,20.987385394351037,0.0947036383321942,0.0658396912528747,1.4383973638099228,57.2,156.49278579356272,0,62.96215618305311,0.0042376079626213065,130.9655937846837,0,0.06160208329025339,20.987385394351037,0.03544330968395991
2023-01-07,20.987385394351037,0.0179184020571724,0.06851459394601009,0.2615267934199859,35.0,92.11986681465038,0,62.96215618305311,0.002674902693135389,-64.37291897891234,0,0.0658396912528747,20.987385394351037,0.0947036383321942
2023-01-08,20.987385394351037,0.04237669784009772,0.06751490813799232,0.6276643042079664,49.9,108.76803551609324,0,62.96215618305311,-0.000999685808017764,16.648168701442856,0,0.06851459394601009,20.987385394351037,0.0179184020571724
2023-01-09,20.987385394351037,0.07463781104041953,0.06486195410801182,1.1507178910479383,40.3,87.6803551609323,0,62.96215618305311,-0.0026529540299805032,-21.08768035516094,0,0.06751490813799232,20.987385394351037,0.04237669784009772
2023-01-10,20.987385394351037,0.06390413241305055,0.06265390541225163,1.019954494337945,51.1,168.70144284128747,0,62.96215618305311,-0.0022080486957601897,81.02108768035518,0,0.06486195410801182,20.987385394351037,0.07463781104041953
2023-01-11,20.987385394351037,0.0,0.061989315710778495,0.0,28.6,0.0,0,62.96215618305311,-0.0006645897014731367,-168.70144284128747,0,0.06265390541225163,20.987385394351037,0.06390413241305055
2023-01-12,20.987385394351037,0.05912288324310223,0.06109950504233782,0.967649135653948,36.2,62.153163152053274,0,62.96215618305311,-0.0008898106684406756,62.153163152053274,0,0.061989315710778495,20.987385394351037,0.0
2023-01-13,20.987385394351037,0.19057315961698484,0.059729064789136456,3.1906268797238284,79.7,219.75582685904553,0,62.96215618305311,-0.0013704402532013632,157.60266370699225,0,0.06109950504233782,20.987385394351037,0.05912288324310223
2023-01-14,20.987385394351037,0.030320835469421426,0.06101988346548772,0.49690090749797333,28.1,0.0,0,62.96215618305311,0.0012908186763512658,-219.75582685904553,0,0.059729064789136456,20.987385394351037,0.19057315961698484
2023-01-15,20.987385394351037,0.11010162749293985,0.06283516314100807,1.7522295159139056,58.3,157.60266370699222,0,62.96215618305311,0.001815279675520344,157.60266370699222,0,0.06101988346548772,20.987385394351037,0.030320835469421426
2023-01-16,20.987385394351037,0.14451706255330674,0.061398876898342086,2.353741140779874,54.7,149.83351831298557,0,62.96215618305311,-0.0014362862426659795,-7.769145394006642,0,0.06283516314100807,20.987385394351037,0.11010162749293985
2023-01-17,20.987385394351037,0.106931973568198,0.05841082676181694,1.8306875539399017,43.3,146.503884572697,0,62.96215618305311,-0.0029880501365251444,-3.3296337402885854,0,0.061398876898342086,20.987385394351037,0.14451706255330674
2023-01-18,20.987385394351037,0.0778071156253614,0.056134163776734775,1.3860920051259256,46.2,136.5149833518313,0,62.96215618305311,-0.0022766629850821674,-9.9889012208657,0,0.05841082676181694,20.987385394351037,0.106931973568198
2023-01-19,20.987385394351037,0.09017725224041653,0.053876681154950104,1.6737714778879098,65.0,144.28412874583796,0,62.96215618305311,-0.0022574826217846705,7.769145394006671,0,0.056134163776734775,20.987385394351037,0.0778071156253614
2023-01-20,20.987385394351037,0.11112137607045741,0.05518114359488413,2.013756309333892,60.0,198.66814650388457,0,62.96215618305311,0.001304462439934026,54.38401775804661,0,0.053876681154950104,20.987385394351037,0.09017725224041653
2023-01-21,20.987385394351037,0.04850282442077897,0.05620007567810075,0.8630384182859536,44.7,94.33962264150944,0,62.96215618305311,0.0010189320832166213,-104.32852386237514,0,0.05518114359488413,20.987385394351037,0.11112137607045741
2023-01-22,20.987385394351037,0.05201410905418787,0.05849598493838178,0.8891910976279525,36.2,126.52608213096558,0,62.96215618305311,0.0022959092602810316,32.18645948945614,0,0.05620007567810075,20.987385394351037,0.04850282442077897
2023-01-23,20.987385394351037,0.03357733518051934,0.06113793168083419,0.5492062661819704,43.8,88.79023307436182,0,62.96215618305311,0.0026419467424524043,-37.735849056603755,0,0.05849598493838178,20.987385394351037,0.05201410905418787
2023-01-24,20.987385394351037,0.09494533426824345,0.0625935301106004,1.5168554018359188,63.3,108.76803551609324,0,62.96215618305311,0.0014555984297662111,19.977802441731413,0,0.06113793168083419,20.987385394351037,0.03357733518051934
2023-01-25,20.987385394351037,0.12871817708168173,0.06152246171340329,2.0922143473598878,57.7,182.01997780244173,0,62.96215618305311,-0.00107106839719711,73.2519422863485,0,0.0625935301106004,20.987385394351037,0.09494533426824345
2023-01-26,20.987385394351037,0.01126182691622826,0.061516925113688545,0.1830687553939902,39.4,35.516093229744726,0,62.96215618305311,-5.536599714743573e-06,-146.50388457269702,0,0.06152246171340329,20.987385394351037,0.12871817708168173
2023-01-27,20.987385394351037,0.06499109260802242,0.06212661020132382,1.0461071736799439,43.0,77.6914539400666,0,62.96215618305311,0.0006096850876352727,42.17536071032187,0,0.061516925113688545,20.987385394351037,0.01126182691622826
2023-01-28,20.987385394351037,0.16936532401403687,0.06226944129158389,2.7198786515678544,68.0,288.5682574916759,0,62.96215618305311,0.00014283109026007323,210.87680355160933,0,0.06212661020132382,20.987385394351037,0.06499109260802242
2023-01-29,20.987385394351037,0.03487446465294879,0.060613404769763755,0.575358945523969,31.4,9.988901220865706,0,62.96215618305311,-0.0016560365218201353,-278.5793562708102,0,0.06226944129158389,20.987385394351037,0.16936532401403687
2023-01-30,20.987385394351037,0.10019357820575063,0.060811140473861686,1.6476187985459112,52.8,173.14095449500556,0,62.96215618305311,0.00019773570409793023,163.15205327413986,0,0.060613404769763755,20.987385394351037,0.03487446465294879
2023-01-31,20.987385394351037,0.15187814287921514,0.0631235277094842,2.406046499463871,64.2,192.00887902330743,0,62.96215618305311,0.0023123872356225206,18.86792452830187,0,0.060811140473861686,20.987385394351037,0.10019357820575063
2023-02-01,20.987385394351037,0.07180306663588079,0.062398496794458476,1.1507178910479383,37.8,29.966703662597112,0,62.96215618305311,-0.0007250309150257303,-162.0421753607103,0,0.0631235277094842,20.987385394351037,0.15187814287921514
2023-02-02,20.987385394351037,0.029178785218855363,0.06198384502296512,0.4707482281559747,28.2,52.16426193118757,0,62.96215618305311,-0.0004146517714933573,22.197558268590456,0,0.062398496794458476,20.987385394351037,0.07180306663588079
2023-02-03,20.987385394351037,0.03549071343654416,0.06168447316696086,0.575358945523969,30.9,52.16426193118757,0,62.96215618305311,-0.0002993718560042602,0.0,0,0.06198384502296512,20.987385394351037,0.029178785218855363
2023-02-04,20.987385394351037,0.1487756494448257,0.05804831130430407,2.5629625755158623,55.3,239.7336293007769,0,62.96215618305311,-0.003636161862656785,187.56936736958932,0,0.06168447316696086,20.987385394351037,0.03549071343654416
2023-02-05,20.987385394351037,0.05252432321061494,0.0557881262945634,0.9414964563119497,29.4,0.0,0,62.96215618305311,-0.0022601850097406714,-239.7336293007769,0,0.05804831130430407,20.987385394351037,0.1487756494448257
2023-02-06,20.987385394351037,0.0,0.05426661596343122,0.0,33.0,46.614872364039954,0,62.96215618305311,-0.001521510331132181,46.614872364039954,0,0.0557881262945634,20.987385394351037,0.05252432321061494
2023-02-07,20.987385394351037,0.005744675952764518,0.05491479360146423,0.10461071736799432,28.9,78.80133185349611,0,62.96215618305311,0.0006481776380330082,32.186459489456155,0,0.05426661596343122,20.987385394351037,0.0
2023-02-08,20.987385394351037,0.03190065659982889,0.05544479120034804,0.575358945523969,39.8,33.29633740288568,0,62.96215618305311,0.0005299975988838079,-45.504994450610425,0,0.05491479360146423,20.987385394351037,0.005744675952764518
2023-02-09,20.987385394351037,0.10203893907533469,0.05418976268643849,1.882992912623899,62.2,137.62486126526082,0,62.96215618305311,-0.0012550285139095452,104.32852386237514,0,0.05544479120034804,20.987385394351037,0.03190065659982889
2023-02-10,20.987385394351037,0.03655419469938175,0.053758567027702285,0.6799696628919636,29.9,114.31742508324085,0,62.96215618305311,-0.00043119565873620674,-23.30743618201997,0,0.05418976268643849,20.987385394351037,0.10203893907533469
2023-02-11,20.987385394351037,0.0966045422303944,0.054321586489170445,1.7783821952559042,67.6,127.63596004439512,0,62.96215618305311,0.0005630194614681602,13.31853496115427,0,0.053758567027702285,20.987385394351037,0.03655419469938175
2023-02-12,20.987385394351037,0.1134288888540477,0.054901018014078734,2.0660616680178894,47.7,87.6803551609323,0,62.96215618305311,0.0005794315249082888,-39.955604883462826,0,0.054321586489170445,20.987385394351037,0.0966045422303944
2023-02-13,20.987385394351037,0.15979566934508416,0.055546427352254374,2.8767947276198456,69.0,248.6126526082131,0,62.96215618305311,0.0006454093381756398,160.9322974472808,0,0.054901018014078734,20.987385394351037,0.1134288888540477
2023-02-14,20.987385394351037,0.028685914328631726,0.05223158600875672,0.5492062661819704,28.9,31.076581576026637,0,62.96215618305311,-0.003314841343497653,-217.53607103218647,0,0.055546427352254374,20.987385394351037,0.15979566934508416
2023-02-15,20.987385394351037,0.15870209658519271,0.04704102377618614,3.373695635117819,61.2,215.3163152053274,0,62.96215618305311,-0.005190562232570584,184.2397336293008,0,0.05223158600875672,20.987385394351037,0.028685914328631726
2023-02-16,20.987385394351037,0.031142797586350315,0.04252882683247417,0.7322750215759606,60.7,229.7447280799112,0,62.96215618305311,-0.004512196943711966,14.428412874583785,0,0.04704102377618614,20.987385394351037,0.15870209658519271
2023-02-17,20.987385394351037,0.030249673921354716,0.04283914006410519,0.706122342233962,45.6,86.57047724750278,0,62.96215618305311,0.0003103132316310195,-143.1742508324084,0,0.04252882683247417,20.987385394351037,0.031142797586350315
2023-02-18,20.987385394351037,0.10499475056097078,0.052824793121050505,1.9876036299918933,65.8,235.2941176470588,0,62.96215618305311,0.009985653056945314,148.72364039955602,0,0.04283914006410519,20.987385394351037,0.030249673921354716
2023-02-19,20.987385394351037,0.1028678458937304,0.04627479792280667,2.222977744069881,61.1,280.79911209766925,0,62.96215618305311,-0.006549995198243834,45.50499445061044,0,0.052824793121050505,20.987385394351037,0.10499475056097078
2023-02-20,20.987385394351037,0.02724674827696835,0.04529712668984515,0.6015116248659677,46.5,52.16426193118757,0,62.96215618305311,-0.0009776712329615175,-228.63485016648167,0,0.04627479792280667,20.987385394351037,0.1028678458937304
2023-02-21,20.987385394351037,0.1392651337928282,0.046305051485533655,3.007558124329839,64.7,201.99778024417313,0,62.96215618305311,0.0010079247956885015,149.83351831298557,0,0.04529712668984515,20.987385394351037,0.02724674827696835
2023-02-22,20.987385394351037,0.081747381250385,0.04530108140392711,1.804534874597903,51.2,128.74583795782462,0,62.96215618305311,-0.0010039700816065478,-73.25194228634851,0,0.046305051485533655,20.987385394351037,0.1392651337928282
2023-02-23,20.987385394351037,0.08160024038159346,0.04800228294570752,1.6999241572299084,61.4,159.8224195338513,0,62.96215618305311,0.0027012015417804125,31.076581576026683,0,0.04530108140392711,20.987385394351037,0.081747381250385
2023-02-24,20.987385394351037,0.16458789149258635,0.04955391501576396,3.3213902764338217,65.5,228.6348501664817,0,62.96215618305311,0.001551632070056437,68.8124306326304,0,0.04800228294570752,20.987385394351037,0.08160024038159346
2023-02-25,20.987385394351037,0.05575874159010656,0.04737882227068676,1.1768705703899367,47.3,63.26304106548279,0,62.96215618305311,-0.002175092745077198,-165.37180910099892,0,0.04955391501576396,20.987385394351037,0.16458789149258635
2023-02-26,20.987385394351037,0.138476558483599,0.045645932471873894,3.0337108036718377,60.5,229.7447280799112,0,62.96215618305311,-0.0017328897988128644,166.48168701442842,0,0.04737882227068676,20.987385394351037,0.05575874159010656
2023-02-27,20.987385394351037,0.052491483433601244,0.04270461387341723,1.2291759290739341,37.3,93.22974472807991,0,62.96215618305311,-0.0029413185984566645,-136.5149833518313,0,0.045645932471873894,20.987385394351037,0.138476558483599
2023-02-28,20.987385394351037,0.10715048095026354,0.043127504632581325,2.4845045374898667,82.0,200.8879023307436,0,62.96215618305311,0.00042289075916409485,107.65815760266369,0,0.04270461387341723,20.987385394351037,0.052491483433601244
2023-03-01,20.987385394351037,0.04202465824129482,0.04342964478844296,0.967649135653948,63.8,173.14095449500556,0,62.96215618305311,0.00030214015586163545,-27.74694783573804,0,0.043127504632581325,20.987385394351037,0.10715048095026354
2023-03-02,20.987385394351037,0.03541641806948843,0.04514058592410096,0.7845803802599578,51.1,0.0,0,62.96215618305311,0.0017109411356579993,-173.14095449500556,0,0.04342964478844296,20.987385394351037,0.04202465824129482
2023-03-03,20.987385394351037,0.10659810214708215,0.05225630297176896,2.0399089886758905,45.0,139.84461709211988,0,62.96215618305311,0.007115717047668002,139.84461709211988,0,0.04514058592410096,20.987385394351037,0.03541641806948843
2023-03-04,20.987385394351037,0.035008607128359195,0.04615945209541621,0.7584277009179592,38.3,74.36182019977802,0,62.96215618305311,-0.006096850876352748,-65.48279689234185,0,0.05225630297176896,20.987385394351037,0.10659810214708215
2023-03-05,20.987385394351037,0.049329590692560675,0.044909894269320044,1.098412532363941,35.4,87.6803551609323,0,62.96215618305311,-0.001249557826096169,13.31853496115427,0,0.04615945209541621,20.987385394351037,0.035008607128359195
2023-03-06,20.987385394351037,0.0,0.043635619480211635,0.0,34.0,0.0,0,62.96215618305311,-0.0012742747891084094,-87.6803551609323,0,0.044909894269320044,20.987385394351037,0.049329590692560675
2023-03-07,20.987385394351037,0.02299755805894685,0.04396788137499752,0.5230535868399719,47.8,96.55937846836848,0,62.96215618305311,0.00033226189478588464,96.55937846836848,0,0.043635619480211635,20.987385394351037,0.0
2023-03-08,20.987385394351037,0.0,0.046379202374570376,0.0,32.6,0.0,0,62.96215618305311,0.0024113209995728566,-96.55937846836848,0,0.04396788137499752,20.987385394351037,0.02299755805894685
2023-03-09,20.987385394351037,0.04401491867853505,0.04674995681975399,0.9414964563119497,36.4,109.87791342952276,0,62.96215618305311,0.0003707544451836131,109.87791342952276,0,0.046379202374570376,20.987385394351037,0.0
2023-03-10,20.987385394351037,0.08322021011163333,0.037882037786172884,2.196825064727882,64.1,166.48168701442842,0,62.96215618305311,-0.008867919033581105,56.60377358490565,0,0.04674995681975399,20.987385394351037,0.04401491867853505
2023-03-11,20.987385394351037,0.05485057535263545,0.029129464579982237,1.882992912623899,53.3,213.09655937846836,0,62.96215618305311,-0.008752573206190647,46.61487236403994,0,0.037882037786172884,20.987385394351037,0.08322021011163333
2023-03-12,20.987385394351037,0.0337978800620596,0.02809412043332549,1.2030232497319355,63.0,167.59156492785792,0,62.96215618305311,-0.0010353441466567463,-45.50499445061044,0,0.029129464579982237,20.987385394351037,0.05485057535263545
2023-03-13,20.987385394351037,0.031819150320450726,0.028294624437280792,1.1245652117059395,50.5,36.62597114317425,0,62.96215618305311,0.00020050400395530202,-130.96559378468368,0,0.02809412043332549,20.987385394351037,0.0337978800620596
2023-03-14,20.987385394351037,0.08297059096585646,0.03237292333430054,2.5629625755158623,81.5,256.3817980022198,0,62.96215618305311,0.004078298897019744,219.75582685904556,0,0.028294624437280792,20.987385394351037,0.031819150320450726
2023-03-15,20.987385394351037,0.06183307397744669,0.03752874999485125,1.6476187985459112,57.3,135.4051054384018,0,62.96215618305311,0.005155826660550714,-120.976692563818,0,0.03237292333430054,20.987385394351037,0.08297059096585646
2023-03-16,20.987385394351037,0.04149858135852161,0.03870198183916562,1.0722598530219423,48.0,89.90011098779134,0,62.96215618305311,0.0011732318443143722,-45.504994450610454,0,0.03752874999485125,20.987385394351037,0.06183307397744669
2023-03-17,20.987385394351037,9.238226114865038,2.1539149509395994,4.28903941208777,78.6,672.5860155382908,2,62.96215618305311,2.1152129691004338,582.6859045504995,0,0.03870198183916562,20.987385394351037,0.04149858135852161
2023-03-18,20.987385394351037,0.13087041394369203,0.05957252402339227,2.196825064727882,54.1,118.75693673695893,0,62.96215618305311,-2.094342426916207,-553.8290788013319,0,2.1539149509395994,20.987385394351037,9.238226114865038
2023-03-19,20.987385394351037,0.06834840544017921,0.07919509026715552,0.8630384182859536,25.0,28.85682574916759,0,62.96215618305311,0.019622566243763247,-89.90011098779135,0,0.05957252402339227,20.987385394351037,0.13087041394369203
2023-03-20,20.987385394351037,0.13595675690596554,0.07426540734019146,1.8306875539399017,39.4,239.7336293007769,0,62.96215618305311,-0.004929682926964052,210.8768035516093,0,0.07919509026715552,20.987385394351037,0.06834840544017921
2023-03-21,20.987385394351037,0.17238153419809268,0.06277478783935683,2.7460313309098527,80.0,265.26082130965597,0,62.96215618305311,-0.011490619500834631,25.52719200887907,0,0.07426540734019146,20.987385394351037,0.13595675690596554
2023-03-22,20.987385394351037,0.04102111792038543,0.05059756406199282,0.8107330596019564,35.5,7.769145394006659,0,62.96215618305311,-0.012177223777364014,-257.4916759156493,0,0.06277478783935683,20.987385394351037,0.17238153419809268
2023-03-23,20.987385394351037,0.024011940902283,0.05400850495768206,0.44459554881397606,30.9,51.054384017758046,0,62.96215618305311,0.0034109408956892392,43.28523862375139,0,0.05059756406199282,20.987385394351037,0.04102111792038543
2023-03-24,20.987385394351037,24.158163620494932,2.5238680392264055,9.571880639171486,93.0,1000.0,2,62.96215618305311,2.4698595342687235,948.945615982242,1,0.05400850495768206,20.987385394351037,0.024011940902283
2023-03-25,20.987385394351037,0.108826332869841,0.05404146090836505,2.013756309333892,61.8,240.84350721420645,0,62.96215618305311,-2.4698265783180404,-759.1564927857935,0,2.5238680392264055,20.987385394351037,24.158163620494932
2023-03-26,20.987385394351037,0.04643041933075285,0.03414153738365377,1.3599393257839272,33.0,77.6914539400666,0,62.96215618305311,-0.01989992352471128,-163.15205327413986,0,0.05404146090836505,20.987385394351037,0.108826332869841
2023-03-27,20.987385394351037,8.842607428329508,1.6100703820811206,5.492062661819705,95.0,563.8179800221975,1,62.96215618305311,1.5759288446974669,486.1265260821309,1,0.03414153738365377,20.987385394351037,0.04643041933075285
2023-03-28,20.987385394351037,0.09496043264786405,0.034580972030060726,2.7460313309098527,69.5,324.08435072142066,0,62.96215618305311,-1.57548941005106,-239.73362930077684,0,1.6100703820811206,20.987385394351037,8.842607428329508
2023-03-29,20.987385394351037,0.06767358960468853,0.03234543807143093,2.0922143473598878,48.5,204.21753607103219,0,62.96215618305311,-0.0022355339586297984,-119.86681465038848,0,0.034580972030060726,20.987385394351037,0.09496043264786405
2023-03-30,20.987385394351037,0.039387346174075216,0.027382799193783884,1.4383973638099228,60.3,236.40399556048837,0,62.96215618305311,-0.004962638877647044,32.18645948945618,0,0.03234543807143093,20.987385394351037,0.06767358960468853
2023-03-31,20.987385394351037,0.035977519930224244,0.028659842282749662,1.2553286084159327,48.8,97.66925638179801,0,62.96215618305311,0.0012770430889657777,-138.73473917869035,0,0.027382799193783884,20.987385394351037,0.039387346174075216
2023-04-01,20.987385394351037,0.010030913694494112,0.027396574781169372,0.3661375107879804,33.5,63.26304106548279,0,62.96215618305311,-0.0012632675015802897,-34.40621531631522,0,0.028659842282749662,20.987385394351037,0.035977519930224244
2023-04-02,20.987385394351037,0.04607527884564067,0.032625563652236324,1.4122446844679244,55.2,120.97669256381798,0,62.96215618305311,0.005228988871066952,57.71365149833519,0,0.027396574781169372,20.987385394351037,0.010030913694494112
2023-04-03,20.987385394351037,0.04249890377480375,0.03779140892179467,1.1245652117059395,37.9,93.22974472807991,0,62.96215618305311,0.005165845269558343,-27.74694783573807,0,0.032625563652236324,20.987385394351037,0.04607527884564067
2023-04-04,20.987385394351037,0.18902391626856302,0.08503185278071812,2.222977744069881,59.2,156.49278579356272,0,62.96215618305311,0.04724044385892345,63.26304106548281,0,0.03779140892179467,20.987385394351037,0.04249890377480375
2023-04-05,20.987385394351037,0.06284745665702446,0.02700110337297352,2.3275884614378755,73.9,207.54716981132077,0,62.96215618305311,-0.0580307494077446,51.05438401775805,0,0.08503185278071812,20.987385394351037,0.18902391626856302
2023-04-06,20.987385394351037,0.0,0.025677328745939264,0.0,33.7,0.0,0,62.96215618305311,-0.0013237746270342542,-207.54716981132077,0,0.02700110337297352,20.987385394351037,0.06284745665702446
2023-04-07,20.987385394351037,0.02513884591246432,0.025295632925128896,0.9938018149959466,60.9,217.53607103218647,0,62.96215618305311,-0.00038169582081036893,217.53607103218647,0,0.025677328745939264,20.987385394351037,0.0
2023-04-08,20.987385394351037,0.021491595431230175,0.03160669748092107,0.6799696628919636,48.8,92.11986681465038,0,62.96215618305311,0.006311064555792174,-125.41620421753609,0,0.025295632925128896,20.987385394351037,0.02513884591246432
2023-04-09,20.987385394351037,0.05266448418711754,0.022626200919806883,2.3275884614378755,73.4,274.13984461709214,0,62.96215618305311,-0.008980496561114187,182.01997780244176,0,0.03160669748092107,20.987385394351037,0.021491595431230175
2023-04-10,20.987385394351037,0.014460345821948484,0.02047852752569793,0.706122342233962,36.6,48.834628190899004,0,62.96215618305311,-0.002147673394108953,-225.30521642619314,0,0.022626200919806883,20.987385394351037,0.05266448418711754
2023-04-11,20.987385394351037,0.04815567769941599,0.02001444182818009,2.406046499463871,57.7,163.15205327413983,0,62.96215618305311,-0.0004640856975178381,114.31742508324083,0,0.02047852752569793,20.987385394351037,0.014460345821948484
2023-04-12,20.987385394351037,0.02617245726062534,0.02175557061466371,1.2030232497319355,45.6,175.3607103218646,0,62.96215618305311,0.0017411287864836193,12.208657047724756,0,0.02001444182818009,20.987385394351037,0.04815567769941599
2023-04-13,20.987385394351037,0.02816112034654301,0.018891171205101136,1.49070272249392,57.7,102.10876803551609,0,62.96215618305311,-0.002864399409562575,-73.2519422863485,0,0.02175557061466371,20.987385394351037,0.02617245726062534
2023-04-14,20.987385394351037,0.03165647158753896,0.016581486357434616,1.9091455919658975,63.1,170.9211986681465,0,62.96215618305311,-0.0023096848476665197,68.81243063263041,0,0.018891171205101136,20.987385394351037,0.02816112034654301
2023-04-15,20.987385394351037,0.04486402165886649,0.015883940705278494,2.824489368935849,54.7,86.57047724750278,0,62.96215618305311,-0.0006975456521561216,-84.35072142064372,0,0.016581486357434616,20.987385394351037,0.03165647158753896
2023-04-16,20.987385394351037,0.026480635675463243,0.017457587350391164,1.5168554018359188,58.6,142.0643729189789,0,62.96215618305311,0.0015736466451126696,55.493895671476125,0,0.015883940705278494,20.987385394351037,0.04486402165886649
2023-04-17,20.987385394351037,0.03694243990539024,0.019350247598115156,1.9091455919658975,72.0,177.58046614872364,0,62.96215618305311,0.0018926602477239915,35.51609322974474,0,0.017457587350391164,20.987385394351037,0.026480635675463243
2023-04-18,20.987385394351037,0.04065547782297382,0.013401237116526287,3.0337108036718377,70.5,243.06326304106548,0,62.96215618305311,-0.005949010481588869,65.48279689234184,0,0.019350247598115156,20.987385394351037,0.03694243990539024
2023-04-19,20.987385394351037,0.01115890544863172,0.011852307434425858,0.9414964563119497,38.2,180.91009988901223,0,62.96215618305311,-0.0015489296821004292,-62.15316315205325,0,0.013401237116526287,20.987385394351037,0.04065547782297382
2023-04-20,20.987385394351037,0.021393436187712566,0.011686011707279502,1.8306875539399017,52.1,136.5149833518313,0,62.96215618305311,-0.0001662957271463556,-44.39511653718094,0,0.011852307434425858,20.987385394351037,0.01115890544863172
2023-04-21,20.987385394351037,0.01292961182033046,0.01205828212619453,1.0722598530219423,26.6,16.64816870144284,0,62.96215618305311,0.0003722704189150286,-119.86681465038845,0,0.011686011707279502,20.987385394351037,0.021393436187712566
2023-04-22,20.987385394351037,0.04644585806931699,0.01629312178895847,2.850642048277847,60.8,184.23973362930076,0,62.96215618305311,0.004234839662763938,167.59156492785792,0,0.01205828212619453,20.987385394351037,0.01292961182033046
2023-04-23,20.987385394351037,0.03079619363795443,0.018992807357007473,1.6214661192039126,48.3,148.72364039955605,0,62.96215618305311,0.002699685568049004,-35.51609322974471,0,0.01629312178895847,20.987385394351037,0.04644585806931699
2023-04-24,20.987385394351037,5.196599061754875,1.0978030846647575,4.733634960901745,65.8,423.9733629300777,1,62.96215618305311,1.0788102773077501,275.2497225305217,0,0.018992807357007473,20.987385394351037,0.03079619363795443
2023-04-25,20.987385394351037,0.017014518809079324,0.026023366228110634,0.653816983549965,19.7,46.614872364039954,0,62.96215618305311,-1.0717797184366469,-377.35849056603774,0,1.0978030846647575,20.987385394351037,5.196599061754875
2023-04-26,20.987385394351037,0.08541338429414921,0.03170826772092604,2.6937259722258555,67.6,238.6237513873474,0,62.96215618305311,0.005684901492815406,192.00887902330743,0,0.026023366228110634,20.987385394351037,0.017014518809079324
2023-04-27,20.987385394351037,0.04355712620323147,0.027303177616933787,1.5953134398619144,46.3,94.33962264150944,0,62.96215618305311,-0.004405090103992253,-144.28412874583796,0,0.03170826772092604,20.987385394351037,0.08541338429414921
2023-04-28,20.987385394351037,0.16048037127627063,0.04613750343226134,3.4783063524858133,53.0,157.60266370699222,0,62.96215618305311,0.018834325815327554,63.26304106548278,0,0.027303177616933787,20.987385394351037,0.04355712620323147
2023-04-29,20.987385394351037,0.0,0.020928969459633007,0.0,36.9,64.37291897891231,0,62.96215618305311,-0.025208533972628334,-93.22974472807991,0,0.04613750343226134,20.987385394351037,0.16048037127627063
2023-04-30,20.987385394351037,0.05038826804187363,0.019660165358337974,2.5629625755158623,64.8,302.9966703662597,0,62.96215618305311,-0.0012688041012950332,238.6237513873474,0,0.020928969459633007,20.987385394351037,0.0
2023-05-01,20.987385394351037,0.02323374598060603,0.023378651185800858,0.9938018149959466,40.3,0.0,0,62.96215618305311,0.0037184858274628835,-302.9966703662597,0,0.019660165358337974,20.987385394351037,0.05038826804187363
2023-05-02,20.987385394351037,0.0066320211520332845,0.028176510310032963,0.2353741140779873,49.4,138.73473917869035,0,62.96215618305311,0.004797859124232105,138.73473917869035,0,0.023378651185800858,20.987385394351037,0.02323374598060603
2023-05-03,20.987385394351037,0.07577311814165591,0.0273333652677594,2.772184010251851,72.2,194.2286348501665,0,62.96215618305311,-0.0008431450422735631,55.49389567147614,0,0.028176510310032963,20.987385394351037,0.0066320211520332845
2023-05-04,20.987385394351037,0.06408899158588695,0.026350223346984506,2.432199178805869,69.2,246.39289678135407,0,62.96215618305311,-0.0009831419207748937,52.16426193118758,0,0.0273333652677594,20.987385394351037,0.07577311814165591
2023-05-05,20.987385394351037,0.0,0.02508412163364548,0.0,37.4,124.30632630410655,0,62.96215618305311,-0.0012661017133390254,-122.08657047724752,0,0.026350223346984506,20.987385394351037,0.06408899158588695
2023-05-06,20.987385394351037,2.6851044046879258,0.7032214871373438,3.818291183931795,65.6,407.3251942286348,1,62.96215618305311,0.6781373655036983,283.01886792452825,0,0.02508412163364548,20.987385394351037,0.0
2023-05-07,20.987385394351037,0.0452668686686401,0.025833869511683455,1.7522295159139056,63.0,100.99889012208656,0,62.96215618305311,-0.6773876176256604,-306.32630410654826,0,0.7032214871373438,20.987385394351037,2.6851044046879258
2023-05-08,20.987385394351037,0.8321617935589899,0.13425894725871346,6.198185004053666,80.8,578.2463928967813,1,62.96215618305311,0.10842507774703,477.2475027746948,0,0.025833869511683455,20.987385394351037,0.0452668686686401
2023-05-09,20.987385394351037,0.0298561283724868,0.022832175611575554,1.3076339670999295,39.0,49.944506104328525,0,62.96215618305311,-0.1114267716471379,-528.3018867924528,0,0.13425894725871346,20.987385394351037,0.8321617935589899
2023-05-10,20.987385394351037,0.025948637236581307,0.02067079254198248,1.2553286084159327,45.6,186.45948945615982,0,62.96215618305311,-0.0021613830695930737,136.5149833518313,0,0.022832175611575554,20.987385394351037,0.0298561283724868
2023-05-11,20.987385394351037,0.03868359582922939,0.019462429654240047,1.9876036299918933,59.0,289.6781354051055,0,62.96215618305311,-0.0012083628877424327,103.21864594894566,0,0.02067079254198248,20.987385394351037,0.025948637236581307
2023-05-12,20.987385394351037,0.04535805761266456,0.01948714661725229,2.3275884614378755,62.8,184.23973362930076,0,62.96215618305311,2.471696301224388e-05,-105.43840177580472,0,0.019462429654240047,20.987385394351037,0.03868359582922939
2023-05-13,20.987385394351037,0.02490551756615716,0.019434944391370435,1.281481287757931,59.3,256.3817980022198,0,62.96215618305311,-5.220222588185608e-05,72.14206437291904,0,0.01948714661725229,20.987385394351037,0.04535805761266456
2023-05-14,20.987385394351037,0.03151833876766238,0.018830729991548535,1.6737714778879098,56.6,155.3829078801332,0,62.96215618305311,-0.0006042143998219,-100.9988901220866,0,0.019434944391370435,20.987385394351037,0.02490551756615716
2023-05-15,20.987385394351037,0.0,0.017542745526956005,0.0,38.8,21.087680355160934,0,62.96215618305311,-0.00128798446459253,-134.29522752497226,0,0.018830729991548535,20.987385394351037,0.03151833876766238
2023-05-16,20.987385394351037,0.06484320141539728,0.018783405246367766,3.4521536731438145,61.1,281.90899001109875,0,62.96215618305311,0.001240659719411761,260.8213096559378,0,0.017542745526956005,20.987385394351037,0.0
2023-05-17,20.987385394351037,0.026160382637099116,0.014497022476735632,1.804534874597903,53.1,227.52497225305214,0,62.96215618305311,-0.004286382769632134,-54.38401775804661,0,0.018783405246367766,20.987385394351037,0.06484320141539728
2023-05-18,20.987385394351037,0.023207448895380598,0.013445200354737391,1.726076836571907,60.7,302.9966703662597,0,62.96215618305311,-0.0010518221219982405,75.47169811320757,0,0.014497022476735632,20.987385394351037,0.026160382637099116
2023-05-19,20.987385394351037,0.013004967686901287,0.01714727411876015,0.7584277009179592,36.1,15.538290788013319,0,62.96215618305311,0.00370207376402276,-287.45837957824637,0,0.013445200354737391,20.987385394351037,0.023207448895380598
2023-05-20,20.987385394351037,0.008337383519322016,0.013283188901179825,0.6276643042079664,42.9,59.933407325194224,0,62.96215618305311,-0.0038640852175803268,44.395116537180904,0,0.01714727411876015,20.987385394351037,0.013004967686901287
2023-05-21,20.987385394351037,0.021034224901037783,0.014623375591654207,1.4383973638099228,64.9,274.13984461709214,0,62.96215618305311,0.0013401866904743827,214.2064372918979,0,0.013283188901179825,20.987385394351037,0.008337383519322016
2023-05-22,20.987385394351037,0.012817268943096444,0.014002683216490813,0.9153437769699511,32.1,0.0,0,62.96215618305311,-0.0006206923751633942,-274.13984461709214,0,0.014623375591654207,20.987385394351037,0.021034224901037783
2023-05-23,20.987385394351037,0.03292859219326661,0.01447230551372339,2.2752831027538782,65.6,271.920088790233,0,62.96215618305311,0.0004696222972325765,271.920088790233,0,0.014002683216490813,20.987385394351037,0.012817268943096444
2023-05-24,20.987385394351037,0.01897401623632541,0.018602806636624992,1.019954494337945,46.2,68.81243063263041,0,62.96215618305311,0.004130501122901602,-203.1076581576026,0,0.01447230551372339,20.987385394351037,0.03292859219326661
2023-05-25,20.987385394351037,0.08351767239106772,0.03942549678045994,2.1183670267018866,52.6,177.58046614872364,0,62.96215618305311,0.020822690143834945,108.76803551609324,0,0.018602806636624992,20.987385394351037,0.01897401623632541
2023-05-26,20.987385394351037,0.0828673437051967,0.024949595442957523,3.3213902764338217,63.2,235.2941176470588,0,62.96215618305311,-0.014475901337502414,57.71365149833517,0,0.03942549678045994,20.987385394351037,0.08351767239106772
2023-05-27,20.987385394351037,0.017633330282633725,0.016856141250426636,1.0461071736799439,54.2,129.85571587125418,0,62.96215618305311,-0.008093454192530887,-105.43840177580464,0,0.024949595442957523,20.987385394351037,0.0828673437051967
2023-05-28,20.987385394351037,0.00902226985972491,0.03136223023875467,0.2876794727619845,43.1,163.15205327413983,0,62.96215618305311,0.01450608898832803,33.296337402885655,0,0.016856141250426636,20.987385394351037,0.017633330282633725
2023-05-29,20.987385394351037,0.032058681042696914,0.01459318794082859,2.196825064727882,54.8,137.62486126526082,0,62.96215618305311,-0.016769042297926078,-25.527192008879013,0,0.03136223023875467,20.987385394351037,0.00902226985972491
2023-05-30,20.987385394351037,0.024801924568382656,0.018237522879254755,1.3599393257839272,53.4,218.64594894561597,0,62.96215618305311,0.0036443349384261657,81.02108768035515,0,0.01459318794082859,20.987385394351037,0.032058681042696914
2023-05-31,20.987385394351037,0.021606668023390736,0.014244382158799848,1.5168554018359188,49.1,182.01997780244173,0,62.96215618305311,-0.003993140720454907,-36.62597114317424,0,0.018237522879254755,20.987385394351037,0.024801924568382656
2023-06-01,20.987385394351037,0.03174490612359119,0.014450356850568523,2.196825064727882,62.2,106.54827968923418,0,62.96215618305311,0.00020597469176867472,-75.47169811320755,0,0.014244382158799848,20.987385394351037,0.021606668023390736
2023-06-02,20.987385394351037,0.030596515646973577,0.013763752574039154,2.222977744069881,65.1,283.0188679245283,0,62.96215618305311,-0.0006866042765293692,176.47058823529414,0,0.014450356850568523,20.987385394351037,0.03174490612359119
2023-06-03,20.987385394351037,0.011238306251553962,0.013428722379395897,0.836885738943955,50.7,127.63596004439512,0,62.96215618305311,-0.0003350301946432564,-155.3829078801332,0,0.013763752574039154,20.987385394351037,0.030596515646973577
2023-06-04,20.987385394351037,0.009516106657430062,0.012547150698625973,0.7584277009179592,29.3,0.0,0,62.96215618305311,-0.0008815716807699242,-127.63596004439512,0,0.013428722379395897,20.987385394351037,0.011238306251553962
2023-06-05,20.987385394351037,0.015689451797162517,0.010907592152147327,1.4383973638099228,49.0,198.66814650388457,0,62.96215618305311,-0.0016395585464786464,198.66814650388457,0,0.012547150698625973,20.987385394351037,0.009516106657430062
2023-06-06,20.987385394351037,0.008783413201602737,0.007996461204516279,1.098412532363941,51.6,154.27302996670366,0,62.96215618305311,-0.002911130947631048,-44.39511653718091,0,0.010907592152147327,20.987385394351037,0.015689451797162517
2023-06-07,20.987385394351037,0.0016628834250359053,0.010597278920516314,0.1569160760519916,27.1,68.81243063263041,0,62.96215618305311,0.0026008177160000354,-85.46059933407325,0,0.007996461204516279,20.987385394351037,0.008783413201602737
2023-06-08,20.987385394351037,13.111539368118684,2.7099780044256976,4.83824567826974,62.6,578.2463928967813,2,62.96215618305311,2.6993807255051814,509.4339622641509,0,0.010597278920516314,20.987385394351037,0.0016628834250359053
2023-06-09,20.987385394351037,0.012614116593186857,0.008175016545316707,1.5430080811779172,59.4,208.65704772475027,0,62.96215618305311,-2.701802987880381,-369.5893451720311,0,2.7099780044256976,20.987385394351037,13.111539368118684
2023-06-10,20.987385394351037,0.014781837537605357,0.008191494520658201,1.804534874597903,44.4,105.43840177580466,0,62.96215618305311,1.6477975341494186e-05,-103.2186459489456,0,0.008175016545316707,20.987385394351037,0.012614116593186857
2023-06-11,20.987385394351037,0.08415652311151799,0.03186032647737735,2.6414206135418583,65.5,195.33851276359601,0,62.96215618305311,0.023668831956719146,89.90011098779135,0,0.008191494520658201,20.987385394351037,0.014781837537605357
2023-06-12,20.987385394351037,0.010959015037126096,0.009311996843879788,1.1768705703899367,42.7,190.89900110987793,0,62.96215618305311,-0.02254832963349756,-4.439511653718085,0,0.03186032647737735,20.987385394351037,0.08415652311151799
2023-06-13,20.987385394351037,10.110964494767236,2.3150476011162553,4.367497450113766,70.4,571.5871254162042,2,62.96215618305311,2.3057356042723756,380.6881243063263,0,0.009311996843879788,20.987385394351037,0.010959015037126096
2023-06-14,20.987385394351037,0.01716506246575203,0.007134135798945219,2.406046499463871,62.9,204.21753607103219,0,62.96215618305311,-2.30791346531731,-367.369589345172,0,2.3150476011162553,20.987385394351037,10.110964494767236
2023-06-15,20.987385394351037,0.0142450995164005,0.006260803105846042,2.2752831027538782,73.5,280.79911209766925,0,62.96215618305311,-0.0008733326930991771,76.58157602663707,0,0.007134135798945219,20.987385394351037,0.01716506246575203
2023-06-16,20.987385394351037,0.005981796642372738,0.0060191041635370085,0.9938018149959466,44.9,76.58157602663707,0,62.96215618305311,-0.00024169894230903315,-204.21753607103219,0,0.006260803105846042,20.987385394351037,0.0142450995164005
2023-06-17,20.987385394351037,0.002026810566300731,0.004843697226477565,0.41844286947197745,53.0,84.35072142064374,0,62.96215618305311,-0.0011754069370594434,7.769145394006671,0,0.0060191041635370085,20.987385394351037,0.005981796642372738
2023-06-18,20.987385394351037,0.0009713186543539282,0.0006088575637136252,1.5953134398619144,33.3,106.54827968923418,0,62.96215618305311,-0.00423483966276394,22.19755826859044,0,0.004843697226477565,20.987385394351037,0.002026810566300731
2023-06-19,20.987385394351037,0.0003604867406606779,0.00019413988031890614,1.8568402332819003,47.9,160.9322974472808,0,62.96215618305311,-0.00041471768339471906,54.384017758046625,0,0.0006088575637136252,20.987385394351037,0.0009713186543539282
2023-06-20,20.987385394351037,0.00456863775458398,0.00249558574031468,1.8306875539399017,46.6,154.27302996670366,0,62.96215618305311,0.002301445859995774,-6.659267480577142,0,0.00019413988031890614,20.987385394351037,0.0003604867406606779
2023-06-21,20.987385394351037,0.005298387368424913,0.005788412508756093,0.9153437769699511,42.2,104.32852386237514,0,62.96215618305311,0.0032928267684414134,-49.944506104328525,0,0.00249558574031468,20.987385394351037,0.00456863775458398
2023-06-22,20.987385394351037,0.0073601636752352395,0.017589411153123114,0.41844286947197745,33.3,4.439511653718091,0,62.96215618305311,0.011800998644367022,-99.88901220865705,0,0.005788412508756093,20.987385394351037,0.005298387368424913
2023-06-23,20.987385394351037,0.01825414802089931,0.017897021996798126,1.019954494337945,60.4,158.71254162042175,0,62.96215618305311,0.0003076108436750116,154.27302996670366,0,0.017589411153123114,20.987385394351037,0.0073601636752352395
2023-06-24,20.987385394351037,0.07953835552880861,0.022038464495326475,3.6090697491958066,68.4,216.42619311875694,0,62.96215618305311,0.004141442498528349,57.713651498335196,0,0.017897021996798126,20.987385394351037,0.01825414802089931
2023-06-25,20.987385394351037,0.03357083391099198,0.022131861659562064,1.5168554018359188,53.0,195.33851276359601,0,62.96215618305311,9.339716423558894e-05,-21.087680355160927,0,0.022038464495326475,20.987385394351037,0.07953835552880861
2023-06-26,20.987385394351037,0.026797501121003587,0.02009129510517282,1.3337866464419283,42.6,47.72475027746948,0,62.96215618305311,-0.0020405665543892434,-147.61376248612652,0,0.022131861659562064,20.987385394351037,0.03357083391099198
2023-06-27,20.987385394351037,0.005647688840289908,0.01799588984884709,0.3138321521039832,36.1,0.0,0,62.96215618305311,-0.0020954052563257296,-47.72475027746948,0,0.02009129510517282,20.987385394351037,0.026797501121003587
2023-06-28,20.987385394351037,0.005075389368545015,0.01617230527375464,0.3138321521039832,47.1,118.75693673695893,0,62.96215618305311,-0.0018235845750924524,118.75693673695893,0,0.01799588984884709,20.987385394351037,0.005647688840289908
2023-06-29,20.987385394351037,0.026298992166349403,0.014788155345069148,1.7783821952559042,38.2,127.63596004439512,0,62.96215618305311,-0.0013841499286854908,8.879023307436185,0,0.01617230527375464,20.987385394351037,0.005075389368545015
2023-06-30,20.987385394351037,0.023819629195887815,0.013011302308045173,1.8306875539399017,56.1,235.2941176470588,0,62.96215618305311,-0.0017768530370239743,107.65815760266369,0,0.014788155345069148,20.987385394351037,0.026298992166349403
2023-07-01,20.987385394351037,0.029201473973528395,0.011753439582376894,2.4845045374898667,65.2,293.007769145394,0,62.96215618305311,-0.0012578627256682792,57.71365149833517,0,0.013011302308045173,20.987385394351037,0.023819629195887815
2023-07-02,20.987385394351037,0.029214076674858397,0.010951555390358433,2.6675732928838567,63.4,285.23862375138737,0,62.96215618305311,-0.0008018841920184611,-7.769145394006614,0,0.011753439582376894,20.987385394351037,0.029201473973528395
2023-07-03,20.987385394351037,0.028578207529781588,0.010308914352040172,2.772184010251851,76.2,249.72253052164262,0,62.96215618305311,-0.0006426410383182611,-35.51609322974474,0,0.010951555390358433,20.987385394351037,0.029214076674858397
2023-07-04,20.987385394351037,0.025950961304668684,0.01114929109445636,2.3275884614378755,60.8,276.3596004439512,0,62.96215618305311,0.0008403767424161879,26.63706992230857,0,0.010308914352040172,20.987385394351037,0.028578207529781588
2023-07-05,20.987385394351037,0.03270563752041658,0.01168752768101092,2.79833668959385,69.2,300.77691453940065,0,62.96215618305311,0.0005382365865545594,24.417314095449456,0,0.01114929109445636,20.987385394351037,0.025950961304668684
2023-07-06,20.987385394351037,0.004031487105260033,0.0118578440341406,0.3399848314459818,25.9,47.72475027746948,0,62.96215618305311,0.00017031635312968023,-253.05216426193118,0,0.01168752768101092,20.987385394351037,0.03270563752041658
2023-07-07,20.987385394351037,0.01339047800666478,0.010240234150816823,1.3076339670999295,31.6,96.55937846836848,0,62.96215618305311,-0.001617609883323776,48.834628190899,0,0.0118578440341406,20.987385394351037,0.004031487105260033
2023-07-08,20.987385394351037,0.02076654885572836,0.010877404501321712,1.9091455919658975,44.5,29.966703662597112,0,62.96215618305311,0.0006371703505048884,-66.59267480577137,0,0.010240234150816823,20.987385394351037,0.01339047800666478
2023-07-09,20.987385394351037,0.018392780183286744,0.009767843553726875,1.882992912623899,53.2,116.53718091009989,0,62.96215618305311,-0.0011095609475948367,86.57047724750278,0,0.010877404501321712,20.987385394351037,0.02076654885572836
2023-07-10,20.987385394351037,0.0,0.010762058673931254,0.0,35.9,76.58157602663707,0,62.96215618305311,0.0009942151202043791,-39.955604883462826,0,0.009767843553726875,20.987385394351037,0.018392780183286744
2023-07-11,20.987385394351037,0.02547506115610409,0.009839292054807594,2.589115254857861,71.9,146.503884572697,0,62.96215618305311,-0.0009227666191236605,69.92230854605992,0,0.010762058673931254,20.987385394351037,0.0
2023-07-12,20.987385394351037,0.023444552330022884,0.010932309115159569,2.144519706043885,50.1,174.2508324084351,0,62.96215618305311,0.001093017060351975,27.746947835738098,0,0.009839292054807594,20.987385394351037,0.02547506115610409
2023-07-13,20.987385394351037,0.025136542615839443,0.011047654942550026,2.2752831027538782,36.6,160.9322974472808,0,62.96215618305311,0.00011534582739045757,-13.318534961154285,0,0.010932309115159569,20.987385394351037,0.023444552330022884
2023-07-14,20.987385394351037,0.026203842181996766,0.022771734398022953,1.1507178910479383,32.0,32.186459489456155,0,62.96215618305311,0.011724079455472927,-128.74583795782465,0,0.011047654942550026,20.987385394351037,0.025136542615839443
2023-07-15,20.987385394351037,0.0281700552213017,0.025646152416593158,1.098412532363941,36.5,163.15205327413983,0,62.96215618305311,0.0028744180185702045,130.96559378468368,0,0.022771734398022953,20.987385394351037,0.026203842181996766
2023-07-16,20.987385394351037,0.06843845360858829,0.07929942880701786,0.8630384182859536,46.5,82.1309655937847,0,62.96215618305311,0.053653276390424706,-81.02108768035514,0,0.025646152416593158,20.987385394351037,0.0281700552213017
2023-07-17,20.987385394351037,0.15076497787257692,0.07896986930018797,1.9091455919658975,70.5,258.6015538290788,0,62.96215618305311,-0.00032955950682989066,176.4705882352941,0,0.07929942880701786,20.987385394351037,0.06843845360858829
2023-07-18,20.987385394351037,0.14685627205429633,0.07588301722351523,1.9352982713078961,50.1,154.27302996670366,0,62.96215618305311,-0.0030868520766727386,-104.32852386237514,0,0.07896986930018797,20.987385394351037,0.15076497787257692
2023-07-19,20.987385394351037,0.17824357454207793,0.07924999488099338,2.2491304234118794,63.9,65.48279689234185,0,62.96215618305311,0.0033669776574781485,-88.79023307436181,0,0.07588301722351523,20.987385394351037,0.14685627205429633
2023-07-20,20.987385394351037,0.10625933421998457,0.0796674149523441,1.3337866464419283,43.5,114.31742508324085,0,62.96215618305311,0.0004174200713507187,48.834628190899,0,0.07924999488099338,20.987385394351037,0.17824357454207793
2023-07-21,20.987385394351037,0.1602150724343458,0.07956030811262438,2.013756309333892,45.0,126.52608213096558,0,62.96215618305311,-0.00010710683971972002,12.208657047724728,0,0.0796674149523441,20.987385394351037,0.10625933421998457
2023-07-22,20.987385394351037,0.14355448308240193,0.07955206912495363,1.804534874597903,49.6,137.62486126526082,0,62.96215618305311,-8.238987670744491e-06,11.098779134295242,0,0.07956030811262438,20.987385394351037,0.1602150724343458
2023-07-23,20.987385394351037,0.08729657309972957,0.07947521584796091,1.098412532363941,56.5,186.45948945615982,0,62.96215618305311,-7.685327699272215e-05,48.834628190899,0,0.07955206912495363,20.987385394351037,0.14355448308240193
2023-07-24,20.987385394351037,0.1688230488122058,0.07969490021521371,2.1183670267018866,67.0,246.39289678135407,0,62.96215618305311,0.0002196843672527954,59.93340732519425,0,0.07947521584796091,20.987385394351037,0.08729657309972957
2023-07-25,20.987385394351037,0.11259524107431085,0.0797278561658967,1.4122446844679244,39.6,59.933407325194224,0,62.96215618305311,3.295595068299184e-05,-186.45948945615984,0,0.07969490021521371,20.987385394351037,0.1688230488122058
2023-07-26,20.987385394351037,0.23676851814079428,0.08011785688627918,2.9552527656458416,72.4,318.53496115427305,0,62.96215618305311,0.00039000072038247735,258.60155382907885,0,0.0797278561658967,20.987385394351037,0.11259524107431085
2023-07-27,20.987385394351037,0.02938442135302308,0.0802551513768245,0.3661375107879804,24.8,88.79023307436182,0,62.96215618305311,0.00013729449054532272,-229.74472807991123,0,0.08011785688627918,20.987385394351037,0.23676851814079428
2023-07-28,20.987385394351037,0.22913025149945002,0.08424282140946603,2.7198786515678544,76.9,227.52497225305214,0,62.96215618305311,0.003987670032641527,138.73473917869032,0,0.0802551513768245,20.987385394351037,0.02938442135302308
2023-07-29,20.987385394351037,0.0758495551413025,0.0805627622204995,0.9414964563119497,38.8,31.076581576026637,0,62.96215618305311,-0.0036800591889665224,-196.44839067702551,0,0.08424282140946603,20.987385394351037,0.22913025149945002
2023-07-30,20.987385394351037,0.12038154666146762,0.07936257240852647,1.5168554018359188,43.1,170.9211986681465,0,62.96215618305311,-0.0012001898119730348,139.84461709211988,0,0.0805627622204995,20.987385394351037,0.0758495551413025
2023-07-31,20.987385394351037,0.1972176108603567,0.07937905038386796,2.4845045374898667,70.0,226.41509433962264,0,62.96215618305311,1.6477975341488982e-05,55.49389567147614,0,0.07936257240852647,20.987385394351037,0.12038154666146762
2023-08-01,20.987385394351037,0.05396974386853383,0.0793708113961972,0.6799696628919636,40.9,74.36182019977802,0,62.96215618305311,-8.238987670758369e-06,-152.05327413984463,0,0.07937905038386796,20.987385394351037,0.1972176108603567
2023-08-02,20.987385394351037,0.1558451085644554,0.07945399221572107,1.9614509506498947,41.0,72.14206437291898,0,62.96215618305311,8.318081952386758e-05,-2.2197558268590427,0,0.0793708113961972,20.987385394351037,0.05396974386853383
2023-08-03,20.987385394351037,0.11873184014372618,0.0796482345890466,1.49070272249392,46.3,220.86570477247503,0,62.96215618305311,0.0001942423733255344,148.72364039955605,0,0.07945399221572107,20.987385394351037,0.1558451085644554
2023-08-04,20.987385394351037,0.046141727193727465,0.07670961837854594,0.6015116248659677,37.8,57.71365149833518,0,62.96215618305311,-0.0029386162105006636,-163.15205327413986,0,0.0796482345890466,20.987385394351037,0.11873184014372618
2023-08-05,20.987385394351037,0.06441675830865069,0.0821034529149292,0.7845803802599578,69.8,150.94339622641508,0,62.96215618305311,0.005393834536383257,93.2297447280799,0,0.07670961837854594,20.987385394351037,0.046141727193727465
2023-08-06,20.987385394351037,0.24016787379206123,0.08663489613384003,2.772184010251851,82.0,180.91009988901223,0,62.96215618305311,0.00453144321891083,29.966703662597155,0,0.0821034529149292,20.987385394351037,0.06441675830865069
2023-08-07,20.987385394351037,0.22219589400552275,0.08581923635443607,2.589115254857861,66.5,273.0299667036626,0,62.96215618305311,-0.0008156597794039544,92.11986681465035,0,0.08663489613384003,20.987385394351037,0.24016787379206123
2023-08-08,20.987385394351037,0.11772460750143367,0.08826344739279054,1.3337866464419283,55.3,81.02108768035517,0,62.96215618305311,0.002444211038354474,-192.00887902330743,0,0.08581923635443607,20.987385394351037,0.22219589400552275
2023-08-09,20.987385394351037,0.11609453552320516,0.08704130891766264,1.3337866464419283,57.0,105.43840177580466,0,62.96215618305311,-0.0012221384751279069,24.4173140954495,0,0.08826344739279054,20.987385394351037,0.11772460750143367
2023-08-10,20.987385394351037,0.012236696292646895,0.06684207944884844,0.1830687553939902,29.9,43.28523862375139,0,62.96215618305311,-0.020199229468814195,-62.153163152053274,0,0.08704130891766264,20.987385394351037,0.11609453552320516
2023-08-11,20.987385394351037,0.06113846035253806,0.05844378271249993,1.0461071736799439,33.2,28.85682574916759,0,62.96215618305311,-0.008398296736348516,-14.428412874583799,0,0.06684207944884844,20.987385394351037,0.012236696292646895
2023-08-12,20.987385394351037,0.015514741629852578,0.08474816795723897,0.1830687553939902,18.0,41.06548279689235,0,62.96215618305311,0.02630438524473904,12.208657047724756,0,0.05844378271249993,20.987385394351037,0.06113846035253806
2023-08-13,20.987385394351037,0.28351642689699214,0.0827543329409182,3.426000993801816,65.8,224.1953385127636,0,62.96215618305311,-0.0019938350163207635,183.12985571587126,0,0.08474816795723897,20.987385394351037,0.015514741629852578
2023-08-14,20.987385394351037,0.2058809954247039,0.08032930226586123,2.5629625755158623,72.6,237.51387347391787,0,62.96215618305311,-0.0024250306750569772,13.318534961154256,0,0.0827543329409182,20.987385394351037,0.28351642689699214
2023-08-15,20.987385394351037,0.1807161395299964,0.07942578192193643,2.2752831027538782,57.6,177.58046614872364,0,62.96215618305311,-0.0009035203439247963,-59.933407325194224,0,0.08032930226586123,20.987385394351037,0.2058809954247039
2023-08-16,20.987385394351037,0.1202940651907894,0.07930489949483124,1.5168554018359188,52.8,106.54827968923418,0,62.96215618305311,-0.00012088242710518726,-71.03218645948947,0,0.07942578192193643,20.987385394351037,0.1807161395299964
2023-08-17,20.987385394351037,0.13892192655601424,0.07928295083167636,1.7522295159139056,56.6,122.08657047724749,0,62.96215618305311,-2.1948663154885972e-05,15.538290788013313,0,0.07930489949483124,20.987385394351037,0.1202940651907894
2023-08-18,20.987385394351037,0.12636727940979467,0.079211568242497,1.5953134398619144,53.1,113.20754716981132,0,62.96215618305311,-7.138258917935292e-05,-8.87902330743617,0,0.07928295083167636,20.987385394351037,0.13892192655601424
2023-08-19,20.987385394351037,0.10755109414007585,0.07908521512757843,1.3599393257839272,53.0,110.98779134295228,0,62.96215618305311,-0.00012635311491857038,-2.2197558268590427,0,0.079211568242497,20.987385394351037,0.12636727940979467
2023-08-20,20.987385394351037,0.09705773530058089,0.07896163031251723,1.2291759290739341,38.5,153.16315205327413,0,62.96215618305311,-0.000123584815061209,42.175360710321854,0,0.07908521512757843,20.987385394351037,0.10755109414007585
2023-08-21,20.987385394351037,0.14248901565404426,0.07896163031251723,1.804534874597903,31.4,93.22974472807991,0,62.96215618305311,0.0,-59.933407325194224,0,0.07896163031251723,20.987385394351037,0.09705773530058089
2023-08-22,20.987385394351037,0.07044643998959824,0.07280163583465588,0.967649135653948,43.1,135.4051054384018,0,62.96215618305311,-0.00615999447786135,42.17536071032188,0,0.07896163031251723,20.987385394351037,0.14248901565404426
2023-08-23,20.987385394351037,0.09853155475373752,0.06385679761218069,1.5430080811779172,65.3,235.2941176470588,0,62.96215618305311,-0.008944838222475188,99.88901220865702,0,0.07280163583465588,20.987385394351037,0.07044643998959824
2023-08-24,20.987385394351037,0.0876281795092149,0.05492850327694835,1.5953134398619144,53.6,152.05327413984463,0,62.96215618305311,-0.008928294335232338,-83.24084350721418,0,0.06385679761218069,20.987385394351037,0.09853155475373752
2023-08-25,20.987385394351037,0.15501078435902582,0.05292095858514346,2.929100086303843,78.0,290.788013318535,0,62.96215618305311,-0.002007544691804891,138.73473917869035,0,0.05492850327694835,20.987385394351037,0.0876281795092149
2023-08-26,20.987385394351037,0.008398576480544597,0.0458766241266548,0.1830687553939902,31.2,134.29522752497226,0,62.96215618305311,-0.007044334458488656,-156.49278579356272,0,0.05292095858514346,20.987385394351037,0.15501078435902582
2023-08-27,20.987385394351037,0.03300474040063359,0.023370412198130113,1.4122446844679244,53.9,129.85571587125418,0,62.96215618305311,-0.02250621192852469,-4.439511653718085,0,0.0458766241266548,20.987385394351037,0.008398576480544597
2023-08-28,20.987385394351037,0.007473458454296611,0.015875701717607747,0.4707482281559747,34.8,15.538290788013319,0,62.96215618305311,-0.007494710480522367,-114.31742508324086,0,0.023370412198130113,20.987385394351037,0.03300474040063359
2023-08-29,20.987385394351037,0.004945404659036049,0.005909294935861293,0.836885738943955,31.6,57.71365149833518,0,62.96215618305311,-0.009966406781746453,42.17536071032186,0,0.015875701717607747,20.987385394351037,0.007473458454296611
2023-08-30,20.987385394351037,0.002960200607706719,0.006288288368715654,0.4707482281559747,37.9,41.06548279689235,0,62.96215618305311,0.0003789934328543611,-16.648168701442835,0,0.005909294935861293,20.987385394351037,0.004945404659036049
2023-08-31,20.987385394351037,0.004402358749757762,0.008416649575724374,0.5230535868399719,30.5,67.7025527192009,0,62.96215618305311,0.0021283612070087206,26.637069922308548,0,0.006288288368715654,20.987385394351037,0.002960200607706719
2023-09-01,20.987385394351037,0.02385054221721171,0.009119731827595238,2.61526793419986,72.8,294.11764705882354,0,62.96215618305311,0.0007030822518708634,226.41509433962264,0,0.008416649575724374,20.987385394351037,0.004402358749757762
2023-09-02,20.987385394351037,0.004431214741260873,0.003025649251099856,1.4645500431519216,43.6,78.80133185349611,0,62.96215618305311,-0.006094082576495382,-215.31631520532744,0,0.009119731827595238,20.987385394351037,0.02385054221721171
2023-09-03,20.987385394351037,0.02526627911068101,0.012711930452040913,1.9876036299918933,44.7,203.10765815760269,0,62.96215618305311,0.009686281200941057,124.30632630410658,0,0.003025649251099856,20.987385394351037,0.004431214741260873
2023-09-04,20.987385394351037,0.042210363760729855,0.025218713736234803,1.6737714778879098,53.0,119.86681465038845,0,62.96215618305311,0.01250678328419389,-83.24084350721424,0,0.012711930452040913,20.987385394351037,0.02526627911068101
2023-09-05,20.987385394351037,0.018675745524675595,0.01190174136045034,1.569160760519916,42.0,138.73473917869035,0,62.96215618305311,-0.013316972375784462,18.8679245283019,0,0.025218713736234803,20.987385394351037,0.042210363760729855
2023-09-06,20.987385394351037,0.037423705986370105,0.017240605371094373,2.170672385385884,49.0,113.20754716981132,0,62.96215618305311,0.005338864010644033,-25.527192008879027,0,0.01190174136045034,20.987385394351037,0.018675745524675595
2023-09-07,20.987385394351037,0.01834905801298092,0.01209677467659226,1.5168554018359188,34.4,106.54827968923418,0,62.96215618305311,-0.005143830694502112,-6.659267480577142,0,0.017240605371094373,20.987385394351037,0.037423705986370105
2023-09-08,20.987385394351037,16.783017887751072,1.7204618095816018,9.754949394565477,91.6,978.912319644839,2,62.96215618305311,1.7083650349050095,872.3640399556049,1,0.01209677467659226,20.987385394351037,0.01834905801298092
2023-09-09,20.987385394351037,0.14219699494617652,0.07154192757574934,1.9876036299918933,47.9,219.75582685904553,0,62.96215618305311,-1.6489198820058524,-759.1564927857935,0,1.7204618095816018,20.987385394351037,16.783017887751072
2023-09-10,20.987385394351037,0.011676850200411369,0.005016715967563251,2.3275884614378755,59.0,253.05216426193115,0,62.96215618305311,-0.06652521160818609,33.29633740288563,0,0.07154192757574934,20.987385394351037,0.14219699494617652
2023-09-11,20.987385394351037,0.009401661940900776,0.009460298621953234,0.9938018149959466,47.8,150.94339622641508,0,62.96215618305311,0.004443582654389984,-102.10876803551608,0,0.005016715967563251,20.987385394351037,0.011676850200411369
2023-09-12,20.987385394351037,0.0118267601464818,0.020555446714592022,0.575358945523969,34.5,46.614872364039954,0,62.96215618305311,0.011095148092638788,-104.32852386237512,0,0.009460298621953234,20.987385394351037,0.009401661940900776
2023-09-13,20.987385394351037,0.02587999355176139,0.015960859894172584,1.6214661192039126,82.0,229.7447280799112,0,62.96215618305311,-0.0045945868204194384,183.12985571587126,0,0.020555446714592022,20.987385394351037,0.0118267601464818
2023-09-14,20.987385394351037,0.009600782593034205,0.01223683746699496,0.7845803802599578,44.3,145.3940066592675,0,62.96215618305311,-0.0037240224271776236,-84.35072142064371,0,0.015960859894172584,20.987385394351037,0.02587999355176139
2023-09-15,20.987385394351037,0.0028554059420419224,0.007798725500418352,0.3661375107879804,37.0,22.197558268590456,0,62.96215618305311,-0.0044381119665766085,-123.19644839067703,0,0.01223683746699496,20.987385394351037,0.009600782593034205
2023-09-16,20.987385394351037,0.006683857905325351,0.006085016064902984,1.098412532363941,43.7,102.10876803551609,0,62.96215618305311,-0.0017137094355153676,79.91120976692564,0,0.007798725500418352,20.987385394351037,0.0028554059420419224
2023-09-17,20.987385394351037,0.013629130182236033,0.005544011178491054,2.458351858147868,62.2,249.72253052164262,0,62.96215618305311,-0.0005410048864119303,147.61376248612652,0,0.006085016064902984,20.987385394351037,0.006683857905325351
2023-09-18,20.987385394351037,0.004346033929835116,0.0031354584787755715,1.3860920051259256,48.8,96.55937846836848,0,62.96215618305311,-0.0024085526997154826,-153.16315205327413,0,0.005544011178491054,20.987385394351037,0.013629130182236033
2023-09-19,20.987385394351037,0.008310894940173875,0.003530929886971426,2.353741140779874,66.7,227.52497225305214,0,62.96215618305311,0.0003954714081958544,130.96559378468368,0,0.0031354584787755715,20.987385394351037,0.004346033929835116
2023-09-20,20.987385394351037,0.013720047158003597,0.004335648290748623,3.16447420038183,54.8,188.67924528301887,0,62.96215618305311,0.0008047184037771973,-38.84572697003327,0,0.003530929886971426,20.987385394351037,0.008310894940173875
2023-09-21,20.987385394351037,0.0038945387500209836,0.0031684144294585595,1.2291759290739341,39.9,29.966703662597112,0,62.96215618305311,-0.0011672338612900637,-158.71254162042175,0,0.004335648290748623,20.987385394351037,0.013720047158003597
2023-09-22,20.987385394351037,0.018132657917332755,0.006540928686651437,2.772184010251851,65.5,375.1387347391787,0,62.96215618305311,0.0033725142571928773,345.17203107658156,0,0.0031684144294585595,20.987385394351037,0.0038945387500209836
2023-09-23,20.987385394351037,0.013542509055191766,0.006238854442691172,2.170672385385884,50.2,183.12985571587126,0,62.96215618305311,-0.0003020742439602646,-192.00887902330743,0,0.006540928686651437,20.987385394351037,0.018132657917332755
2023-09-24,20.987385394351037,0.016312574030075105,0.011138283806928242,1.4645500431519216,59.0,225.3052164261931,0,62.96215618305311,0.00489942936423707,42.175360710321854,0,0.006238854442691172,20.987385394351037,0.013542509055191766
2023-09-25,20.987385394351037,0.016800361117781132,0.0164716771297589,1.019954494337945,21.1,32.186459489456155,0,62.96215618305311,0.005333393322830657,-193.11875693673696,0,0.011138283806928242,20.987385394351037,0.016312574030075105
2023-09-26,20.987385394351037,0.03579600747093915,0.013288659588993201,2.6937259722258555,55.8,294.11764705882354,0,62.96215618305311,-0.0031830175407656976,261.93118756936735,0,0.0164716771297589,20.987385394351037,0.016800361117781132
2023-09-27,20.987385394351037,0.023830457152434252,0.017866768434071142,1.3337866464419283,40.4,53.27413984461709,0,62.96215618305311,0.004578108845077941,-240.84350721420645,0,0.013288659588993201,20.987385394351037,0.03579600747093915
2023-09-28,20.987385394351037,0.010072110908227967,0.025675153653194185,0.39229019012997884,24.8,38.8457269700333,0,62.96215618305311,0.007808385219123044,-14.428412874583792,0,0.017866768434071142,20.987385394351037,0.023830457152434252
2023-09-29,20.987385394351037,0.04114696870377108,0.020170982593924285,2.0399089886758905,47.2,96.55937846836848,0,62.96215618305311,-0.0055041710592699,57.71365149833518,0,0.025675153653194185,20.987385394351037,0.010072110908227967
2023-09-30,20.987385394351037,0.010430029934131849,0.016617210607974973,0.6276643042079664,37.3,0.0,0,62.96215618305311,-0.0035537719859493125,-96.55937846836848,0,0.020170982593924285,20.987385394351037,0.04114696870377108
2023-10-01,20.987385394351037,0.012705086755964821,0.019432176091513067,0.653816983549965,28.5,147.61376248612655,0,62.96215618305311,0.002814965483538094,147.61376248612655,0,0.016617210607974973,20.987385394351037,0.010430029934131849
2023-10-02,20.987385394351037,0.03685591548200124,0.033553800959173354,1.098412532363941,60.0,38.8457269700333,0,62.96215618305311,0.014121624867660287,-108.76803551609325,0,0.019432176091513067,20.987385394351037,0.012705086755964821
2023-10-03,20.987385394351037,0.030302887383048198,0.024139406351366948,1.2553286084159327,50.9,168.70144284128747,0,62.96215618305311,-0.009414394607806405,129.85571587125418,0,0.033553800959173354,20.987385394351037,0.03685591548200124
2023-10-04,20.987385394351037,0.08145374750486208,0.028838397623550092,2.824489368935849,63.4,285.23862375138737,0,62.96215618305311,0.004698991272183144,116.53718091009989,0,0.024139406351366948,20.987385394351037,0.030302887383048198
2023-10-05,20.987385394351037,0.018172694195928103,0.020437332587344193,0.8891910976279525,40.7,100.99889012208656,0,62.96215618305311,-0.008401065036205899,-184.23973362930082,0,0.028838397623550092,20.987385394351037,0.08145374750486208
2023-10-06,20.987385394351037,0.033056309581289474,0.015414318408045916,2.144519706043885,63.8,243.06326304106548,0,62.96215618305311,-0.005023014179298277,142.0643729189789,0,0.020437332587344193,20.987385394351037,0.018172694195928103
2023-10-07,20.987385394351037,0.01017188385305332,0.012154447590287491,0.836885738943955,46.6,223.08546059933406,0,62.96215618305311,-0.003259870817758425,-19.977802441731427,0,0.015414318408045916,20.987385394351037,0.033056309581289474
2023-10-08,20.987385394351037,0.01651874148273951,0.009570107849628948,1.726076836571907,54.1,180.91009988901223,0,62.96215618305311,-0.002584339740658543,-42.175360710321826,0,0.012154447590287491,20.987385394351037,0.01017188385305332
2023-10-09,20.987385394351037,0.012844874233991367,0.007796023112462347,1.6476187985459112,55.6,167.59156492785792,0,62.96215618305311,-0.0017740847371666016,-13.318534961154313,0,0.009570107849628948,20.987385394351037,0.01651874148273951
2023-10-10,20.987385394351037,0.010380123297886597,0.006615079575688161,1.569160760519916,49.6,33.29633740288568,0,62.96215618305311,-0.0011809435367741861,-134.29522752497223,0,0.007796023112462347,20.987385394351037,0.012844874233991367
2023-10-11,20.987385394351037,0.016576667179100113,0.00621413747967893,2.6675732928838567,81.2,279.68923418423975,0,62.96215618305311,-0.00040094209600923057,246.39289678135407,0,0.006615079575688161,20.987385394351037,0.010380123297886597
2023-10-12,20.987385394351037,0.0031873387220543643,0.0033853964087553518,0.9414964563119497,36.1,76.58157602663707,0,62.96215618305311,-0.0028287410709235783,-203.10765815760269,0,0.00621413747967893,20.987385394351037,0.016576667179100113
2023-10-13,20.987385394351037,0.001995976485153191,0.0044894207566354444,0.44459554881397606,46.3,98.77913429522752,0,62.96215618305311,0.0011040243478800927,22.197558268590456,0,0.0033853964087553518,20.987385394351037,0.0031873387220543643
2023-10-14,20.987385394351037,0.0048301168538387555,0.0026384168305747494,1.8306875539399017,54.6,176.47058823529412,0,62.96215618305311,-0.001851003926060695,77.6914539400666,0,0.0044894207566354444,20.987385394351037,0.001995976485153191
2023-10-15,20.987385394351037,0.005492774764481667,0.0034430693224505806,1.5953134398619144,73.2,169.81132075471697,0,62.96215618305311,0.0008046524918758312,-6.659267480577142,0,0.0026384168305747494,20.987385394351037,0.0048301168538387555
2023-10-16,20.987385394351037,0.0,0.007290676564689412,0.0,20.0,0.0,0,62.96215618305311,0.0038476072422388313,-169.81132075471697,0,0.0034430693224505806,20.987385394351037,0.005492774764481667
2023-10-17,20.987385394351037,0.009772882933817324,0.008897279160485069,1.098412532363941,39.2,42.17536071032187,0,62.96215618305311,0.0016066025957956571,42.17536071032187,0,0.007290676564689412,20.987385394351037,0.0
2023-10-18,20.987385394351037,0.028276810463079047,0.008935705798981432,3.16447420038183,61.4,257.49167591564924,0,62.96215618305311,3.842663849636281e-05,215.31631520532738,0,0.008897279160485069,20.987385394351037,0.009772882933817324
2023-10-19,20.987385394351037,0.13777034805637126,0.07862574326315622,1.7522295159139056,62.6,136.5149833518313,0,62.96215618305311,0.06969003746417479,-120.97669256381795,0,0.008935705798981432,20.987385394351037,0.028276810463079047
2023-10-20,20.987385394351037,0.026472165486762848,0.009372372145531023,2.824489368935849,64.8,302.9966703662597,0,62.96215618305311,-0.0692533711176252,166.48168701442842,0,0.07862574326315622,20.987385394351037,0.13777034805637126
2023-10-21,20.987385394351037,0.018659287338246084,0.009641556350709665,1.9352982713078961,57.7,118.75693673695893,0,62.96215618305311,0.0002691842051786419,-184.23973362930076,0,0.009372372145531023,20.987385394351037,0.026472165486762848
2023-10-22,20.987385394351037,0.02326155774500949,0.012706459764227537,1.8306875539399017,57.9,174.2508324084351,0,62.96215618305311,0.0030649034135178718,55.49389567147615,0,0.009641556350709665,20.987385394351037,0.018659287338246084
2023-10-23,20.987385394351037,0.003207315499423188,0.013626458083493826,0.2353741140779873,54.9,85.46059933407325,0,62.96215618305311,0.0009199983192662887,-88.79023307436184,0,0.012706459764227537,20.987385394351037,0.02326155774500949
2023-10-24,20.987385394351037,0.024631411667228344,0.012074760101536025,2.0399089886758905,77.1,225.3052164261931,0,62.96215618305311,-0.001551697981957801,139.84461709211985,0,0.013626458083493826,20.987385394351037,0.003207315499423188
2023-10-25,20.987385394351037,0.01152818949836108,0.010251241438344941,1.1245652117059395,42.2,41.06548279689235,0,62.96215618305311,-0.0018235186631910833,-184.23973362930076,0,0.012074760101536025,20.987385394351037,0.024631411667228344
2023-10-26,20.987385394351037,0.02408253139027063,0.009592122424685184,2.5106572168318655,64.6,225.3052164261931,0,62.96215618305311,-0.000659119013659757,184.23973362930076,0,0.010251241438344941,20.987385394351037,0.01152818949836108
2023-10-27,20.987385394351037,0.012876636652991793,0.00946853760962398,1.3599393257839272,41.7,81.02108768035517,0,62.96215618305311,-0.0001235848150612038,-144.28412874583796,0,0.009592122424685184,20.987385394351037,0.02408253139027063
2023-10-28,20.987385394351037,0.025872574666248094,0.009421806071555504,2.7460313309098527,51.6,163.15205327413983,0,62.96215618305311,-4.6731538068476436e-05,82.13096559378467,0,0.00946853760962398,20.987385394351037,0.012876636652991793
2023-10-29,20.987385394351037,0.01945493587344365,0.008751745682268995,2.222977744069881,53.1,137.62486126526082,0,62.96215618305311,-0.0006700603892865094,-25.527192008879013,0,0.009421806071555504,20.987385394351037,0.025872574666248094
2023-10-30,20.987385394351037,0.003851268216813187,0.003506212923959185,1.098412532363941,44.2,126.52608213096558,0,62.96215618305311,-0.00524553275830981,-11.098779134295242,0,0.008751745682268995,20.987385394351037,0.01945493587344365
2023-10-31,20.987385394351037,0.020733938366356477,0.007142374786615967,2.9029474069618444,73.7,266.37069922308547,0,62.96215618305311,0.0036361618626567817,139.8446170921199,0,0.003506212923959185,20.987385394351037,0.003851268216813187
2023-11-01,20.987385394351037,0.010463709024751076,0.009526210523319208,1.098412532363941,41.0,136.5149833518313,0,62.96215618305311,0.002383835736703241,-129.85571587125418,0,0.007142374786615967,20.987385394351037,0.020733938366356477
2023-11-02,20.987385394351037,0.017479696185715033,0.009548159186474078,1.8306875539399017,53.4,199.7780244173141,0,62.96215618305311,2.194866315487036e-05,63.26304106548281,0,0.009526210523319208,20.987385394351037,0.010463709024751076
2023-11-03,20.987385394351037,0.008004162167412508,0.006376148933236499,1.2553286084159327,42.3,176.47058823529412,0,62.96215618305311,-0.0031720102532375788,-23.307436182019984,0,0.009548159186474078,20.987385394351037,0.017479696185715033
2023-11-04,20.987385394351037,0.00947746852235117,0.005033193942904744,1.882992912623899,46.1,146.503884572697,0,62.96215618305311,-0.0013429549903317553,-29.966703662597126,0,0.006376148933236499,20.987385394351037,0.008004162167412508
2023-11-05,20.987385394351037,0.0028710696932913006,0.003228855643011159,0.8891910976279525,39.7,92.11986681465038,0,62.96215618305311,-0.0018043382998935847,-54.38401775804661,0,0.005033193942904744,20.987385394351037,0.00947746852235117
2023-11-06,20.987385394351037,0.0016074066841035844,0.0029267813990508924,0.5492062661819704,30.2,79.91120976692565,0,62.96215618305311,-0.00030207424396026675,-12.208657047724728,0,0.003228855643011159,20.987385394351037,0.0028710696932913006
2023-11-07,20.987385394351037,0.001182742803949912,0.0018089814637853104,0.653816983549965,41.4,24.417314095449502,0,62.96215618305311,-0.001117799935265582,-55.49389567147615,0,0.0029267813990508924,20.987385394351037,0.0016074066841035844
2023-11-08,20.987385394351037,0.014351306322617049,0.007035267946896255,2.0399089886758905,45.5,186.45948945615982,0,62.96215618305311,0.0052262864831109455,162.0421753607103,0,0.0018089814637853104,20.987385394351037,0.001182742803949912
2023-11-09,20.987385394351037,0.03248596623832327,0.010992618504909436,2.9552527656458416,58.6,237.51387347391787,0,62.96215618305311,0.003957350558013181,51.05438401775805,0,0.007035267946896255,20.987385394351037,0.014351306322617049
2023-11-10,20.987385394351037,0.009291797874840298,0.006021872463394379,1.5430080811779172,62.6,160.9322974472808,0,62.96215618305311,-0.004970746041515058,-76.58157602663707,0,0.010992618504909436,20.987385394351037,0.03248596623832327
2023-11-11,20.987385394351037,0.0,0.003970364533378385,0.0,30.3,48.834628190899004,0,62.96215618305311,-0.002051507930015993,-112.0976692563818,0,0.006021872463394379,20.987385394351037,0.009291797874840298
2023-11-12,20.987385394351037,0.004914037156388975,0.008169479945601965,0.6015116248659677,45.9,155.3829078801332,0,62.96215618305311,0.00419911541222358,106.54827968923419,0,0.003970364533378385,20.987385394351037,0.0
2023-11-13,20.987385394351037,0.0,0.009616839387697427,0.0,38.9,67.7025527192009,0,62.96215618305311,0.0014473594420954614,-87.6803551609323,0,0.008169479945601965,20.987385394351037,0.004914037156388975
2023-11-14,20.987385394351037,0.026483436659777072,0.009644258738665671,2.7460313309098527,64.4,197.55826859045504,0,62.96215618305311,2.74193509682448e-05,129.85571587125415,0,0.009616839387697427,20.987385394351037,0.0
2023-11-15,20.987385394351037,4.921181033703093,0.8253122771302857,5.962810889975679,82.8,521.6426193118757,1,62.96215618305311,0.81566801839162,324.08435072142066,0,0.009644258738665671,20.987385394351037,0.026483436659777072
2023-11-16,20.987385394351037,22.99635191386694,3.9254978041541517,5.858200172607685,68.9,712.5416204217536,2,62.96215618305311,3.100185527023866,190.89900110987787,0,0.8253122771302857,20.987385394351037,4.921181033703093
2023-11-17,20.987385394351037,33.26258044684325,3.9254978041541517,8.473468106807545,88.6,883.4628190899001,2,62.96215618305311,0.0,170.92119866814653,1,3.9254978041541517,20.987385394351037,22.99635191386694
2023-11-18,20.987385394351037,16.63129022342163,3.9254978041541517,4.236734053403773,78.9,685.9045504994451,2,62.96215618305311,0.0,-197.558268590455,0,3.9254978041541517,20.987385394351037,33.26258044684325
2023-11-19,20.987385394351037,20.94310620727168,3.9254978041541517,5.335146585767713,81.3,641.5094339622641,2,62.96215618305311,0.0,-44.395116537181025,0,3.9254978041541517,20.987385394351037,16.63129022342163
2023-11-20,20.987385394351037,15.39934279946447,3.9254978041541517,3.9229019012997894,76.6,644.8390677025527,2,62.96215618305311,0.0,3.329633740288614,0,3.9254978041541517,20.987385394351037,20.94310620727168
2023-11-21,20.987385394351037,22.483040487218126,3.9254978041541517,5.727436775897693,72.5,651.4983351831298,2,62.96215618305311,0.0,6.659267480577114,0,3.9254978041541517,20.987385394351037,15.39934279946447
2023-11-22,20.987385394351037,29.258751318982487,3.9254978041541517,7.453513612469599,85.3,832.408435072142,2,62.96215618305311,0.0,180.91009988901214,1,3.9254978041541517,20.987385394351037,22.483040487218126
2023-11-23,20.987385394351037,38.49835699866118,3.9254978041541517,9.807254753249474,99.0,954.4950055493896,2,62.96215618305311,0.0,122.08657047724762,1,3.9254978041541517,20.987385394351037,29.258751318982487
2023-11-24,20.987385394351037,20.72672932165571,3.773942614629282,5.492062661819705,76.3,690.3440621531631,2,62.96215618305311,-0.15155518952486968,-264.15094339622647,0,3.9254978041541517,20.987385394351037,38.49835699866118
2023-11-25,20.987385394351037,27.513492468376516,3.9254978041541517,7.0089180636556225,78.9,702.552719200888,2,62.96215618305311,0.15155518952486968,12.208657047724842,0,3.773942614629282,20.987385394351037,20.72672932165571
2023-11-26,20.987385394351037,35.00783929744923,3.9254978041541517,8.918063655621522,94.2,854.6059933407325,2,62.96215618305311,0.0,152.05327413984458,1,3.9254978041541517,20.987385394351037,27.513492468376516
2023-11-27,20.987385394351037,38.08770785734212,3.9254978041541517,9.702644035881479,80.2,916.7591564927858,2,62.96215618305311,0.0,62.15316315205325,0,3.9254978041541517,20.987385394351037,35.00783929744923
2023-11-28,20.987385394351037,30.28537417228012,3.9254978041541517,7.715040405889585,81.4,823.5294117647059,2,62.96215618305311,0.0,-93.22974472807994,0,3.9254978041541517,20.987385394351037,38.08770785734212
2023-11-29,20.987385394351037,19.916483353974048,3.9254978041541517,5.073619792347728,74.7,668.1465038845728,2,62.96215618305311,0.0,-155.38290788013308,0,3.9254978041541517,20.987385394351037,30.28537417228012
2023-11-30,20.987385394351037,27.513492468376516,3.9254978041541517,7.0089180636556225,83.3,803.5516093229744,2,62.96215618305311,0.0,135.40510543840162,0,3.9254978041541517,20.987385394351037,19.916483353974048
2023-12-01,20.987385394351037,22.277715916558602,3.9254978041541517,5.675131417213696,81.1,627.0810210876804,2,62.96215618305311,0.0,-176.47058823529403,0,3.9254978041541517,20.987385394351037,27.513492468376516
2023-12-02,20.987385394351037,32.338619878875384,3.9254978041541517,8.238093992729556,99.0,946.725860155383,2,62.96215618305311,0.0,319.6448390677026,1,3.9254978041541517,20.987385394351037,22.277715916558602
2023-12-03,20.987385394351037,24.741610764472917,3.9254978041541517,6.302795721421662,77.1,748.0577136514983,2,62.96215618305311,0.0,-198.6681465038847,0,3.9254978041541517,20.987385394351037,32.338619878875384
2023-12-04,20.987385394351037,29.566738174971782,3.9254978041541517,7.531971650495596,93.8,870.1442841287459,2,62.96215618305311,0.0,122.08657047724762,1,3.9254978041541517,20.987385394351037,24.741610764472917
2023-12-05,20.987385394351037,12.730123380890628,3.9254978041541517,3.2429322384078256,73.7,649.2785793562707,2,62.96215618305311,0.0,-220.86570477247517,0,3.9254978041541517,20.987385394351037,29.566738174971782
2023-12-06,20.987385394351037,25.25492219112173,3.9254978041541517,6.4335591181316545,72.2,741.3984461709213,2,62.96215618305311,0.0,92.11986681465055,0,3.9254978041541517,20.987385394351037,12.730123380890628
2023-12-07,20.987385394351037,34.28920330014088,3.9254978041541517,8.73499490022753,92.9,961.1542730299667,2,62.96215618305311,0.0,219.75582685904544,1,3.9254978041541517,20.987385394351037,25.25492219112173
2023-12-08,20.987385394351037,29.053426748322963,3.9254978041541517,7.401208253785602,76.1,786.9034406215316,2,62.96215618305311,0.0,-174.25083240843514,0,3.9254978041541517,20.987385394351037,34.28920330014088
2023-12-09,20.987385394351037,26.1788827590896,3.9254978041541517,6.668933232209642,77.7,790.2330743618202,2,62.96215618305311,0.0,3.329633740288614,0,3.9254978041541517,20.987385394351037,29.053426748322963
2023-12-10,20.987385394351037,37.98504557201235,3.9254978041541517,9.67649135653948,90.5,952.2752497225305,2,62.96215618305311,0.0,162.0421753607103,1,3.9254978041541517,20.987385394351037,26.1788827590896
2023-12-11,20.987385394351037,34.18654101481113,3.9254978041541517,8.708842220885533,85.4,902.330743618202,2,62.96215618305311,0.0,-49.944506104328525,1,3.9254978041541517,20.987385394351037,37.98504557201235
2023-12-12,20.987385394351037,23.50966334051576,3.9254978041541517,5.988963569317679,74.9,701.4428412874584,2,62.96215618305311,0.0,-200.8879023307436,0,3.9254978041541517,20.987385394351037,34.18654101481113
2023-12-13,20.987385394351037,24.63894847914315,3.9254978041541517,6.276643042079662,74.4,803.5516093229744,2,62.96215618305311,0.0,102.10876803551605,0,3.9254978041541517,20.987385394351037,23.50966334051576
2023-12-14,20.987385394351037,27.000181041727704,3.9254978041541517,6.878154666945631,77.9,795.7824639289678,2,62.96215618305311,0.0,-7.769145394006614,0,3.9254978041541517,20.987385394351037,24.63894847914315
2023-12-15,20.987385394351037,27.102843327057464,3.9254978041541517,6.904307346287628,78.3,895.6714761376248,2,62.96215618305311,0.0,99.88901220865705,0,3.9254978041541517,20.987385394351037,27.000181041727704
2023-12-16,20.987385394351037,22.175053631228835,3.9254978041541517,5.648978737871696,81.5,654.8279689234184,2,62.96215618305311,0.0,-240.8435072142064,0,3.9254978041541517,20.987385394351037,27.102843327057464
2023-12-17,20.987385394351037,18.68453593001689,3.9254978041541517,4.7597876402437445,74.3,697.0033296337403,2,62.96215618305311,0.0,42.17536071032191,0,3.9254978041541517,20.987385394351037,22.175053631228835
2023-12-18,20.987385394351037,37.98504557201235,3.9254978041541517,9.67649135653948,87.4,922.3085460599334,2,62.96215618305311,0.0,225.30521642619306,1,3.9254978041541517,20.987385394351037,18.68453593001689
2023-12-19,20.987385394351037,35.52115072409804,3.9254978041541517,9.048827052331514,86.1,827.968923418424,2,62.96215618305311,0.0,-94.33962264150944,1,3.9254978041541517,20.987385394351037,37.98504557201235
2023-12-20,20.987385394351037,34.083878729481356,3.9254978041541517,8.682689541543533,89.8,946.725860155383,2,62.96215618305311,0.0,118.756936736959,1,3.9254978041541517,20.987385394351037,35.52115072409804
2023-12-21,20.987385394351037,39.25497804154152,3.9254978041541517,10.0,82.2,1000.0,2,62.96215618305311,0.0,53.274139844617025,0,3.9254978041541517,20.987385394351037,34.083878729481356
2023-12-22,20.987385394351037,32.13329530821586,3.9254978041541517,8.18578863404556,95.9,914.5394006659268,2,62.96215618305311,0.0,-85.46059933407321,1,3.9254978041541517,20.987385394351037,39.25497804154152
2023-12-23,20.987385394351037,33.98121644415159,3.9254978041541517,8.656536862201534,80.0,843.5072142064373,2,62.96215618305311,0.0,-71.03218645948948,0,3.9254978041541517,20.987385394351037,32.13329530821586
2023-12-24,20.987385394351037,30.593361028269417,3.9254978041541517,7.793498443915582,78.9,876.803551609323,2,62.96215618305311,0.0,33.29633740288568,0,3.9254978041541517,20.987385394351037,33.98121644415159
2023-12-25,20.987385394351037,27.000181041727704,3.9254978041541517,6.878154666945631,77.6,677.0255271920089,2,62.96215618305311,0.0,-199.7780244173141,0,3.9254978041541517,20.987385394351037,30.593361028269417
2023-12-26,20.987385394351037,27.14521730343089,3.7743697237501332,7.191986819049614,69.3,788.0133185349612,2,62.96215618305311,-0.15112808040401848,110.98779134295228,0,3.9254978041541517,20.987385394351037,27.000181041727704
2023-12-27,20.987385394351037,18.59657674215255,3.5028438664516597,5.308993906425714,71.0,701.4428412874584,2,62.96215618305311,-0.27152585729847356,-86.57047724750282,0,3.7743697237501332,20.987385394351037,27.14521730343089
2023-12-28,20.987385394351037,30.28537417228012,3.9254978041541517,7.715040405889585,88.7,875.6936736958935,2,62.96215618305311,0.42265393770249204,174.25083240843514,1,3.5028438664516597,20.987385394351037,18.59657674215255
2023-12-29,20.987385394351037,21.969729060569307,3.9254978041541517,5.596673379187699,74.0,675.9156492785794,2,62.96215618305311,0.0,-199.7780244173141,0,3.9254978041541517,20.987385394351037,30.28537417228012
2023-12-30,20.987385394351037,20.53245706595263,3.9254978041541517,5.23053586839972,76.0,667.0366259711432,2,62.96215618305311,0.0,-8.879023307436228,0,3.9254978041541517,20.987385394351037,21.969729060569307
2023-12-31,20.987385394351037,26.69219418573841,3.9254978041541517,6.799696628919634,85.1,837.9578246392897,2,62.96215618305311,0.0,170.92119866814653,1,3.9254978041541517,20.987385394351037,20.53245706595263
2024-01-01,20.987385394351037,24.228299337824097,3.9254978041541517,6.172032324711668,75.2,714.7613762486127,2,62.96215618305311,0.0,-123.196448390677,0,3.9254978041541517,20.987385394351037,26.69219418573841
2024-01-02,20.987385394351037,16.425965652762102,3.9254978041541517,4.1844286947197755,79.0,687.0144284128746,2,62.96215618305311,0.0,-27.74694783573807,0,3.9254978041541517,20.987385394351037,24.228299337824097
2024-01-03,20.987385394351037,36.03446215074686,3.9254978041541517,9.179590449041507,85.9,877.9134295227525,2,62.96215618305311,0.0,190.89900110987787,1,3.9254978041541517,20.987385394351037,16.425965652762102
2024-01-04,20.987385394351037,35.53163029143628,3.6326816776835527,9.781102073907475,90.6,905.6603773584906,2,62.96215618305311,-0.29281612647059907,27.74694783573807,1,3.9254978041541517,20.987385394351037,36.03446215074686
2024-01-05,20.987385394351037,19.300509641995472,3.9254978041541517,4.9167037162957365,83.1,643.7291897891232,2,62.96215618305311,0.29281612647059907,-261.93118756936735,0,3.6326816776835527,20.987385394351037,35.53163029143628
2024-01-06,20.987385394351037,17.144601650070445,3.9254978041541517,4.367497450113766,72.6,527.1920088790233,2,62.96215618305311,0.0,-116.53718091009989,0,3.9254978041541517,20.987385394351037,19.300509641995472
2024-01-07,20.987385394351037,21.76440448990978,3.9254978041541517,5.544368020503701,73.5,701.4428412874584,2,62.96215618305311,0.0,174.25083240843503,0,3.9254978041541517,20.987385394351037,17.144601650070445
2024-01-08,20.987385394351037,34.69985244145994,3.9254978041541517,8.839605617595526,88.2,948.945615982242,2,62.96215618305311,0.0,247.50277469478362,1,3.9254978041541517,20.987385394351037,21.76440448990978
2024-01-09,20.987385394351037,32.95459359085396,3.9254978041541517,8.395010068781549,84.6,844.6170921198668,2,62.96215618305311,0.0,-104.32852386237516,0,3.9254978041541517,20.987385394351037,34.69985244145994
2024-01-10,20.987385394351037,19.095185071335944,3.9254978041541517,4.864398357611739,87.2,634.850166481687,2,62.96215618305311,0.0,-209.76692563817983,1,3.9254978041541517,20.987385394351037,32.95459359085396
2024-01-11,20.987385394351037,32.851931305524204,3.9254978041541517,8.368857389439551,81.0,904.5504994450611,2,62.96215618305311,0.0,269.7003329633741,0,3.9254978041541517,20.987385394351037,19.095185071335944
2024-01-12,20.987385394351037,20.01914563930381,3.9254978041541517,5.099772471689726,73.0,705.8823529411765,2,62.96215618305311,0.0,-198.6681465038846,0,3.9254978041541517,20.987385394351037,32.851931305524204
2024-01-13,20.987385394351037,22.277715916558602,3.9254978041541517,5.675131417213696,74.9,680.3551609322974,2,62.96215618305311,0.0,-25.52719200887907,0,3.9254978041541517,20.987385394351037,20.01914563930381
2024-01-14,20.987385394351037,39.25497804154152,3.9254978041541517,10.0,99.0,970.0332963374028,2,62.96215618305311,0.0,289.6781354051054,1,3.9254978041541517,20.987385394351037,22.277715916558602
2024-01-15,20.987385394351037,18.273886788697837,3.9254978041541517,4.65517692287575,76.5,675.9156492785794,2,62.96215618305311,0.0,-294.1176470588234,0,3.9254978041541517,20.987385394351037,39.25497804154152
2024-01-16,20.987385394351037,18.3765490740276,3.9254978041541517,4.681329602217748,73.1,647.0588235294118,2,62.96215618305311,0.0,-28.85682574916757,0,3.9254978041541517,20.987385394351037,18.273886788697837
2024-01-17,20.987385394351037,24.53628619381339,3.9254978041541517,6.250490362737664,80.2,733.6293007769145,2,62.96215618305311,0.0,86.57047724750271,0,3.9254978041541517,20.987385394351037,18.3765490740276
2024-01-18,20.987385394351037,32.44128216420515,3.9254978041541517,8.264246672071556,90.4,842.3973362930077,2,62.96215618305311,0.0,108.76803551609316,1,3.9254978041541517,20.987385394351037,24.53628619381339
2024-01-19,20.987385394351037,36.137124436076625,3.9254978041541517,9.205743128383507,97.3,916.7591564927858,2,62.96215618305311,0.0,74.3618201997781,1,3.9254978041541517,20.987385394351037,32.44128216420515
2024-01-20,20.987385394351037,37.8823832866826,3.9254978041541517,9.650338677197482,97.5,905.6603773584906,2,62.96215618305311,0.0,-11.098779134295228,1,3.9254978041541517,20.987385394351037,36.137124436076625
2024-01-21,20.987385394351037,16.836614794081154,3.9254978041541517,4.28903941208777,71.6,561.5982241953385,2,62.96215618305311,0.0,-344.06215316315206,0,3.9254978041541517,20.987385394351037,37.8823832866826
2024-01-22,20.987385394351037,19.40317192732523,3.9254978041541517,4.942856395637734,83.9,673.6958934517203,2,62.96215618305311,0.0,112.09766925638178,0,3.9254978041541517,20.987385394351037,16.836614794081154
2024-01-23,20.987385394351037,33.365242732173016,3.9254978041541517,8.499620786149544,91.0,846.8368479467258,2,62.96215618305311,0.0,173.14095449500553,1,3.9254978041541517,20.987385394351037,19.40317192732523
2024-01-24,20.987385394351037,21.559079919250255,3.9254978041541517,5.492062661819705,78.0,608.2130965593785,2,62.96215618305311,0.0,-238.62375138734728,0,3.9254978041541517,20.987385394351037,33.365242732173016
2024-01-25,20.987385394351037,32.19472275868541,3.6313557938756746,8.865758296937523,88.2,946.725860155383,2,62.96215618305311,-0.2941420102784771,338.51276359600445,1,3.9254978041541517,20.987385394351037,21.559079919250255
2024-01-26,20.987385394351037,29.258751318982487,3.9254978041541517,7.453513612469599,89.4,855.715871254162,2,62.96215618305311,0.2941420102784771,-91.00998890122094,1,3.6313557938756746,20.987385394351037,32.19472275868541
2024-01-27,20.987385394351037,12.627461095560864,3.9254978041541517,3.2167795590658272,73.4,580.4661487236405,2,62.96215618305311,0.0,-275.2497225305216,0,3.9254978041541517,20.987385394351037,29.258751318982487
2024-01-28,20.987385394351037,31.10667245491823,3.9254978041541517,7.924261840625574,96.8,911.2097669256382,2,62.96215618305311,0.0,330.7436182019977,1,3.9254978041541517,20.987385394351037,12.627461095560864
2024-01-29,20.987385394351037,17.96589993270855,3.9254978041541517,4.576718884849754,85.4,629.3007769145395,2,62.96215618305311,0.0,-281.9089900110987,1,3.9254978041541517,20.987385394351037,31.10667245491823
2024-01-30,20.987385394351037,27.924141609695567,3.9254978041541517,7.113528781023617,73.5,730.2996670366259,2,62.96215618305311,0.0,100.99889012208644,0,3.9254978041541517,20.987385394351037,17.96589993270855
2024-01-31,20.987385394351037,30.38803645760989,3.9254978041541517,7.7411930852315844,84.4,816.8701442841287,2,62.96215618305311,0.0,86.57047724750282,0,3.9254978041541517,20.987385394351037,27.924141609695567
2024-02-01,20.987385394351037,25.56290904711102,3.9254978041541517,6.5120171561576505,77.8,788.0133185349612,2,62.96215618305311,0.0,-28.85682574916757,0,3.9254978041541517,20.987385394351037,30.38803645760989
2024-02-02,20.987385394351037,27.000181041727704,3.9254978041541517,6.878154666945631,83.4,842.3973362930077,2,62.96215618305311,0.0,54.384017758046525,0,3.9254978041541517,20.987385394351037,25.56290904711102
2024-02-03,20.987385394351037,33.15991816151349,3.9254978041541517,8.447315427465545,77.5,837.9578246392897,2,62.96215618305311,0.0,-4.439511653718,0,3.9254978041541517,20.987385394351037,27.000181041727704
2024-02-04,20.987385394351037,36.54777357739567,3.9254978041541517,9.310353845751498,88.4,889.0122086570477,2,62.96215618305311,0.0,51.054384017758025,1,3.9254978041541517,20.987385394351037,33.15991816151349
2024-02-05,20.987385394351037,35.2863249106821,3.5286324910682096,10.0,87.4,1000.0,2,62.96215618305311,-0.3968653130859421,110.98779134295228,1,3.9254978041541517,20.987385394351037,36.54777357739567
2024-02-06,20.987385394351037,26.897518756397936,3.9254978041541517,6.85200198760363,87.7,753.607103218646,2,62.96215618305311,0.3968653130859421,-246.392896781354,1,3.5286324910682096,20.987385394351037,35.2863249106821
2024-02-07,20.987385394351037,9.81907217564532,1.8050570325968756,5.439757303135707,68.4,587.1254162042176,2,62.96215618305311,-2.120440771557276,-166.48168701442842,0,3.9254978041541517,20.987385394351037,26.897518756397936
2024-02-08,20.987385394351037,15.825751710566047,1.8063560243489962,8.76114757956953,99.0,784.6836847946726,2,62.96215618305311,0.0012989917521206706,197.558268590455,1,1.8050570325968756,20.987385394351037,9.81907217564532
2024-02-09,20.987385394351037,5.88444162873652,0.9615529681965738,6.119726966027671,77.3,620.4217536071031,1,62.96215618305311,-0.8448030561524225,-164.26193118756942,0,1.8063560243489962,20.987385394351037,15.825751710566047
2024-02-10,20.987385394351037,0.08228394176608361,0.032773865430309766,2.5106572168318655,43.0,52.16426193118757,0,62.96215618305311,-0.928779102766264,-568.2574916759156,0,0.9615529681965738,20.987385394351037,5.88444162873652
2024-02-11,20.987385394351037,0.057730502902515766,0.03294688417139545,1.7522295159139056,50.7,134.29522752497226,0,62.96215618305311,0.00017301874108568288,82.1309655937847,0,0.032773865430309766,20.987385394351037,0.08228394176608361
2024-02-12,20.987385394351037,0.029200837651410304,0.03283977733167574,0.8891910976279525,48.5,130.9655937846837,0,62.96215618305311,-0.00010710683971970614,-3.329633740288557,0,0.03294688417139545,20.987385394351037,0.057730502902515766
2024-02-13,20.987385394351037,0.018112734852725042,0.03297984012207844,0.5492062661819704,35.2,59.933407325194224,0,62.96215618305311,0.00014006279040269798,-71.03218645948948,0,0.03283977733167574,20.987385394351037,0.029200837651410304
2024-02-14,20.987385394351037,3.708125147046831,0.6816710636905272,5.439757303135707,80.6,511.65371809101003,1,62.96215618305311,0.6486912235684488,451.72031076581584,0,0.03297984012207844,20.987385394351037,0.018112734852725042
2024-02-15,20.987385394351037,10.814956309588354,1.9056750433628098,5.675131417213696,72.7,693.6736958934517,2,62.96215618305311,1.2240039796722826,182.0199778024417,0,0.6816710636905272,20.987385394351037,3.708125147046831
2024-02-16,20.987385394351037,3.6185063752310134,0.6815804348261489,5.308993906425714,77.1,510.5438401775805,1,62.96215618305311,-1.2240946085366609,-183.12985571587126,0,1.9056750433628098,20.987385394351037,10.814956309588354
2024-02-17,20.987385394351037,29.81303615467408,3.762247734146114,7.924261840625574,83.2,895.6714761376248,2,62.96215618305311,3.0806672993199653,385.12763596004436,0,0.6815804348261489,20.987385394351037,3.6185063752310134
2024-02-18,20.987385394351037,26.822257084867182,3.276685764070499,8.18578863404556,81.2,883.4628190899001,2,62.96215618305311,-0.4855619700756151,-12.208657047724728,0,3.762247734146114,20.987385394351037,29.81303615467408
2024-02-19,20.987385394351037,0.05024407728098271,0.032562420050727715,1.5430080811779172,39.5,156.49278579356272,0,62.96215618305311,-3.2441233440197714,-726.9700332963374,0,3.276685764070499,20.987385394351037,26.822257084867182
2024-02-20,20.987385394351037,2.1388634073806774,0.6815310009001245,3.138321521039831,58.3,400.66592674805776,1,62.96215618305311,0.6489685808493968,244.17314095449504,0,0.032562420050727715,20.987385394351037,0.05024407728098271
2024-02-21,20.987385394351037,15.578806231018355,1.9790259596526536,7.871956481941576,84.2,923.4184239733629,2,62.96215618305311,1.297494958752529,522.7524972253052,0,0.6815310009001245,20.987385394351037,2.1388634073806774
2024-02-22,20.987385394351037,0.08573527147776672,0.03245801559896401,2.6414206135418583,69.0,258.6015538290788,0,62.96215618305311,-1.9465679440536896,-664.8168701442842,0,1.9790259596526536,20.987385394351037,15.578806231018355
2024-02-23,20.987385394351037,0.07044985214618474,0.03245531321100801,2.170672385385884,38.8,159.8224195338513,0,62.96215618305311,-2.702387956000918e-06,-98.7791342952275,0,0.03245801559896401,20.987385394351037,0.08573527147776672
2024-02-24,20.987385394351037,24.259318121341483,2.6277720878349404,9.231895807725504,97.7,933.4073251942286,2,62.96215618305311,2.5953167746239325,773.5849056603773,1,0.03245531321100801,20.987385394351037,0.07044985214618474
2024-02-25,20.987385394351037,0.02593185705800765,0.03198569091377543,0.8107330596019564,34.4,43.28523862375139,0,62.96215618305311,-2.595786396921165,-890.1220865704772,0,2.6277720878349404,20.987385394351037,24.259318121341483
2024-02-26,20.987385394351037,0.057570619336184584,0.03190330103706796,1.804534874597903,72.1,213.09655937846836,0,62.96215618305311,-8.238987670746573e-05,169.81132075471697,0,0.03198569091377543,20.987385394351037,0.02593185705800765
2024-02-27,20.987385394351037,0.0067139220030102325,0.032090029453637765,0.2092214347359888,46.3,35.516093229744726,0,62.96215618305311,0.00018672841656980355,-177.58046614872364,0,0.03190330103706796,20.987385394351037,0.057570619336184584
2024-02-28,20.987385394351037,0.025862816508971112,0.031900532737210587,0.8107330596019564,31.2,26.637069922308545,0,62.96215618305311,-0.0001894967164271788,-8.879023307436182,0,0.032090029453637765,20.987385394351037,0.0067139220030102325
2024-02-29,20.987385394351037,0.0658516816296503,0.03187304747434098,2.0660616680178894,51.3,120.97669256381798,0,62.96215618305311,-2.748526286960873e-05,94.33962264150944,0,0.031900532737210587,20.987385394351037,0.025862816508971112
2024-03-01,20.987385394351037,0.026453455966840147,0.03160939986887708,0.836885738943955,37.6,85.46059933407325,0,62.96215618305311,-0.00026364760546390004,-35.516093229744726,0,0.03187304747434098,20.987385394351037,0.0658516816296503
2024-03-02,20.987385394351037,0.06094515841622685,0.03149135165353061,1.9352982713078961,33.1,82.1309655937847,0,62.96215618305311,-0.00011804821534646542,-3.329633740288557,0,0.03160939986887708,20.987385394351037,0.026453455966840147
2024-03-03,20.987385394351037,0.7308496653751153,0.5175092343508939,1.4122446844679244,54.0,250.83240843507215,1,62.96215618305311,0.4860178826973633,168.70144284128747,0,0.03149135165353061,20.987385394351037,0.06094515841622685
2024-03-04,20.987385394351037,14.330852772551713,1.9782267778485911,7.244292177733611,90.2,804.661487236404,2,62.96215618305311,1.4607175434976973,553.8290788013319,1,0.5175092343508939,20.987385394351037,0.7308496653751153
2024-03-05,20.987385394351037,20.475150299893862,2.6272091342853736,7.793498443915582,93.8,903.4406215316316,2,62.96215618305311,0.6489823564367825,98.77913429522755,1,1.9782267778485911,20.987385394351037,14.330852772551713
2024-03-06,20.987385394351037,0.0,0.029942421971430183,0.0,24.0,41.06548279689235,0,62.96215618305311,-2.5972667123139432,-862.3751387347393,0,2.6272091342853736,20.987385394351037,20.475150299893862
2024-03-07,20.987385394351037,26.560409775093916,3.276098027646019,8.107330596019564,89.5,852.3862375138734,2,62.96215618305311,3.2461556056745886,811.3207547169811,1,0.029942421971430183,20.987385394351037,0.0
2024-03-08,20.987385394351037,32.13329530821586,3.9254978041541517,8.18578863404556,93.3,897.891231964484,2,62.96215618305311,0.6493997765081327,45.504994450610525,1,3.276098027646019,20.987385394351037,26.560409775093916
2024-03-09,20.987385394351037,2.220286959591505,1.3265173824046932,1.6737714778879098,48.0,351.83129855715873,1,62.96215618305311,-2.5989804217494585,-546.0599334073252,0,3.9254978041541517,20.987385394351037,32.13329530821586
2024-03-10,20.987385394351037,10.230815922652036,1.9757359011840696,5.178230509715722,70.7,665.9267480577137,2,62.96215618305311,0.6492185187793764,314.09544950055493,0,1.3265173824046932,20.987385394351037,2.220286959591505
2024-03-11,20.987385394351037,0.06720712119116061,0.024016810214826236,2.79833668959385,62.4,203.10765815760269,0,62.96215618305311,-1.9517190909692435,-462.81908990011095,0,1.9757359011840696,20.987385394351037,10.230815922652036
2024-03-12,20.987385394351037,0.058637049612327026,0.02360110385291103,2.4845045374898667,53.5,201.99778024417313,0,62.96215618305311,-0.00041570636191520793,-1.1098779134295569,0,0.024016810214826236,20.987385394351037,0.06720712119116061
2024-03-13,20.987385394351037,0.05959142812198949,0.023016135728287992,2.589115254857861,50.0,86.57047724750278,0,62.96215618305311,-0.0005849681246230358,-115.42730299667035,0,0.02360110385291103,20.987385394351037,0.058637049612327026
2024-03-14,20.987385394351037,0.040758916793027886,0.021060793262364957,1.9352982713078961,66.7,263.04106548279685,0,62.96215618305311,-0.001955342465923035,176.4705882352941,0,0.023016135728287992,20.987385394351037,0.05959142812198949
2024-03-15,20.987385394351037,0.012994802021110509,0.019110855572353935,0.6799696628919636,35.7,3.329633740288568,0,62.96215618305311,-0.0019499376900110228,-259.7114317425083,0,0.021060793262364957,20.987385394351037,0.040758916793027886
2024-03-16,20.987385394351037,0.03159313480453405,0.01830343478062073,1.726076836571907,42.0,197.55826859045504,0,62.96215618305311,-0.000807420791733203,194.2286348501665,0,0.019110855572353935,20.987385394351037,0.012994802021110509
2024-03-17,20.987385394351037,0.030416223549895007,0.017103310880549047,1.7783821952559042,63.9,217.53607103218647,0,62.96215618305311,-0.0012001239000716847,19.977802441731427,0,0.01830343478062073,20.987385394351037,0.03159313480453405
2024-03-18,20.987385394351037,0.015924683757509363,0.016024003495681192,0.9938018149959466,55.4,149.83351831298557,0,62.96215618305311,-0.0010793073848678544,-67.7025527192009,0,0.017103310880549047,20.987385394351037,0.030416223549895007
2024-03-19,20.987385394351037,0.029156661232490617,0.013272181613651707,2.196825064727882,57.2,233.07436182019978,0,62.96215618305311,-0.0027518218820294857,83.24084350721421,0,0.016024003495681192,20.987385394351037,0.015924683757509363
2024-03-20,20.987385394351037,0.016053942594902164,0.013060736234069656,1.2291759290739341,53.6,109.87791342952276,0,62.96215618305311,-0.0002114453795820509,-123.19644839067702,0,0.013272181613651707,20.987385394351037,0.029156661232490617
2024-03-21,20.987385394351037,0.03134184630544392,0.011305831860200554,2.772184010251851,67.4,273.0299667036626,0,62.96215618305311,-0.0017549043738691022,163.1520532741398,0,0.013060736234069656,20.987385394351037,0.016053942594902164
2024-03-22,20.987385394351037,0.014949004802566364,0.009688221976876778,1.5430080811779172,60.3,122.08657047724749,0,62.96215618305311,-0.001617609883323776,-150.94339622641508,0,0.011305831860200554,20.987385394351037,0.03134184630544392
2024-03-23,20.987385394351037,0.012297855036978977,0.007837218050816082,1.569160760519916,53.6,68.81243063263041,0,62.96215618305311,-0.0018510039260606955,-53.27413984461708,0,0.009688221976876778,20.987385394351037,0.014949004802566364
2024-03-24,20.987385394351037,0.0062008163469584815,0.005782941820942717,1.0722598530219423,33.0,67.7025527192009,0,62.96215618305311,-0.002054276229873365,-1.1098779134295143,0,0.007837218050816082,20.987385394351037,0.012297855036978977
2024-03-25,20.987385394351037,0.006732405484602874,0.0051485397702952015,1.3076339670999295,38.6,106.54827968923418,0,62.96215618305311,-0.0006344020506475158,38.84572697003328,0,0.005782941820942717,20.987385394351037,0.0062008163469584815
2024-03-26,20.987385394351037,0.005335459990265276,0.004080239672955467,1.3076339670999295,69.5,216.42619311875694,0,62.96215618305311,-0.0010683000973397347,109.87791342952276,0,0.0051485397702952015,20.987385394351037,0.006732405484602874
2024-03-27,20.987385394351037,0.0,0.0018886689525367752,0.0,39.2,22.197558268590456,0,62.96215618305311,-0.0021915707204186916,-194.2286348501665,0,0.004080239672955467,20.987385394351037,0.005335459990265276
2024-03-28,20.987385394351037,0.0002697901923426352,0.0005429456623476495,0.49690090749797333,28.6,115.42730299667036,0,62.96215618305311,-0.0013457232901891258,93.22974472807991,0,0.0018886689525367752,20.987385394351037,0.0
2024-03-29,20.987385394351037,0.0,0.0,0.3399848314459818,49.5,88.79023307436182,0,62.96215618305311,-0.0005429456623476495,-26.63706992230854,0,0.0005429456623476495,20.987385394351037,0.0002697901923426352
2024-03-30,20.987385394351037,0.000884313686196681,0.0009661000691172136,0.9153437769699511,40.7,83.24084350721421,0,62.96215618305311,0.0009661000691172136,-5.549389567147614,0,0.0,20.987385394351037,0.0
2024-03-31,20.987385394351037,0.016464610474011012,0.005118352119469584,3.2167795590658272,66.4,271.920088790233,0,62.96215618305311,0.00415225205035237,188.67924528301882,0,0.0009661000691172136,20.987385394351037,0.000884313686196681
2024-04-01,20.987385394351037,0.010856122097969744,0.006486024072813579,1.6737714778879098,40.4,158.71254162042175,0,62.96215618305311,0.0013676719533439949,-113.20754716981128,0,0.005118352119469584,20.987385394351037,0.016464610474011012
2024-04-02,20.987385394351037,0.017832795973753916,0.005285834260840529,3.373695635117819,73.5,271.920088790233,0,62.96215618305311,-0.0012001898119730495,113.20754716981128,0,0.006486024072813579,20.987385394351037,0.010856122097969744
2024-04-03,20.987385394351037,0.0034485481370512563,0.0050716205814011085,0.6799696628919636,37.0,0.0,0,62.96215618305311,-0.00021421367943942095,-271.920088790233,0,0.005285834260840529,20.987385394351037,0.017832795973753916
2024-04-04,20.987385394351037,0.010134384545726509,0.00615092796626896,1.6476187985459112,57.0,128.74583795782462,0,62.96215618305311,0.0010793073848678518,128.74583795782462,0,0.0050716205814011085,20.987385394351037,0.0034485481370512563
2024-04-05,20.987385394351037,0.010846855095282727,0.006480487473098837,1.6737714778879098,57.5,130.9655937846837,0,62.96215618305311,0.0003295595068298768,2.2197558268590853,0,0.00615092796626896,20.987385394351037,0.010134384545726509
2024-04-06,20.987385394351037,0.009586218651939102,0.006664513501712642,1.4383973638099228,43.1,162.04217536071033,0,62.96215618305311,0.00018402602861380523,31.076581576026626,0,0.006480487473098837,20.987385394351037,0.010846855095282727
2024-04-07,20.987385394351037,0.013360499727009808,0.005266653897543029,2.536809896173864,61.8,274.13984461709214,0,62.96215618305311,-0.0013978596041696132,112.0976692563818,0,0.006664513501712642,20.987385394351037,0.009586218651939102
2024-04-08,20.987385394351037,0.015775366599674424,0.005637408342726642,2.79833668959385,59.4,240.84350721420645,0,62.96215618305311,0.0003707544451836131,-33.29633740288568,0,0.005266653897543029,20.987385394351037,0.013360499727009808
2024-04-09,20.987385394351037,0.014282476849562476,0.006205898492008184,2.3014357820958766,65.9,241.95338512763595,0,62.96215618305311,0.0005684901492815416,1.1098779134295,0,0.005637408342726642,20.987385394351037,0.015775366599674424
2024-04-10,20.987385394351037,0.003703185004514611,0.006156464565983702,0.6015116248659677,49.6,82.1309655937847,0,62.96215618305311,-4.943392602448169e-05,-159.82241953385125,0,0.006205898492008184,20.987385394351037,0.014282476849562476
2024-04-11,20.987385394351037,0.0046087613939859015,0.008010236791901767,0.575358945523969,51.2,156.49278579356272,0,62.96215618305311,0.0018537722259180647,74.36182019977802,0,0.006156464565983702,20.987385394351037,0.003703185004514611
2024-04-12,20.987385394351037,0.02834165916722548,0.01003425945904815,2.824489368935849,57.6,215.3163152053274,0,62.96215618305311,0.0020240226671463836,58.823529411764696,0,0.008010236791901767,20.987385394351037,0.0046087613939859015
2024-04-13,20.987385394351037,0.007149983693148447,0.0071945770124978185,0.9938018149959466,44.0,65.48279689234185,0,62.96215618305311,-0.002839682446550332,-149.83351831298557,0,0.01003425945904815,20.987385394351037,0.02834165916722548
2024-04-14,20.987385394351037,0.017091973739671164,0.006535457998838061,2.61526793419986,61.3,200.8879023307436,0,62.96215618305311,-0.0006591190136597579,135.40510543840173,0,0.0071945770124978185,20.987385394351037,0.007149983693148447
2024-04-15,20.987385394351037,0.007898457366935818,0.004871182489347175,1.6214661192039126,51.9,204.21753607103219,0,62.96215618305311,-0.001664275509490886,3.3296337402885854,0,0.006535457998838061,20.987385394351037,0.017091973739671164
2024-04-16,20.987385394351037,0.006112387387311333,0.004409799179785346,1.3860920051259256,60.5,126.52608213096558,0,62.96215618305311,-0.00046138330956182853,-77.69145394006661,0,0.004871182489347175,20.987385394351037,0.007898457366935818
2024-04-17,20.987385394351037,0.018665862617959543,0.005947721574357657,3.138321521039831,67.1,275.24972253052164,0,62.96215618305311,0.0015379223945723112,148.72364039955607,0,0.004409799179785346,20.987385394351037,0.006112387387311333
2024-04-18,20.987385394351037,0.008339160970428914,0.004195585500345925,1.9876036299918933,52.3,154.27302996670366,0,62.96215618305311,-0.0017521360740117321,-120.97669256381798,0,0.005947721574357657,20.987385394351037,0.018665862617959543
2024-04-19,20.987385394351037,0.001703495547179913,0.0015508704580361502,1.098412532363941,29.5,0.0,0,62.96215618305311,-0.002644715042309775,-154.27302996670366,0,0.004195585500345925,20.987385394351037,0.008339160970428914
2024-04-20,20.987385394351037,0.0,0.0,0.0,22.4,46.614872364039954,0,62.96215618305311,-0.0015508704580361502,46.614872364039954,0,0.0015508704580361502,20.987385394351037,0.001703495547179913
2024-04-21,20.987385394351037,0.0,0.0,2.0399089886758905,59.0,220.86570477247503,0,62.96215618305311,0.0,174.2508324084351,0,0.0,20.987385394351037,0.0
2024-04-22,20.987385394351037,0.0,0.0,2.0922143473598878,39.8,126.52608213096558,0,62.96215618305311,0.0,-94.33962264150945,0,0.0,20.987385394351037,0.0
2024-04-23,20.987385394351037,0.0,0.0,0.3138321521039832,45.3,85.46059933407325,0,62.96215618305311,0.0,-41.065482796892326,0,0.0,20.987385394351037,0.0
2024-04-24,20.987385394351037,0.0,0.0,1.9091455919658975,49.0,54.38401775804662,0,62.96215618305311,0.0,-31.076581576026634,0,0.0,20.987385394351037,0.0
2024-04-25,20.987385394351037,0.0,0.0,1.726076836571907,62.0,229.7447280799112,0,62.96215618305311,0.0,175.3607103218646,0,0.0,20.987385394351037,0.0
2024-04-26,20.987385394351037,0.0,0.0,3.0337108036718377,69.4,199.7780244173141,0,62.96215618305311,0.0,-29.966703662597098,0,0.0,20.987385394351037,0.0
2024-04-27,20.987385394351037,0.0,0.0,2.3798938201218727,59.1,86.57047724750278,0,62.96215618305311,0.0,-113.20754716981132,0,0.0,20.987385394351037,0.0
2024-04-28,20.987385394351037,0.0022170672510704774,0.0012844545527148762,1.726076836571907,49.9,104.32852386237514,0,62.96215618305311,0.0012844545527148762,17.758046614872356,0,0.0,20.987385394351037,0.0
2024-04-29,20.987385394351037,0.002725440021656709,0.00192986389089051,1.4122446844679244,34.1,35.516093229744726,0,62.96215618305311,0.0006454093381756338,-68.81243063263041,0,0.0012844545527148762,20.987385394351037,0.0022170672510704774
2024-04-30,20.987385394351037,0.005650499977625657,0.003541937174499544,1.5953134398619144,50.9,180.91009988901223,0,62.96215618305311,0.001612073283609034,145.39400665926752,0,0.00192986389089051,20.987385394351037,0.002725440021656709
2024-05-01,20.987385394351037,0.0034715369488592836,0.00457728132115629,0.7584277009179592,39.5,103.21864594894562,0,62.96215618305311,0.0010353441466567459,-77.69145394006661,0,0.003541937174499544,20.987385394351037,0.005650499977625657
2024-05-02,20.987385394351037,0.021337108308093163,0.007554324170153314,2.824489368935849,59.7,93.22974472807991,0,62.96215618305311,0.0029770428489970238,-9.988901220865714,0,0.00457728132115629,20.987385394351037,0.0034715369488592836
2024-05-03,20.987385394351037,0.013908298603706983,0.009169165753619719,1.5168554018359188,60.3,233.07436182019978,0,62.96215618305311,0.001614841583466405,139.84461709211988,0,0.007554324170153314,20.987385394351037,0.021337108308093163
2024-05-04,20.987385394351037,0.0012409609125130436,0.011862655602940315,0.10461071736799432,27.1,12.208657047724751,0,62.96215618305311,0.002693489849320597,-220.86570477247503,0,0.009169165753619719,20.987385394351037,0.013908298603706983
2024-05-05,20.987385394351037,0.003813797584447258,0.009114261139781862,0.41844286947197745,29.6,44.39511653718091,0,62.96215618305311,-0.002748394463158454,32.18645948945616,0,0.011862655602940315,20.987385394351037,0.0012409609125130436
2024-05-06,20.987385394351037,0.0017112636001158955,0.009347655182518781,0.1830687553939902,38.9,106.54827968923418,0,62.96215618305311,0.00023339404273691952,62.15316315205327,0,0.009114261139781862,20.987385394351037,0.003813797584447258
2024-05-07,20.987385394351037,0.03646388594823528,0.011618913391688936,3.138321521039831,67.3,208.65704772475027,0,62.96215618305311,0.002271258209170155,102.10876803551609,0,0.009347655182518781,20.987385394351037,0.0017112636001158955
2024-05-08,20.987385394351037,0.022677401784570048,0.0117177812437379,1.9352982713078961,47.5,237.51387347391787,0,62.96215618305311,9.886785204896338e-05,28.856825749167598,0,0.011618913391688936,20.987385394351037,0.03646388594823528
2024-05-09,20.987385394351037,0.0037331725235919093,0.005947721574357657,0.6276643042079664,38.2,25.527192008879023,0,62.96215618305311,-0.005770059669380242,-211.98668146503886,0,0.0117177812437379,20.987385394351037,0.022677401784570048
2024-05-10,20.987385394351037,0.014495198069255534,0.006928161107176546,2.0922143473598878,77.9,207.54716981132077,0,62.96215618305311,0.0009804395328188885,182.01997780244176,0,0.005947721574357657,20.987385394351037,0.0037331725235919093
2024-05-11,20.987385394351037,0.0034177220973039264,0.005445143326442091,0.6276643042079664,53.2,193.11875693673696,0,62.96215618305311,-0.001483017780734455,-14.428412874583813,0,0.006928161107176546,20.987385394351037,0.014495198069255534
2024-05-12,20.987385394351037,0.01102168091051125,0.005695081256421872,1.9352982713078961,53.7,163.15205327413983,0,62.96215618305311,0.0002499379299797811,-29.966703662597126,0,0.005445143326442091,20.987385394351037,0.0034177220973039264
2024-05-13,20.987385394351037,0.01609482094513955,0.00732640081522977,2.196825064727882,68.3,244.17314095449498,0,62.96215618305311,0.0016313195588078984,81.02108768035515,0,0.005695081256421872,20.987385394351037,0.01102168091051125
2024-05-14,20.987385394351037,0.004404043263653005,0.006735896090891994,0.653816983549965,26.6,72.14206437291898,0,62.96215618305311,-0.0005905047243377759,-172.031076581576,0,0.00732640081522977,20.987385394351037,0.01609482094513955
2024-05-15,20.987385394351037,0.007976963704141119,0.008026714767243261,0.9938018149959466,47.9,115.42730299667036,0,62.96215618305311,0.0012908186763512667,43.28523862375138,0,0.006735896090891994,20.987385394351037,0.004404043263653005
2024-05-16,20.987385394351037,0.026098345768416444,0.01663204078578232,1.569160760519916,52.8,186.45948945615982,0,62.96215618305311,0.008605326018539057,71.03218645948945,0,0.008026714767243261,20.987385394351037,0.007976963704141119
2024-05-17,20.987385394351037,0.007944084840578701,0.008934058001447283,0.8891910976279525,35.9,23.307436182019977,0,62.96215618305311,-0.007697982784335035,-163.15205327413983,0,0.01663204078578232,20.987385394351037,0.026098345768416444
2024-05-18,20.987385394351037,0.02117589511821516,0.009097783164440367,2.3275884614378755,53.3,227.52497225305214,0,62.96215618305311,0.0001637251629930843,204.21753607103216,0,0.008934058001447283,20.987385394351037,0.007944084840578701
2024-05-19,20.987385394351037,0.008720809987359636,0.007754828174108612,1.1245652117059395,33.1,51.054384017758046,0,62.96215618305311,-0.0013429549903317553,-176.4705882352941,0,0.009097783164440367,20.987385394351037,0.02117589511821516
2024-05-20,20.987385394351037,0.009161956014385029,0.007785015824934229,1.1768705703899367,34.3,82.1309655937847,0,62.96215618305311,3.0187650825616585e-05,31.076581576026648,0,0.007754828174108612,20.987385394351037,0.008720809987359636
2024-05-21,20.987385394351037,0.012080766923265802,0.007106650536075607,1.6999241572299084,43.5,41.06548279689235,0,62.96215618305311,-0.0006783652888586221,-41.06548279689235,0,0.007785015824934229,20.987385394351037,0.009161956014385029
2024-05-22,20.987385394351037,0.008945945439681285,0.008770926045566493,1.019954494337945,41.8,114.31742508324085,0,62.96215618305311,0.0016642755094908868,73.25194228634851,0,0.007106650536075607,20.987385394351037,0.012080766923265802
2024-05-23,20.987385394351037,0.006684257803382151,0.0106494152344968,0.6276643042079664,23.3,41.06548279689235,0,62.96215618305311,0.001878489188930306,-73.25194228634851,0,0.008770926045566493,20.987385394351037,0.008945945439681285
2024-05-24,20.987385394351037,0.008516925956219482,0.010855389926265476,0.7845803802599578,40.4,28.85682574916759,0,62.96215618305311,0.00020597469176867646,-12.208657047724756,0,0.0106494152344968,20.987385394351037,0.006684257803382151
2024-05-25,20.987385394351037,0.0382960756420695,0.013434193067209273,2.850642048277847,69.7,198.66814650388457,0,62.96215618305311,0.0025788031409437976,169.81132075471697,0,0.010855389926265476,20.987385394351037,0.008516925956219482
2024-05-26,20.987385394351037,0.0005686569501585882,0.01087186790160697,0.05230535868399716,40.5,52.16426193118757,0,62.96215618305311,-0.0025623251656023034,-146.50388457269702,0,0.013434193067209273,20.987385394351037,0.0382960756420695
2024-05-27,20.987385394351037,0.01200307646497453,0.00976514116577087,1.2291759290739341,40.7,68.81243063263041,0,62.96215618305311,-0.0011067267358360992,16.64816870144284,0,0.01087186790160697,20.987385394351037,0.0005686569501585882
2024-05-28,20.987385394351037,0.0,0.01106413291789152,0.0,29.2,43.28523862375139,0,62.96215618305311,0.0012989917521206498,-25.52719200887902,0,0.00976514116577087,20.987385394351037,0.01200307646497453
2024-05-29,20.987385394351037,0.014068286742716384,0.010149605286438608,1.3860920051259256,47.6,109.87791342952276,0,62.96215618305311,-0.0009145276314529126,66.59267480577137,0,0.01106413291789152,20.987385394351037,0.0
2024-05-30,20.987385394351037,0.007384748131830714,0.011294824572672436,0.653816983549965,31.9,68.81243063263041,0,62.96215618305311,0.0011452192862338277,-41.065482796892354,0,0.010149605286438608,20.987385394351037,0.014068286742716384
2024-05-31,20.987385394351037,0.01743091494903159,0.009257026318140566,1.882992912623899,53.2,234.1842397336293,0,62.96215618305311,-0.00203779825453187,165.37180910099892,0,0.011294824572672436,20.987385394351037,0.007384748131830714
2024-06-01,20.987385394351037,0.0036038328584915187,0.010599981308472319,0.3399848314459818,43.5,102.10876803551609,0,62.96215618305311,0.0013429549903317527,-132.07547169811323,0,0.009257026318140566,20.987385394351037,0.01743091494903159
2024-06-02,20.987385394351037,0.0237629760748125,0.010816963287769111,2.196825064727882,71.2,276.3596004439512,0,62.96215618305311,0.00021698197929679273,174.2508324084351,0,0.010599981308472319,20.987385394351037,0.0036038328584915187
2024-06-03,20.987385394351037,0.029415832768782773,0.014420169199742905,2.0399089886758905,68.1,269.700332963374,0,62.96215618305311,0.0036032059119737933,-6.659267480577171,0,0.010816963287769111,20.987385394351037,0.0237629760748125
2024-06-04,20.987385394351037,0.0058455327628455485,0.013969727265807827,0.41844286947197745,35.5,44.39511653718091,0,62.96215618305311,-0.0004504419339350779,-225.3052164261931,0,0.014420169199742905,20.987385394351037,0.029415832768782773
2024-06-05,20.987385394351037,0.010436158911824155,0.01247023150973188,0.836885738943955,30.2,46.614872364039954,0,62.96215618305311,-0.0014994957560759466,2.2197558268590427,0,0.013969727265807827,20.987385394351037,0.0058455327628455485
2024-06-06,20.987385394351037,0.010448904867294466,0.014269099121812087,0.7322750215759606,35.8,0.0,0,62.96215618305311,0.0017988676120802068,-46.614872364039954,0,0.01247023150973188,20.987385394351037,0.010436158911824155
2024-06-07,20.987385394351037,0.013812492051524456,0.01650463308044189,0.836885738943955,50.7,198.66814650388457,0,62.96215618305311,0.0022355339586298036,198.66814650388457,0,0.014269099121812087,20.987385394351037,0.010448904867294466
2024-06-08,20.987385394351037,0.010907708835251823,0.01668312250934095,0.653816983549965,27.8,68.81243063263041,0,62.96215618305311,0.00017848942889905905,-129.85571587125418,0,0.01650463308044189,20.987385394351037,0.013812492051524456
2024-06-09,20.987385394351037,0.039164426933375525,0.020236894495290262,1.9352982713078961,69.4,227.52497225305214,0,62.96215618305311,0.0035537719859493125,158.71254162042175,0,0.01668312250934095,20.987385394351037,0.010907708835251823
2024-06-10,20.987385394351037,0.046204302534564055,0.015230292379432112,3.0337108036718377,71.7,249.72253052164262,0,62.96215618305311,-0.00500660211585815,22.197558268590484,0,0.020236894495290262,20.987385394351037,0.039164426933375525
2024-06-11,20.987385394351037,0.035358826095546025,0.018270478829937743,1.9352982713078961,66.5,254.1620421753607,0,62.96215618305311,0.0030401864505056313,4.439511653718085,0,0.015230292379432112,20.987385394351037,0.046204302534564055
2024-06-12,20.987385394351037,0.04123569262680454,0.021599029848919517,1.9091455919658975,51.1,122.08657047724749,0,62.96215618305311,0.0033285510189817735,-132.07547169811323,0,0.018270478829937743,20.987385394351037,0.035358826095546025
2024-06-13,20.987385394351037,0.06661447890750716,0.022541042743242038,2.9552527656458416,70.8,276.3596004439512,0,62.96215618305311,0.0009420128943225213,154.2730299667037,0,0.021599029848919517,20.987385394351037,0.04123569262680454
2024-06-14,20.987385394351037,0.0023847531303224823,0.022796451361035197,0.10461071736799432,34.8,0.0,0,62.96215618305311,0.000255408617793159,-276.3596004439512,0,0.022541042743242038,20.987385394351037,0.06661447890750716
2024-06-15,20.987385394351037,0.04634157631225516,0.018652240562649473,2.4845045374898667,56.6,139.84461709211988,0,62.96215618305311,-0.0041442107983857245,139.84461709211988,0,0.022796451361035197,20.987385394351037,0.0023847531303224823
2024-06-16,20.987385394351037,0.019581149890238188,0.026740158155465623,0.7322750215759606,35.7,124.30632630410655,0,62.96215618305311,0.00808791759281615,-15.538290788013327,0,0.018652240562649473,20.987385394351037,0.04634157631225516
2024-06-17,20.987385394351037,0.03815108985129684,0.017575701477638993,2.170672385385884,77.9,248.6126526082131,0,62.96215618305311,-0.00916445667782663,124.30632630410655,0,0.026740158155465623,20.987385394351037,0.019581149890238188
2024-06-18,20.987385394351037,0.06456596909246486,0.029744686267332256,2.170672385385884,55.4,147.61376248612655,0,62.96215618305311,0.012168984789693263,-100.99889012208655,0,0.017575701477638993,20.987385394351037,0.03815108985129684
2024-06-19,20.987385394351037,0.09153659347551912,0.03431455612473945,2.6675732928838567,54.5,268.5904550499445,0,62.96215618305311,0.0045698698574071946,120.97669256381798,0,0.029744686267332256,20.987385394351037,0.06456596909246486
2024-06-20,20.987385394351037,0.030648930932899915,0.034468328590626277,0.8891910976279525,36.7,42.17536071032187,0,62.96215618305311,0.00015377246588682558,-226.41509433962267,0,0.03431455612473945,20.987385394351037,0.09153659347551912
2024-06-21,20.987385394351037,0.09334610792905922,0.02832758038796378,3.295237597091823,66.0,278.5793562708102,0,62.96215618305311,-0.006140748202662496,236.40399556048834,0,0.034468328590626277,20.987385394351037,0.030648930932899915
2024-06-22,20.987385394351037,0.07299515575330524,0.03208179046596703,2.2752831027538782,53.9,97.66925638179801,0,62.96215618305311,0.003754210078003247,-180.9100998890122,0,0.02832758038796378,20.987385394351037,0.09334610792905922
2024-06-23,20.987385394351037,0.05054553124942606,0.031172733522327484,1.6214661192039126,47.4,117.6470588235294,0,62.96215618305311,-0.0009090569436395433,19.9778024417314,0,0.03208179046596703,20.987385394351037,0.07299515575330524
2024-06-24,20.987385394351037,0.08829692257924503,0.032463552198678754,2.7198786515678544,75.5,215.3163152053274,0,62.96215618305311,0.0012908186763512693,97.66925638179801,0,0.031172733522327484,20.987385394351037,0.05054553124942606
2024-06-25,20.987385394351037,0.04527748173104778,0.033946569979413206,1.3337866464419283,46.4,156.49278579356272,0,62.96215618305311,0.0014830177807344525,-58.823529411764696,0,0.032463552198678754,20.987385394351037,0.08829692257924503
2024-06-26,20.987385394351037,0.05522034835914444,0.03640449069325181,1.5168554018359188,49.1,133.18534961154273,0,62.96215618305311,0.0024579207138386017,-23.307436182019984,0,0.033946569979413206,20.987385394351037,0.04527748173104778
2024-06-27,20.987385394351037,0.05919659427702816,0.040419645988762944,1.4645500431519216,53.4,177.58046614872364,0,62.96215618305311,0.004015155295511136,44.39511653718091,0,0.03640449069325181,20.987385394351037,0.05522034835914444
2024-06-28,20.987385394351037,0.05109191034063903,0.03686040331500026,1.3860920051259256,33.4,113.20754716981132,0,62.96215618305311,-0.0035592426737626817,-64.37291897891232,0,0.040419645988762944,20.987385394351037,0.05919659427702816
2024-06-29,20.987385394351037,0.048904098255143864,0.03816216336697828,1.281481287757931,47.3,96.55937846836848,0,62.96215618305311,0.0013017600519780181,-16.64816870144284,0,0.03686040331500026,20.987385394351037,0.05109191034063903
2024-06-30,20.987385394351037,0.018592848298532513,0.028437389615639495,0.653816983549965,30.5,74.36182019977802,0,62.96215618305311,-0.009724773751338785,-22.197558268590456,0,0.03816216336697828,20.987385394351037,0.048904098255143864
2024-07-01,20.987385394351037,0.017864338430723478,0.023554438226743916,0.7584277009179592,35.7,88.79023307436182,0,62.96215618305311,-0.004882951388895579,14.428412874583799,0,0.028437389615639495,20.987385394351037,0.018592848298532513
2024-07-02,20.987385394351037,0.045790207071101985,0.020843811283068166,2.196825064727882,62.2,298.55715871254165,0,62.96215618305311,-0.0027106269436757494,209.76692563817983,0,0.023554438226743916,20.987385394351037,0.017864338430723478
2024-07-03,20.987385394351037,0.037578198530772614,0.023175444793889555,1.6214661192039126,59.4,160.9322974472808,0,62.96215618305311,0.0023316335108213883,-137.62486126526085,0,0.020843811283068166,20.987385394351037,0.045790207071101985
2024-07-04,20.987385394351037,0.031075494617555332,0.02583116712372745,1.2030232497319355,44.4,130.9655937846837,0,62.96215618305311,0.002655722329837896,-29.966703662597098,0,0.023175444793889555,20.987385394351037,0.037578198530772614
2024-07-05,20.987385394351037,0.027551616108533277,0.019509095280407156,1.4122446844679244,62.4,150.94339622641508,0,62.96215618305311,-0.006322071843320294,19.97780244173137,0,0.02583116712372745,20.987385394351037,0.031075494617555332
2024-07-06,20.987385394351037,4.550891237335657,1.2518879729640535,3.6352224285378054,54.8,472.80799112097674,1,62.96215618305311,1.2323788776836464,321.86459489456166,0,0.019509095280407156,20.987385394351037,0.027551616108533277
2024-07-07,20.987385394351037,0.0,0.025949215339073912,0.0,59.0,206.43729189789124,0,62.96215618305311,-1.2259387576249796,-266.37069922308547,0,1.2518879729640535,20.987385394351037,4.550891237335657
2024-07-08,20.987385394351037,0.7799804063322978,0.14837866068123415,5.256688547741717,91.3,672.5860155382908,1,62.96215618305311,0.12242944534216024,466.14872364039957,1,0.025949215339073912,20.987385394351037,0.0
2024-07-09,20.987385394351037,0.11673784875535394,0.03719754269048723,3.138321521039831,52.5,249.72253052164262,0,62.96215618305311,-0.11118111799074692,-422.86348501664816,0,0.14837866068123415,20.987385394351037,0.7799804063322978
2024-07-10,20.987385394351037,0.07225209184747594,0.048468477824069066,1.49070272249392,32.3,168.70144284128747,0,62.96215618305311,0.011270935133581836,-81.02108768035515,0,0.03719754269048723,20.987385394351037,0.11673784875535394
2024-07-11,20.987385394351037,5.866946748387632,1.602388877272127,3.6613751078798042,64.1,360.7103218645949,1,62.96215618305311,1.553920399448058,192.00887902330743,0,0.048468477824069066,20.987385394351037,0.07225209184747594
2024-07-12,20.987385394351037,0.05952496151914849,0.03347141108246589,1.7783821952559042,37.8,209.7669256381798,0,62.96215618305311,-1.5689174661896612,-150.9433962264151,0,1.602388877272127,20.987385394351037,5.866946748387632
2024-07-13,20.987385394351037,0.4454159683395357,0.12523066456910895,3.55676439051181,75.8,402.88568257491676,1,62.96215618305311,0.09175925348664306,193.11875693673696,0,0.03347141108246589,20.987385394351037,0.05952496151914849
2024-07-14,20.987385394351037,0.01600596921297026,0.021857865885583704,0.7322750215759606,44.3,136.5149833518313,0,62.96215618305311,-0.10337279868352524,-266.37069922308547,0,0.12523066456910895,20.987385394351037,0.4454159683395357
2024-07-15,20.987385394351037,0.6773757062796198,0.1589007047914958,4.262886732745772,74.1,538.2907880133185,1,62.96215618305311,0.1370428389059121,401.77580466148726,0,0.021857865885583704,20.987385394351037,0.01600596921297026
2024-07-16,20.987385394351037,0.6383945605171081,0.15256433006557907,4.1844286947197755,72.2,457.2697003329634,1,62.96215618305311,-0.006336374725916721,-81.02108768035515,0,0.1589007047914958,20.987385394351037,0.6773757062796198
2024-07-17,20.987385394351037,11.463662554813016,2.0387723958529547,5.622826058529697,67.4,690.3440621531631,2,62.96215618305311,1.8862080657873757,233.07436182019973,0,0.15256433006557907,20.987385394351037,0.6383945605171081
2024-07-18,20.987385394351037,1.2640900219410478,0.3477338861076246,3.6352224285378054,63.4,396.22641509433964,1,62.96215618305311,-1.69103850974533,-294.1176470588235,0,2.0387723958529547,20.987385394351037,11.463662554813016
2024-07-19,20.987385394351037,0.02586514151651469,0.018660479550320224,1.3860920051259256,44.3,158.71254162042175,0,62.96215618305311,-0.3290734065573044,-237.5138734739179,0,0.3477338861076246,20.987385394351037,1.2640900219410478
2024-07-20,20.987385394351037,0.014983698954049116,0.02291726787623903,0.653816983549965,33.4,36.62597114317425,0,62.96215618305311,0.004256788325918807,-122.0865704772475,0,0.018660479550320224,20.987385394351037,0.02586514151651469
2024-07-21,20.987385394351037,0.018191939929862306,0.01932236686383735,0.9414964563119497,33.1,37.73584905660377,0,62.96215618305311,-0.0035949010124016814,1.1098779134295214,0,0.02291726787623903,20.987385394351037,0.014983698954049116
2024-07-22,20.987385394351037,0.07303432542235243,0.03364594579728299,2.170672385385884,62.7,185.34961154273032,0,62.96215618305311,0.014323578933445644,147.61376248612655,0,0.01932236686383735,20.987385394351037,0.018191939929862306
2024-07-23,20.987385394351037,0.38760346830471193,0.11313583066845241,3.426000993801816,61.7,328.5238623751388,1,62.96215618305311,0.07948988487116943,143.17425083240846,0,0.03364594579728299,20.987385394351037,0.07303432542235243
2024-07-24,20.987385394351037,1.3045752906605894,0.44144287954857464,2.9552527656458416,60.7,374.02885682574913,1,62.96215618305311,0.32830704888012224,45.504994450610354,0,0.11313583066845241,20.987385394351037,0.38760346830471193
2024-07-25,20.987385394351037,0.07306253249095811,0.02793692054856764,2.61526793419986,50.4,143.17425083240843,0,62.96215618305311,-0.413505959000007,-230.8546059933407,0,0.44144287954857464,20.987385394351037,1.3045752906605894
2024-07-26,20.987385394351037,0.1334046786820425,0.07501462792301851,1.7783821952559042,56.5,129.85571587125418,0,62.96215618305311,0.04707770737445087,-13.318534961154256,0,0.02793692054856764,20.987385394351037,0.07306253249095811
2024-07-27,20.987385394351037,0.03369842566183276,0.02147544503385831,1.569160760519916,50.0,112.0976692563818,0,62.96215618305311,-0.053539182889160195,-17.75804661487237,0,0.07501462792301851,20.987385394351037,0.1334046786820425
2024-07-28,20.987385394351037,0.07985645748830682,0.024427770919843095,3.2690849177498245,59.3,208.65704772475027,0,62.96215618305311,0.0029523258859847842,96.55937846836846,0,0.02147544503385831,20.987385394351037,0.03369842566183276
2024-07-29,20.987385394351037,0.16286524582915066,0.04827502639355993,3.373695635117819,67.3,277.4694783573807,0,62.96215618305311,0.023847255473716838,68.81243063263042,0,0.024427770919843095,20.987385394351037,0.07985645748830682
2024-07-30,20.987385394351037,0.046483135389179885,0.024018589836163118,1.9352982713078961,68.3,150.94339622641508,0,62.96215618305311,-0.024256436557396815,-126.52608213096562,0,0.04827502639355993,20.987385394351037,0.16286524582915066
2024-07-31,20.987385394351037,0.023365912245284386,0.020305508784612243,1.1507178910479383,54.4,173.14095449500556,0,62.96215618305311,-0.0037130810515508747,22.197558268590484,0,0.024018589836163118,20.987385394351037,0.046483135389179885
2024-08-01,20.987385394351037,0.016386052690805866,0.024098211413013215,0.6799696628919636,39.1,35.516093229744726,0,62.96215618305311,0.003792702628400972,-137.62486126526085,0,0.020305508784612243,20.987385394351037,0.023365912245284386
2024-08-02,20.987385394351037,0.05882319334066983,0.020635068291442123,2.850642048277847,63.7,298.55715871254165,0,62.96215618305311,-0.003463143121571092,263.0410654827969,0,0.024098211413013215,20.987385394351037,0.016386052690805866
2024-08-03,20.987385394351037,0.049545276818744,0.03643197595612142,1.3599393257839272,49.1,82.1309655937847,0,62.96215618305311,0.015796907664679293,-216.42619311875694,0,0.020635068291442123,20.987385394351037,0.05882319334066983
2024-08-04,20.987385394351037,0.024411506107170907,0.020291799109128122,1.2030232497319355,74.0,265.26082130965597,0,62.96215618305311,-0.016140176846993294,183.12985571587126,0,0.03643197595612142,20.987385394351037,0.049545276818744
2024-08-05,20.987385394351037,0.03376917368541851,0.03149346083437433,1.0722598530219423,69.7,153.16315205327413,0,62.96215618305311,0.011201661725246205,-112.09766925638183,0,0.020291799109128122,20.987385394351037,0.024411506107170907
2024-08-06,20.987385394351037,0.001361161504726345,0.026023366228110634,0.05230535868399716,30.1,68.81243063263041,0,62.96215618305311,-0.005470094606263694,-84.35072142064372,0,0.03149346083437433,20.987385394351037,0.03376917368541851
2024-08-07,20.987385394351037,0.45012499692710906,0.2151428688437733,2.0922143473598878,56.0,305.21642619311876,1,62.96215618305311,0.18911950261566265,236.40399556048834,0,0.026023366228110634,20.987385394351037,0.001361161504726345
2024-08-08,20.987385394351037,3.101672541451181,0.4743946118698751,6.538169835499649,72.5,518.3129855715871,1,62.96215618305311,0.25925174302610177,213.09655937846833,0,0.2151428688437733,20.987385394351037,0.45012499692710906
2024-08-09,20.987385394351037,1.5305329619585564,0.41802134904578064,3.6613751078798042,70.1,443.9511653718091,1,62.96215618305311,-0.05637326282409444,-74.36182019977798,0,0.4743946118698751,20.987385394351037,3.101672541451181
2024-08-10,20.987385394351037,0.2996960075100006,0.22469561253254686,1.3337866464419283,59.7,169.81132075471697,1,62.96215618305311,-0.1933257365132338,-274.13984461709214,0,0.41802134904578064,20.987385394351037,1.5305329619585564
2024-08-11,20.987385394351037,1.5519009725143926,0.2602633223071615,5.962810889975679,74.5,537.180910099889,1,62.96215618305311,0.035567709774614625,367.3695893451721,0,0.22469561253254686,20.987385394351037,0.2996960075100006
2024-08-12,20.987385394351037,1.7377592804323616,0.34971948213627463,4.969009074979734,75.5,597.1143174250833,1,62.96215618305311,0.08945615982911315,59.93340732519425,0,0.2602633223071615,20.987385394351037,1.5519009725143926
2024-08-13,20.987385394351037,1.3677493602502773,0.41180025423535305,3.3213902764338217,70.9,492.78579356270814,1,62.96215618305311,0.06208077209907842,-104.32852386237516,0,0.34971948213627463,20.987385394351037,1.7377592804323616
2024-08-14,20.987385394351037,1.9012434339215898,0.4178037079474702,4.550566205507756,70.6,457.2697003329634,1,62.96215618305311,0.006003453712117135,-35.51609322974474,0,0.41180025423535305,20.987385394351037,1.3677493602502773
2024-08-15,20.987385394351037,0.7504600041001506,0.35869173970971807,2.0922143473598878,56.1,296.33740288568254,1,62.96215618305311,-0.05911196823775211,-160.93229744728086,0,0.4178037079474702,20.987385394351037,1.9012434339215898
2024-08-16,20.987385394351037,1.4516061707486558,0.3000273791941424,4.83824567826974,64.7,519.4228634850167,1,62.96215618305311,-0.058664360515575664,223.08546059933417,0,0.35869173970971807,20.987385394351037,0.7504600041001506
2024-08-17,20.987385394351037,0.47490851371338255,0.13254800612305548,3.582917069853808,61.1,394.0066592674806,1,62.96215618305311,-0.16747937307108693,-125.41620421753612,0,0.3000273791941424,20.987385394351037,1.4516061707486558
2024-08-18,20.987385394351037,0.9047535496264798,0.13893598986774175,6.5120171561576505,85.1,548.2796892341843,1,62.96215618305311,0.006387983744686271,154.2730299667037,1,0.13254800612305548,20.987385394351037,0.47490851371338255
2024-08-19,20.987385394351037,0.4049393895035405,0.12691530685612193,3.1906268797238284,64.6,387.3473917869034,1,62.96215618305311,-0.01202068301161982,-160.93229744728086,0,0.13893598986774175,20.987385394351037,0.9047535496264798
2024-08-20,20.987385394351037,1.0208531693314324,0.35485784214296334,2.8767947276198456,70.9,576.0266370699223,1,62.96215618305311,0.2279425352868414,188.67924528301893,0,0.12691530685612193,20.987385394351037,0.4049393895035405
2024-08-21,20.987385394351037,1.112332812317827,0.39381731244996976,2.824489368935849,63.5,442.8412874583796,1,62.96215618305311,0.038959470307006416,-133.18534961154273,0,0.35485784214296334,20.987385394351037,1.0208531693314324
2024-08-22,20.987385394351037,0.979654352480231,0.37088161857214436,2.6414206135418583,54.7,294.11764705882354,1,62.96215618305311,-0.022935693877825403,-148.72364039955607,0,0.39381731244996976,20.987385394351037,1.112332812317827
2024-08-23,20.987385394351037,2.2328031500728294,0.4104600675448787,5.439757303135707,85.2,553.8290788013318,1,62.96215618305311,0.039578448972734326,259.71143174250824,1,0.37088161857214436,20.987385394351037,0.979654352480231
2024-08-24,20.987385394351037,1.7160466398720995,0.38597926687523204,4.445955488139761,74.1,440.6215316315205,1,62.96215618305311,-0.02448080066964664,-113.20754716981128,0,0.4104600675448787,20.987385394351037,2.2328031500728294
2024-08-25,20.987385394351037,2.0079199508390646,0.36215488283128916,5.544368020503701,74.8,471.6981132075472,1,62.96215618305311,-0.02382438404394288,31.076581576026683,0,0.38597926687523204,20.987385394351037,1.7160466398720995
2024-08-26,20.987385394351037,2.621791490670465,0.4058681831124152,6.459711797473653,81.7,678.1354051054384,1,62.96215618305311,0.04371330028112602,206.4372918978912,0,0.36215488283128916,20.987385394351037,2.0079199508390646
2024-08-27,20.987385394351037,2.525850368706482,0.4058022712110492,6.224337683395666,77.3,550.4994450610433,1,62.96215618305311,-6.591190136595593e-05,-127.63596004439512,0,0.4058681831124152,20.987385394351037,2.621791490670465
2024-08-28,20.987385394351037,0.9417182958158292,0.16748131384702258,5.622826058529697,70.6,576.0266370699223,1,62.96215618305311,-0.23832095736402664,25.52719200887907,0,0.4058022712110492,20.987385394351037,2.525850368706482
2024-08-29,20.987385394351037,1.0129595090949755,0.3427657765421642,2.9552527656458416,68.2,285.23862375138737,1,62.96215618305311,0.17528446269514164,-290.788013318535,0,0.16748131384702258,20.987385394351037,0.9417182958158292
2024-08-30,20.987385394351037,2.124209215556621,0.40209597908533906,5.282841227083717,65.5,529.4117647058823,1,62.96215618305311,0.05933020254317484,244.17314095449495,0,0.3427657765421642,20.987385394351037,1.0129595090949755
2024-08-31,20.987385394351037,2.6355650026076205,0.45807317729412533,5.75358945523969,78.5,637.0699223085461,1,62.96215618305311,0.05597719820878627,107.65815760266378,0,0.40209597908533906,20.987385394351037,2.124209215556621
2024-09-01,20.987385394351037,2.2658028699678834,0.6016493356872357,3.765985825247798,57.3,497.2253052164262,1,62.96215618305311,0.14357615839311033,-139.8446170921199,0,0.45807317729412533,20.987385394351037,2.6355650026076205
2024-09-02,20.987385394351037,1.2344578053231756,0.6378643662451655,1.9352982713078961,56.3,311.8756936736959,1,62.96215618305311,0.03621503055792985,-185.34961154273032,0,0.6016493356872357,20.987385394351037,2.2658028699678834
2024-09-03,20.987385394351037,2.477298345689144,0.4959395646288784,4.995161754321732,73.5,592.6748057713651,1,62.96215618305311,-0.14192480161628712,280.7991120976692,0,0.6378643662451655,20.987385394351037,1.2344578053231756
2024-09-04,20.987385394351037,1.843379291359577,0.4667900262497756,3.9490545806417883,73.2,420.64372918978916,1,62.96215618305311,-0.02914953837910278,-172.03107658157592,0,0.4959395646288784,20.987385394351037,2.477298345689144
2024-09-05,20.987385394351037,2.0176743224782157,0.45650776963668344,4.419802808797763,63.2,442.8412874583796,1,62.96215618305311,-0.010282256613092178,22.197558268590456,0,0.4667900262497756,20.987385394351037,1.843379291359577
2024-09-06,20.987385394351037,3.2977146142660407,0.4487356359633117,7.348902895101604,75.4,647.0588235294118,1,62.96215618305311,-0.007772133673371762,204.2175360710322,0,0.45650776963668344,20.987385394351037,2.0176743224782157
2024-09-07,20.987385394351037,2.2680993157938256,0.44474519763081277,5.099772471689726,73.7,518.3129855715871,1,62.96215618305311,-0.003990438332498902,-128.74583795782473,0,0.4487356359633117,20.987385394351037,3.2977146142660407
2024-09-08,20.987385394351037,1.81429191783067,0.4594243712721278,3.9490545806417883,62.3,403.99556048834626,1,62.96215618305311,0.014679173641315046,-114.31742508324083,0,0.44474519763081277,20.987385394351037,2.2680993157938256
2024-09-09,20.987385394351037,1.7922948674073949,0.47924460730808766,3.7398331459057994,65.7,377.35849056603774,1,62.96215618305311,0.019820236035959837,-26.637069922308513,0,0.4594243712721278,20.987385394351037,1.81429191783067
2024-09-10,20.987385394351037,1.8256346216682002,0.4716675069508578,3.8705965426157922,56.6,403.99556048834626,1,62.96215618305311,-0.00757710035722986,26.637069922308513,0,0.47924460730808766,20.987385394351037,1.7922948674073949
2024-09-11,20.987385394351037,1.18013580354863,0.4512485272028895,2.61526793419986,44.2,342.95227524972256,1,62.96215618305311,-0.020418979747968302,-61.043285238623696,0,0.4716675069508578,20.987385394351037,1.8256346216682002
2024-09-12,20.987385394351037,2.2858006128787864,0.4242823205565347,5.38745194445171,91.0,531.6315205327414,1,62.96215618305311,-0.026966206646354796,188.67924528301887,1,0.4512485272028895,20.987385394351037,1.18013580354863
2024-09-13,20.987385394351037,2.5088926039798523,0.42636678443723364,5.884352851949685,70.5,580.4661487236405,1,62.96215618305311,0.002084463880698939,48.834628190899025,0,0.4242823205565347,20.987385394351037,2.2858006128787864
2024-09-14,20.987385394351037,1.3003668445022833,0.421373957908761,3.086016162355834,55.7,275.24972253052164,1,62.96215618305311,-0.00499282652847266,-305.2164261931188,0,0.42636678443723364,20.987385394351037,2.5088926039798523
2024-09-15,20.987385394351037,1.2241750961593858,0.42170074911573346,2.9029474069618444,66.7,368.4794672586015,1,62.96215618305311,0.00032679120697248765,93.22974472807988,0,0.421373957908761,20.987385394351037,1.3003668445022833
2024-09-16,20.987385394351037,1.77437380450002,0.3126577472933974,5.675131417213696,69.7,572.6970033296337,1,62.96215618305311,-0.10904300182233606,204.2175360710322,0,0.42170074911573346,20.987385394351037,1.2241750961593858
2024-09-17,20.987385394351037,0.7668762655045623,0.3532897320975655,2.170672385385884,52.7,328.5238623751388,1,62.96215618305311,0.040631984804168075,-244.17314095449495,0,0.3126577472933974,20.987385394351037,1.77437380450002
2024-09-18,20.987385394351037,1.9806683698615657,0.41842440032263356,4.733634960901745,72.0,516.0932297447281,1,62.96215618305311,0.06513466822506808,187.56936736958932,0,0.3532897320975655,20.987385394351037,0.7668762655045623
2024-09-19,20.987385394351037,1.711638200229292,0.4277641167461923,4.001359939325785,69.3,475.02774694783574,1,62.96215618305311,0.009339716423558742,-41.065482796892354,0,0.41842440032263356,20.987385394351037,1.9806683698615657
2024-09-20,20.987385394351037,2.2593607854735764,0.41937465220462683,5.38745194445171,79.1,450.6104328523862,1,62.96215618305311,-0.008389464541565472,-24.417314095449512,0,0.4277641167461923,20.987385394351037,1.711638200229292
2024-09-21,20.987385394351037,1.0472346830190198,0.4259905593042367,2.458351858147868,51.9,351.83129855715873,1,62.96215618305311,0.006615907099609852,-98.7791342952275,0,0.41937465220462683,20.987385394351037,2.2593607854735764
2024-09-22,20.987385394351037,2.5089088518659968,0.4546594680985787,5.518215341161703,71.9,566.0377358490566,1,62.96215618305311,0.02866890879434203,214.20643729189788,0,0.4259905593042367,20.987385394351037,1.0472346830190198
2024-09-23,20.987385394351037,1.8579249432336653,0.44400922534016024,4.1844286947197755,70.5,351.83129855715873,1,62.96215618305311,-0.010650242758418471,-214.20643729189788,0,0.4546594680985787,20.987385394351037,2.5089088518659968
2024-09-24,20.987385394351037,1.761052814077016,0.39610221442272264,4.445955488139761,73.5,415.09433962264154,1,62.96215618305311,-0.0479070109174376,63.26304106548281,0,0.44400922534016024,20.987385394351037,1.8579249432336653
2024-09-25,20.987385394351037,0.8431765355081982,0.31921327909135605,2.6414206135418583,51.5,290.788013318535,1,62.96215618305311,-0.07688893533136659,-124.30632630410656,0,0.39610221442272264,20.987385394351037,1.761052814077016
2024-09-26,20.987385394351037,1.7274203062980413,0.4234062195635781,4.079817977351781,78.0,538.2907880133185,1,62.96215618305311,0.10419294047222205,247.50277469478357,0,0.31921327909135605,20.987385394351037,0.8431765355081982
2024-09-27,20.987385394351037,1.9364828381048194,0.4514956968330119,4.28903941208777,68.7,395.1165371809101,1,62.96215618305311,0.028089477269433782,-143.17425083240846,0,0.4234062195635781,20.987385394351037,1.7274203062980413
2024-09-28,20.987385394351037,1.0965686761928906,0.4192949647158754,2.61526793419986,65.1,307.4361820199778,1,62.96215618305311,-0.03220073211713648,-87.68035516093227,0,0.4514956968330119,20.987385394351037,1.9364828381048194
2024-09-29,20.987385394351037,1.1810473330995848,0.3893078178942138,3.0337108036718377,63.9,358.49056603773585,1,62.96215618305311,-0.029987146821661592,51.054384017758025,0,0.4192949647158754,20.987385394351037,1.0965686761928906
2024-09-30,20.987385394351037,1.0578545267575894,0.3927105198022323,2.6937259722258555,55.5,324.08435072142066,1,62.96215618305311,0.0034027019080185017,-34.40621531631518,0,0.3893078178942138,20.987385394351037,1.1810473330995848
2024-10-01,20.987385394351037,1.833516320084825,0.4381760220692714,4.1844286947197755,67.0,401.7758046614872,1,62.96215618305311,0.045465502267039104,77.69145394006654,0,0.3927105198022323,20.987385394351037,1.0578545267575894
2024-10-02,20.987385394351037,1.172633223314299,0.43113438999873877,2.7198786515678544,66.8,281.90899001109875,1,62.96215618305311,-0.007041632070532655,-119.86681465038845,0,0.4381760220692714,20.987385394351037,1.833516320084825
2024-10-03,20.987385394351037,3.080818110916438,0.4346909302845454,7.0873761016816195,85.4,701.4428412874584,1,62.96215618305311,0.003556540285806653,419.5338512763596,1,0.43113438999873877,20.987385394351037,1.172633223314299
2024-10-04,20.987385394351037,1.6779807180504531,0.44867796304961644,3.7398331459057994,71.3,398.44617092119864,1,62.96215618305311,0.013987032765071017,-302.9966703662597,0,0.4346909302845454,20.987385394351037,3.080818110916438
2024-10-05,20.987385394351037,2.836293492756208,0.44085916375007755,6.4335591181316545,79.7,579.356270810211,1,62.96215618305311,-0.007818799299538881,180.91009988901232,0,0.44867796304961644,20.987385394351037,1.6779807180504531
2024-10-06,20.987385394351037,2.776891560799038,0.4316260268710276,6.4335591181316545,84.0,608.2130965593785,1,62.96215618305311,-0.009233136879049975,28.85682574916757,0,0.44085916375007755,20.987385394351037,2.836293492756208
2024-10-07,20.987385394351037,1.006022532595431,0.44215268481438486,2.2752831027538782,53.4,361.82019977802446,1,62.96215618305311,0.010526657943357276,-246.39289678135407,0,0.4316260268710276,20.987385394351037,2.776891560799038
2024-10-08,20.987385394351037,2.207407513740422,0.44896085693027915,4.9167037162957365,70.1,462.819089900111,1,62.96215618305311,0.006808172115894295,100.99889012208655,0,0.44215268481438486,20.987385394351037,1.006022532595431
2024-10-09,20.987385394351037,3.0292765039029765,0.4614758792021438,6.564322514841647,82.4,655.9378468368479,1,62.96215618305311,0.012515022271864629,193.11875693673693,0,0.44896085693027915,20.987385394351037,2.207407513740422
2024-10-10,20.987385394351037,2.3992483735114924,0.47046184645107136,5.099772471689726,72.2,487.2364039955605,1,62.96215618305311,0.008985967248927584,-168.70144284128742,0,0.4614758792021438,20.987385394351037,3.0292765039029765
2024-10-11,20.987385394351037,2.073444025289745,0.5181848313398951,4.001359939325785,68.0,419.5338512763596,1,62.96215618305311,0.04772298488882376,-67.70255271920092,0,0.47046184645107136,20.987385394351037,2.3992483735114924
2024-10-12,20.987385394351037,2.2279153385599013,0.5460820435930444,4.079817977351781,65.8,405.1054384017758,1,62.96215618305311,0.02789721225314923,-14.428412874583785,0,0.5181848313398951,20.987385394351037,2.073444025289745
2024-10-13,20.987385394351037,1.41568749464791,0.5059032031107674,2.79833668959385,51.6,389.5671476137625,1,62.96215618305311,-0.040178840482276934,-15.538290788013342,0,0.5460820435930444,20.987385394351037,2.2279153385599013
2024-10-14,20.987385394351037,1.7130582632323168,0.4548764500778755,3.765985825247798,60.8,413.984461709212,1,62.96215618305311,-0.05102675303289189,24.417314095449512,0,0.5059032031107674,20.987385394351037,1.41568749464791
2024-10-15,20.987385394351037,3.433206529508747,0.49537931346726755,6.930460025629628,81.2,655.9378468368479,1,62.96215618305311,0.04050286338939202,241.95338512763595,0,0.4548764500778755,20.987385394351037,1.7130582632323168
2024-10-16,20.987385394351037,3.123390887682243,0.47392498957264245,6.590475194183646,81.8,586.015538290788,1,62.96215618305311,-0.021454323894625094,-69.92230854605998,0,0.49537931346726755,20.987385394351037,3.433206529508747
2024-10-17,20.987385394351037,0.8632111873773313,0.4286572230097013,2.013756309333892,51.7,199.7780244173141,1,62.96215618305311,-0.045267766562941125,-386.23751387347386,0,0.47392498957264245,20.987385394351037,3.123390887682243
2024-10-18,20.987385394351037,2.274803569896304,0.4914218310854516,4.629024243533752,66.2,556.0488346281909,1,62.96215618305311,0.0627646080757503,356.2708102108768,0,0.4286572230097013,20.987385394351037,0.8632111873773313
2024-10-19,20.987385394351037,1.573858686536695,0.44577507108965614,3.530611711169811,62.5,287.45837957824637,1,62.96215618305311,-0.04564675999579548,-268.5904550499445,0,0.4914218310854516,20.987385394351037,2.274803569896304
2024-10-20,20.987385394351037,3.027793061014008,0.4744824724343959,6.381253759447657,70.2,472.80799112097674,1,62.96215618305311,0.028707401344739758,185.34961154273037,0,0.44577507108965614,20.987385394351037,1.573858686536695
2024-10-21,20.987385394351037,0.5993322115403367,0.5092592393926189,1.1768705703899367,60.7,309.6559378468369,1,62.96215618305311,0.03477676695822296,-163.15205327413986,0,0.4744824724343959,20.987385394351037,3.027793061014008
2024-10-22,20.987385394351037,3.3713715912279,0.5015997491586816,6.721238590893639,74.7,743.6182019977803,2,62.96215618305311,-0.007659490233937305,433.9622641509434,0,0.5092592393926189,20.987385394351037,0.5993322115403367
2024-10-23,20.987385394351037,2.9441768045900867,0.48316089475154983,6.093574286685673,63.5,490.5660377358491,1,62.96215618305311,-0.018438854407131722,-253.05216426193118,0,0.5015997491586816,20.987385394351037,3.3713715912279
2024-10-24,20.987385394351037,1.2656487415495585,0.556259895754373,2.2752831027538782,58.1,305.21642619311876,1,62.96215618305311,0.07309900100282313,-185.34961154273032,0,0.48316089475154983,20.987385394351037,2.9441768045900867
2024-10-25,20.987385394351037,12.786618774313661,2.7622708591719283,4.629024243533752,67.8,516.0932297447281,2,62.96215618305311,2.2060109634175555,210.87680355160933,0,0.556259895754373,20.987385394351037,1.2656487415495585
2024-10-26,20.987385394351037,22.176082928645894,2.601064058106236,8.525773465491541,97.8,844.6170921198668,2,62.96215618305311,-0.1612068010656924,328.5238623751387,1,2.7622708591719283,20.987385394351037,12.786618774313661
2024-10-27,20.987385394351037,19.14376127834297,4.0,4.785940319585743,85.0,704.772475027747,2,62.96215618305311,1.3989359418937641,-139.84461709211985,0,2.601064058106236,20.987385394351037,22.176082928645894
2024-10-28,20.987385394351037,18.044687377114325,2.7271727716945464,6.616627873525644,91.1,776.914539400666,2,62.96215618305311,-1.2728272283054536,72.14206437291898,1,4.0,20.987385394351037,19.14376127834297
2024-10-29,20.987385394351037,0.8269071067619973,0.12068109557732248,6.85200198760363,80.2,620.4217536071031,1,62.96215618305311,-2.606491676117224,-156.4927857935628,0,2.7271727716945464,20.987385394351037,18.044687377114325
2024-10-30,20.987385394351037,26.611171669231354,3.7547283067025794,7.0873761016816195,85.5,792.4528301886793,2,62.96215618305311,3.634047211125257,172.03107658157614,1,0.12068109557732248,20.987385394351037,0.8269071067619973
2024-10-31,20.987385394351037,22.111650873137666,3.5674396389711593,6.198185004053666,88.6,704.772475027747,2,62.96215618305311,-0.18728866773142006,-87.68035516093232,1,3.7547283067025794,20.987385394351037,26.611171669231354
2024-11-01,20.987385394351037,23.18538010061891,3.7249553735603573,6.224337683395666,78.4,680.3551609322974,2,62.96215618305311,0.157515734589198,-24.41731409544957,0,3.5674396389711593,20.987385394351037,22.111650873137666
2024-11-02,20.987385394351037,18.570949702350614,3.7177874542868072,4.995161754321732,68.9,572.6970033296337,2,62.96215618305311,-0.007167919273550094,-107.65815760266366,0,3.7249553735603573,20.987385394351037,23.18538010061891
2024-11-03,20.987385394351037,31.122691543180057,3.7305277634375407,8.342704710097552,97.5,988.9012208657048,2,62.96215618305311,0.012740309150733431,416.20421753607104,1,3.7177874542868072,20.987385394351037,18.570949702350614
2024-11-04,20.987385394351037,16.30430930380429,2.968704165950307,5.492062661819705,77.9,693.6736958934517,2,62.96215618305311,-0.7618235974872336,-295.22752497225304,0,3.7305277634375407,20.987385394351037,31.122691543180057
2024-11-05,20.987385394351037,14.257489026825807,3.5631608360701845,4.001359939325785,73.2,675.9156492785794,2,62.96215618305311,0.5944566701198775,-17.75804661487234,0,2.968704165950307,20.987385394351037,16.30430930380429
2024-11-06,20.987385394351037,16.86536186923126,3.1153663854772735,5.4136046237937085,79.8,632.630410654828,2,62.96215618305311,-0.447794450592911,-43.28523862375141,0,3.5631608360701845,20.987385394351037,14.257489026825807
2024-11-07,20.987385394351037,26.965036466398566,2.81710956110842,9.571880639171486,84.4,1000.0,2,62.96215618305311,-0.2982568243688535,367.369589345172,0,3.1153663854772735,20.987385394351037,16.86536186923126
2024-11-08,20.987385394351037,11.331832664223976,2.9677759286433703,3.818291183931795,75.3,604.8834628190899,2,62.96215618305311,0.15066636753495022,-395.1165371809101,0,2.81710956110842,20.987385394351037,26.965036466398566
2024-11-09,20.987385394351037,24.866491655315933,2.6708428129896493,9.310353845751498,90.8,947.8357380688124,2,62.96215618305311,-0.29693311565372094,342.95227524972245,1,2.9677759286433703,20.987385394351037,11.331832664223976
2024-11-10,20.987385394351037,22.0642650566768,2.669845895481489,8.264246672071556,69.7,809.1009988901221,2,62.96215618305311,-0.0009969175081603332,-138.73473917869023,0,2.6708428129896493,20.987385394351037,24.866491655315933
2024-11-11,20.987385394351037,20.152387048033344,2.3421483998651995,8.60423150351754,81.7,923.4184239733629,2,62.96215618305311,-0.32769749561628947,114.31742508324078,0,2.669845895481489,20.987385394351037,22.0642650566768
2024-11-12,20.987385394351037,29.234862146051043,2.9651284453012026,9.85956011193347,83.6,1000.0,2,62.96215618305311,0.622980045436003,76.5815760266371,0,2.3421483998651995,20.987385394351037,20.152387048033344
2024-11-13,20.987385394351037,26.12871147876891,3.12213606504277,8.368857389439551,90.8,866.8146503884573,2,62.96215618305311,0.15700761974156752,-133.18534961154273,1,2.9651284453012026,20.987385394351037,29.234862146051043
2024-11-14,20.987385394351037,21.132561868722238,2.448623539922218,8.630384182859537,98.9,1000.0,2,62.96215618305311,-0.673512525120552,133.18534961154273,1,3.12213606504277,20.987385394351037,26.12871147876891
2024-11-15,20.987385394351037,11.496113987607199,2.497596082637138,4.602871564191753,73.8,532.7413984461709,2,62.96215618305311,0.04897254271492013,-467.25860155382907,0,2.448623539922218,20.987385394351037,21.132561868722238
2024-11-16,20.987385394351037,19.807245465956132,2.2540763240528703,8.787300258911529,88.6,831.2985571587126,2,62.96215618305311,-0.2435197585842679,298.55715871254165,1,2.497596082637138,20.987385394351037,11.496113987607199
2024-11-17,20.987385394351037,13.78436756894358,1.9377678776974103,7.113528781023617,87.0,756.9367369589345,2,62.96215618305311,-0.31630844635545996,-74.3618201997781,1,2.2540763240528703,20.987385394351037,19.807245465956132
2024-11-18,20.987385394351037,14.81891874788524,2.4636130267951644,6.015116248659677,89.1,799.1120976692564,2,62.96215618305311,0.525845149097754,42.17536071032191,1,1.9377678776974103,20.987385394351037,13.78436756894358
2024-11-19,20.987385394351037,17.450085913337116,1.784061323711955,9.781102073907475,99.0,951.165371809101,2,62.96215618305311,-0.6795517030832094,152.05327413984458,1,2.4636130267951644,20.987385394351037,14.81891874788524
2024-11-20,20.987385394351037,36.822972513534026,4.0,9.205743128383507,91.6,951.165371809101,2,62.96215618305311,2.215938676288045,0.0,1,1.784061323711955,20.987385394351037,17.450085913337116
2024-11-21,20.987385394351037,17.360682922179183,2.281169872492664,7.610429688521591,90.8,885.6825749167592,2,62.96215618305311,-1.7188301275073359,-65.48279689234175,1,4.0,20.987385394351037,36.822972513534026
2024-11-22,20.987385394351037,15.293303934788534,2.29321593158631,6.668933232209642,95.4,699.2230854605993,2,62.96215618305311,0.012046059093645756,-186.45948945615987,1,2.281169872492664,20.987385394351037,17.360682922179183
2024-11-23,20.987385394351037,15.323902152109559,2.219469873447777,6.904307346287628,74.0,744.7280799112098,2,62.96215618305311,-0.07374605813853297,45.50499445061041,0,2.29321593158631,20.987385394351037,15.293303934788534
2024-11-24,20.987385394351037,23.53741140779874,4.0,5.884352851949685,85.8,754.7169811320755,2,62.96215618305311,1.780530126552223,9.988901220865728,1,2.219469873447777,20.987385394351037,15.323902152109559
2024-11-25,20.987385394351037,16.6698955327464,2.9509573865075183,5.648978737871696,79.0,689.2341842397336,2,62.96215618305311,-1.0490426134924817,-65.48279689234187,0,4.0,20.987385394351037,23.53741140779874
2024-11-26,20.987385394351037,21.089322772286895,2.9646780692791688,7.113528781023617,73.4,715.8712541620422,2,62.96215618305311,0.013720682771650505,26.63706992230857,0,2.9509573865075183,20.987385394351037,16.6698955327464
2024-11-27,20.987385394351037,3.240799325918266,1.6305058398044303,1.9876036299918933,58.6,241.95338512763595,1,62.96215618305311,-1.3341722294747385,-473.91786903440624,0,2.9646780692791688,20.987385394351037,21.089322772286895
2024-11-28,20.987385394351037,13.051215393337362,2.6686594812569013,4.890551036953737,72.3,564.927857935627,2,62.96215618305311,1.038153641452471,322.97447280799105,0,1.6305058398044303,20.987385394351037,3.240799325918266
2024-11-29,20.987385394351037,16.213852533544035,1.9134848127318616,8.473468106807545,83.9,905.6603773584906,2,62.96215618305311,-0.7551746685250398,340.73251942286356,0,2.6686594812569013,20.987385394351037,13.051215393337362
2024-11-30,20.987385394351037,0.1336400941380062,0.08377043081237609,1.5953134398619144,58.6,159.8224195338513,0,62.96215618305311,-1.8297143819194854,-745.8379578246393,0,1.9134848127318616,20.987385394351037,16.213852533544035
2024-12-01,20.987385394351037,0.15880424406155477,0.07405119366075204,2.144519706043885,73.4,206.43729189789124,0,62.96215618305311,-0.009719237151624052,46.61487236403994,0,0.08377043081237609,20.987385394351037,0.1336400941380062
2024-12-02,20.987385394351037,11.546573687441622,1.6915951650831618,6.825849308261633,79.0,847.9467258601554,2,62.96215618305311,1.6175439714224098,641.5094339622642,0,0.07405119366075204,20.987385394351037,0.15880424406155477
2024-12-03,20.987385394351037,9.280010159087677,2.2316965311511656,4.158276015377777,74.5,455.0499445061043,2,62.96215618305311,0.5401013660680039,-392.89678135405114,0,1.6915951650831618,20.987385394351037,11.546573687441622
2024-12-04,20.987385394351037,10.77967039661815,2.438948266008805,4.419802808797763,87.8,712.5416204217536,2,62.96215618305311,0.20725173485763948,257.4916759156493,1,2.2316965311511656,20.987385394351037,9.280010159087677
2024-12-05,20.987385394351037,11.611092181184597,2.452891335535665,4.733634960901745,67.8,543.840177580466,2,62.96215618305311,0.013943069526860086,-168.70144284128753,0,2.438948266008805,20.987385394351037,10.77967039661815
2024-12-06,20.987385394351037,24.192652606218015,2.6813172687071245,9.022674372989515,95.6,918.9789123196448,2,62.96215618305311,0.22842593317145932,375.13873473917874,1,2.452891335535665,20.987385394351037,11.611092181184597
2024-12-07,20.987385394351037,12.27423630573119,2.213820630293601,5.544368020503701,68.6,679.2452830188679,2,62.96215618305311,-0.4674966384135235,-239.7336293007769,0,2.6813172687071245,20.987385394351037,24.192652606218015
2024-12-08,20.987385394351037,26.25729005936659,4.0,6.564322514841647,94.2,782.4639289678136,2,62.96215618305311,1.786179369706399,103.21864594894566,1,2.213820630293601,20.987385394351037,12.27423630573119
2024-12-09,20.987385394351037,23.58873147397782,2.577035215344256,9.153437769699508,84.9,926.7480577136515,2,62.96215618305311,-1.4229647846557438,144.28412874583796,0,4.0,20.987385394351037,26.25729005936659
2024-12-10,20.987385394351037,27.991677483494893,2.7991677483494892,10.0,96.3,1000.0,2,62.96215618305311,0.22213253300523306,73.25194228634848,1,2.577035215344256,20.987385394351037,23.58873147397782
2024-12-11,20.987385394351037,16.13754399586053,2.804778498953268,5.75358945523969,72.1,652.6082130965593,2,62.96215618305311,0.00561075060377858,-347.3917869034407,0,2.7991677483494892,20.987385394351037,27.991677483494893
2024-12-12,20.987385394351037,2.7952888328929686,1.6194463500504306,1.726076836571907,51.5,248.6126526082131,1,62.96215618305311,-1.1853321489028372,-403.9955604883462,0,2.804778498953268,20.987385394351037,16.13754399586053
2024-12-13,20.987385394351037,8.741010112430136,1.7684127178253493,4.942856395637734,85.8,627.0810210876804,2,62.96215618305311,0.14896636777491867,378.46836847946724,1,1.6194463500504306,20.987385394351037,2.7952888328929686
2024-12-14,20.987385394351037,3.34241972909997,1.0224328254527641,3.2690849177498245,52.3,337.40288568257495,1,62.96215618305311,-0.7459798923725851,-289.6781354051054,0,1.7684127178253493,20.987385394351037,8.741010112430136
2024-12-15,20.987385394351037,10.881648683738366,2.2132000038303388,4.9167037162957365,72.0,628.1908990011099,2,62.96215618305311,1.1907671783775746,290.7880133185349,0,1.0224328254527641,20.987385394351037,3.34241972909997
2024-12-16,20.987385394351037,6.267967686145783,1.4979267525947264,4.1844286947197755,69.9,489.4561598224195,1,62.96215618305311,-0.7152732512356124,-138.73473917869035,0,2.2132000038303388,20.987385394351037,10.881648683738366
2024-12-17,20.987385394351037,8.419764833868884,1.5258130234722487,5.518215341161703,88.1,549.3895671476138,1,62.96215618305311,0.027886270877522268,59.93340732519425,1,1.4979267525947264,20.987385394351037,6.267967686145783
2024-12-18,20.987385394351037,17.06397921346098,2.5095206660965665,6.799696628919634,80.9,870.1442841287459,2,62.96215618305311,0.9837076426243179,320.7547169811321,0,1.5258130234722487,20.987385394351037,8.419764833868884
2024-12-19,20.987385394351037,17.65838251209056,2.213782203655104,7.976567199309571,91.8,806.881243063263,2,62.96215618305311,-0.2957384624414625,-63.26304106548287,1,2.5095206660965665,20.987385394351037,17.06397921346098
2024-12-20,20.987385394351037,2.475422228592612,1.183158996933696,2.0922143473598878,56.3,366.2597114317425,1,62.96215618305311,-1.030623206721408,-440.6215316315205,0,2.213782203655104,20.987385394351037,17.65838251209056
2024-12-21,20.987385394351037,17.50169400105388,1.9175136777028567,9.12728509035751,92.6,883.4628190899001,2,62.96215618305311,0.7343546807691608,517.2031076581576,1,1.183158996933696,20.987385394351037,2.475422228592612
2024-12-22,20.987385394351037,23.550664541801204,3.1159403463143684,7.558124329837593,84.7,854.6059933407325,2,62.96215618305311,1.1984266686115117,-28.85682574916757,0,1.9175136777028567,20.987385394351037,17.50169400105388
2024-12-23,20.987385394351037,18.747827527928592,2.0307668022249445,9.231895807725504,82.2,918.9789123196448,2,62.96215618305311,-1.085173544089424,64.37291897891225,0,3.1159403463143684,20.987385394351037,23.550664541801204
2024-12-24,20.987385394351037,29.894741909060354,3.5610132285879765,8.395010068781549,86.5,948.945615982242,2,62.96215618305311,1.530246426363032,29.966703662597183,1,2.0307668022249445,20.987385394351037,18.747827527928592
2024-12-25,20.987385394351037,17.843369584802204,2.6547740187318354,6.721238590893639,88.3,716.9811320754717,2,62.96215618305311,-0.9062392098561411,-231.96448390677028,1,3.5610132285879765,20.987385394351037,29.894741909060354
2024-12-26,20.987385394351037,7.787632030696087,1.7619863074421667,4.419802808797763,85.8,635.9600443951166,2,62.96215618305311,-0.8927877112896687,-81.0210876803551,1,2.6547740187318354,20.987385394351037,17.843369584802204
2024-12-27,20.987385394351037,10.504566189044795,2.1140163019500293,4.969009074979734,74.3,620.4217536071031,2,62.96215618305311,0.35202999450786265,-15.538290788013455,0,1.7619863074421667,20.987385394351037,7.787632030696087
2024-12-28,20.987385394351037,28.140282971990487,4.0,7.035070742997622,69.3,711.4317425083241,2,62.96215618305311,1.8859836980499707,91.00998890122094,0,2.1140163019500293,20.987385394351037,10.504566189044795
2024-12-29,20.987385394351037,35.253811753014105,4.0,8.813452938253526,88.0,944.5061043285239,2,62.96215618305311,0.0,233.07436182019978,1,4.0,20.987385394351037,28.140282971990487
2024-12-30,20.987385394351037,28.349504406726478,4.0,7.0873761016816195,90.9,640.3995560488346,2,62.96215618305311,0.0,-304.10654827968926,1,4.0,20.987385394351037,35.253811753014105
2024-12-31,20.987385394351037,18.96239343769366,2.4088539464355225,7.871956481941576,86.8,923.4184239733629,2,62.96215618305311,-1.5911460535644775,283.0188679245283,1,4.0,20.987385394351037,28.349504406726478
2025-01-01,20.987385394351037,26.884954363574558,4.0,6.721238590893639,85.6,785.7935627081021,2,62.96215618305311,1.5911460535644775,-137.62486126526085,1,2.4088539464355225,20.987385394351037,18.96239343769366
2025-01-02,20.987385394351037,22.90974710359077,4.0,5.727436775897693,73.2,655.9378468368479,2,62.96215618305311,0.0,-129.85571587125412,0,4.0,20.987385394351037,26.884954363574558
2025-01-03,20.987385394351037,18.092635201356117,3.9988907063251657,4.524413526165757,83.1,687.0144284128746,2,62.96215618305311,-0.0011092936748342552,31.076581576026683,0,4.0,20.987385394351037,22.90974710359077
2025-01-04,20.987385394351037,33.25638896744106,3.9988193237359866,8.316552030755552,98.9,748.0577136514983,2,62.96215618305311,-7.138258917915863e-05,61.04328523862364,1,3.9988907063251657,20.987385394351037,18.092635201356117
2025-01-05,20.987385394351037,28.86940752841357,3.9995635350143095,7.218139498391612,84.9,914.5394006659268,2,62.96215618305311,0.0007442112783229149,166.48168701442853,0,3.9988193237359866,20.987385394351037,33.25638896744106
2025-01-06,20.987385394351037,24.26512221811358,3.999247751094865,6.0674216073436735,83.0,740.2885682574916,2,62.96215618305311,-0.00031578391944453443,-174.25083240843514,0,3.9995635350143095,20.987385394351037,28.86940752841357
2025-01-07,20.987385394351037,17.90434753325598,3.7823676056856836,4.733634960901745,61.4,652.6082130965593,2,62.96215618305311,-0.21688014540918132,-87.68035516093232,0,3.999247751094865,20.987385394351037,24.26512221811358
2025-01-08,20.987385394351037,28.652120550114724,3.9984347937034173,7.1658341397076155,93.0,842.3973362930077,2,62.96215618305311,0.2160671880177336,189.78912319644837,1,3.7823676056856836,20.987385394351037,17.90434753325598
2025-01-09,20.987385394351037,16.829386627939094,3.996927058959671,4.210581374061774,81.8,635.9600443951166,2,62.96215618305311,-0.0015077347437464361,-206.4372918978911,0,3.9984347937034173,20.987385394351037,28.652120550114724
2025-01-10,20.987385394351037,39.9717699688965,3.9971769968896504,10.0,93.0,940.0665926748057,2,62.96215618305311,0.0002499379299796267,304.10654827968915,1,3.996927058959671,20.987385394351037,16.829386627939094
2025-01-11,20.987385394351037,21.6407861694884,3.9974818394334677,5.4136046237937085,75.1,574.9167591564927,2,62.96215618305311,0.00030484254381724085,-365.149833518313,0,3.9971769968896504,20.987385394351037,39.9717699688965
2025-01-12,20.987385394351037,17.23934283326928,3.995034860095256,4.315192091429768,73.0,593.7846836847947,2,62.96215618305311,-0.0024469793382118077,18.867924528301955,0,3.9974818394334677,20.987385394351037,21.6407861694884
2025-01-13,20.987385394351037,28.10960355255842,3.995639074495078,7.035070742997622,88.0,731.4095449500555,2,62.96215618305311,0.0006042143998219451,137.62486126526085,1,3.995034860095256,20.987385394351037,17.23934283326928
2025-01-14,20.987385394351037,30.41404803395508,3.9963641054101036,7.610429688521591,84.3,736.958934517203,2,62.96215618305311,0.0007250309150257372,5.5493895671475,0,3.995639074495078,20.987385394351037,28.10960355255842
2025-01-15,20.987385394351037,26.96818232411355,3.996830959407479,6.747391270235637,84.1,766.9256381798002,2,62.96215618305311,0.0004668539973753383,29.966703662597183,0,3.9963641054101036,20.987385394351037,30.41404803395508
2025-01-16,20.987385394351037,28.334790847158054,3.9979239764678307,7.0873761016816195,71.8,704.772475027747,2,62.96215618305311,0.0010930170603518086,-62.15316315205325,0,3.996830959407479,20.987385394351037,26.96818232411355
2025-01-17,20.987385394351037,37.447759264628836,3.9996926564290853,9.362659204435497,99.0,946.725860155383,2,62.96215618305311,0.0017686799612546267,241.953385127636,1,3.9979239764678307,20.987385394351037,28.334790847158054
2025-01-18,20.987385394351037,28.76591462935971,3.9997173733920977,7.191986819049614,90.0,769.1453940066592,2,62.96215618305311,2.471696301231674e-05,-177.58046614872376,1,3.9996926564290853,20.987385394351037,37.447759264628836
2025-01-19,20.987385394351037,26.152679341998596,4.0,6.538169835499649,87.1,755.826859045505,2,62.96215618305311,0.0002826266079023476,-13.318534961154228,1,3.9997173733920977,20.987385394351037,28.76591462935971
2025-01-20,20.987385394351037,27.078383740177316,3.9976685678500377,6.773543949577636,77.3,702.552719200888,2,62.96215618305311,-0.0023314321499623425,-53.274139844617025,0,4.0,20.987385394351037,26.152679341998596
2025-01-21,20.987385394351037,16.622621343469525,3.9974790711336103,4.158276015377777,82.4,583.795782463929,2,62.96215618305311,-0.00018949671642731758,-118.756936736959,0,3.9976685678500377,20.987385394351037,27.078383740177316
2025-01-22,20.987385394351037,29.386006348419603,3.998692970621068,7.348902895101604,89.6,791.3429522752498,2,62.96215618305311,0.001213899487457759,207.54716981132083,1,3.9974790711336103,20.987385394351037,16.622621343469525
2025-01-23,20.987385394351037,21.94980589234561,3.885623740303791,5.648978737871696,76.8,621.5316315205328,2,62.96215618305311,-0.11306923031727711,-169.81132075471703,0,3.998692970621068,20.987385394351037,29.386006348419603
2025-01-24,20.987385394351037,30.3221962226678,3.9980338516074077,7.584277009179593,85.3,862.3751387347392,2,62.96215618305311,0.11241011130361667,240.8435072142064,1,3.885623740303791,20.987385394351037,21.94980589234561
2025-01-25,20.987385394351037,20.275920329052997,3.9963420908350473,5.073619792347728,72.5,569.3673695893452,2,62.96215618305311,-0.001691760772360329,-293.0077691453939,0,3.9980338516074077,20.987385394351037,30.3221962226678
2025-01-26,20.987385394351037,37.92079251564231,3.9944279433074783,9.49342260114549,92.2,910.0998890122086,2,62.96215618305311,-0.0019141475275690212,340.73251942286333,1,3.9963420908350473,20.987385394351037,20.275920329052997
2025-01-27,20.987385394351037,24.09001340651576,3.77512230583993,6.381253759447657,76.1,803.5516093229744,2,62.96215618305311,-0.2193056374675484,-106.54827968923416,0,3.9944279433074783,20.987385394351037,37.92079251564231
2025-01-28,20.987385394351037,35.39683235903829,3.992532976143206,8.865758296937523,91.5,987.7913429522753,2,62.96215618305311,0.2174106703032761,184.23973362930087,1,3.77512230583993,20.987385394351037,24.09001340651576
2025-01-29,20.987385394351037,28.9096060320362,3.990673667317574,7.244292177733611,91.8,718.0910099889012,2,62.96215618305311,-0.0018593088256322332,-269.7003329633741,1,3.992532976143206,20.987385394351037,35.39683235903829
2025-01-30,20.987385394351037,20.452135834226432,3.9899403974148773,5.1259251510317245,70.4,591.5649278579356,2,62.96215618305311,-0.0007332699026965095,-126.52608213096562,0,3.990673667317574,20.987385394351037,28.9096060320362
2025-01-31,20.987385394351037,35.90314580929751,3.990780774157293,8.996521693647516,88.5,946.725860155383,2,62.96215618305311,0.0008403767424156605,355.1609322974474,1,3.9899403974148773,20.987385394351037,20.452135834226432
2025-02-01,20.987385394351037,29.807676843839072,3.8375627591847623,7.767345764573582,82.8,869.0344062153164,2,62.96215618305311,-0.15321801497253063,-77.6914539400666,0,3.990780774157293,20.987385394351037,35.90314580929751
2025-02-02,20.987385394351037,14.80427718519657,1.7579849277340407,8.421162748123548,82.2,834.6281908990011,2,62.96215618305311,-2.0795778314507216,-34.4062153163153,0,3.8375627591847623,20.987385394351037,29.807676843839072
2025-02-03,20.987385394351037,21.671772771804797,3.5412973310918794,6.119726966027671,75.5,756.9367369589345,2,62.96215618305311,1.7833124033578387,-77.6914539400666,0,1.7579849277340407,20.987385394351037,14.80427718519657
2025-02-04,20.987385394351037,29.071508836003233,3.9842554959220617,7.296597536417608,84.1,825.749167591565,2,62.96215618305311,0.44295816483018235,68.81243063263048,0,3.5412973310918794,20.987385394351037,21.671772771804797
2025-02-05,20.987385394351037,36.0146676895464,3.9800371342346392,9.048827052331514,84.0,966.7036625971143,2,62.96215618305311,-0.004218361687422512,140.95449500554935,0,3.9842554959220617,20.987385394351037,29.071508836003233
2025-02-06,20.987385394351037,27.48199786603817,3.6871198329954433,7.453513612469599,85.4,837.9578246392897,2,62.96215618305311,-0.2929173012391959,-128.74583795782462,1,3.9800371342346392,20.987385394351037,36.0146676895464
2025-02-07,20.987385394351037,24.55010343903918,3.9776368864344955,6.172032324711668,67.5,839.0677025527192,2,62.96215618305311,0.2905170534390522,1.1098779134295,0,3.6871198329954433,20.987385394351037,27.48199786603817
2025-02-08,20.987385394351037,30.610167299971494,3.981091724656495,7.688887726547588,85.8,867.9245283018868,2,62.96215618305311,0.0034548382219994345,28.85682574916757,1,3.9776368864344955,20.987385394351037,24.55010343903918
2025-02-09,20.987385394351037,32.84305613842065,3.986729960523143,8.238093992729556,96.7,742.5083240843508,2,62.96215618305311,0.005638235866648245,-125.416204217536,1,3.981091724656495,20.987385394351037,30.610167299971494
2025-02-10,20.987385394351037,39.84120969731374,3.9841209697313738,10.0,96.5,987.7913429522753,2,62.96215618305311,-0.002608990791769461,245.2830188679245,1,3.986729960523143,20.987385394351037,32.84305613842065
2025-02-11,20.987385394351037,24.708923945095965,3.9864773202052075,6.198185004053666,73.2,654.8279689234184,2,62.96215618305311,0.002356350473833757,-332.96337402885683,0,3.9841209697313738,20.987385394351037,39.84120969731374
2025-02-12,20.987385394351037,23.576136839594337,3.9888528510423384,5.910505531291682,88.7,738.0688124306326,2,62.96215618305311,0.0023755308371309347,83.24084350721421,1,3.9864773202052075,20.987385394351037,24.708923945095965
2025-02-13,20.987385394351037,33.29399739207831,3.9907917814448215,8.342704710097552,84.7,963.3740288568258,2,62.96215618305311,0.0019389304024830523,225.30521642619317,0,3.9888528510423384,20.987385394351037,23.576136839594337
2025-02-14,20.987385394351037,26.174327488107267,3.9873615942739336,6.564322514841647,83.7,716.9811320754717,2,62.96215618305311,-0.003430187170887944,-246.39289678135412,0,3.9907917814448215,20.987385394351037,33.29399739207831
2025-02-15,20.987385394351037,30.215760266711257,3.9840000873042687,7.584277009179593,77.0,870.1442841287459,2,62.96215618305311,-0.0033615069696648625,153.1631520532742,0,3.9873615942739336,20.987385394351037,26.174327488107267
2025-02-16,20.987385394351037,25.130642808994725,3.987221531483531,6.302795721421662,88.0,819.0899001109879,2,62.96215618305311,0.0032214441792621784,-51.054384017758025,1,3.9840000873042687,20.987385394351037,30.215760266711257
2025-02-17,20.987385394351037,20.104160682582055,3.9830196477714495,5.047467113005729,72.4,598.2241953385128,2,62.96215618305311,-0.004201883712081411,-220.86570477247506,0,3.987221531483531,20.987385394351037,25.130642808994725
2025-02-18,20.987385394351037,36.64718881388326,3.980904996239925,9.205743128383507,94.3,791.3429522752498,2,62.96215618305311,-0.0021146515315244585,193.118756936737,1,3.9830196477714495,20.987385394351037,20.104160682582055
2025-02-19,20.987385394351037,21.034667460558524,3.9816959390563165,5.282841227083717,72.8,546.0599334073252,2,62.96215618305311,0.0007909428163914711,-245.28301886792462,0,3.980904996239925,20.987385394351037,36.64718881388326
2025-02-20,20.987385394351037,22.495370392302835,3.9822012856040896,5.648978737871696,79.8,642.6193118756937,2,62.96215618305311,0.0005053465477731223,96.55937846836855,0,3.9816959390563165,20.987385394351037,21.034667460558524
2025-02-21,20.987385394351037,30.843965989018113,3.685564773506516,8.368857389439551,89.1,905.6603773584906,2,62.96215618305311,-0.2966365120975736,263.04106548279685,1,3.9822012856040896,20.987385394351037,22.495370392302835
2025-02-22,20.987385394351037,15.406260470406544,1.9314399396948685,7.976567199309571,88.1,829.0788013318535,2,62.96215618305311,-1.7541248338116475,-76.5815760266371,1,3.685564773506516,20.987385394351037,30.843965989018113
2025-02-23,20.987385394351037,2.2181989832047844,0.41173434233398704,5.38745194445171,84.7,581.57602663707,1,62.96215618305311,-1.5197055973608815,-247.5027746947835,0,1.9314399396948685,20.987385394351037,15.406260470406544
2025-02-24,20.987385394351037,19.881605886345085,3.7821540511252576,5.256688547741717,78.6,682.5749167591565,2,62.96215618305311,3.3704197087912706,100.99889012208655,0,0.41173434233398704,20.987385394351037,2.2181989832047844
2025-02-25,20.987385394351037,17.903165750800344,3.9800194698450735,4.498260846823758,89.8,582.6859045504993,2,62.96215618305311,0.1978654187198159,-99.88901220865716,1,3.7821540511252576,20.987385394351037,19.881605886345085
2025-02-26,20.987385394351037,37.953998376995536,3.976019276551172,9.545727959829488,99.0,1000.0,2,62.96215618305311,-0.004000193293901333,417.31409544950066,1,3.9800194698450735,20.987385394351037,17.903165750800344
2025-02-27,20.987385394351037,18.713374037566595,3.9752404615246317,4.707482281559747,76.4,540.5105438401777,2,62.96215618305311,-0.0007788150265404248,-459.48945615982234,0,3.976019276551172,20.987385394351037,37.953998376995536
2025-02-28,20.987385394351037,16.627555230231945,3.9736739333648665,4.1844286947197755,66.6,654.8279689234184,2,62.96215618305311,-0.0015665281597652125,114.31742508324078,0,3.9752404615246317,20.987385394351037,18.713374037566595
2025-03-01,20.987385394351037,22.760210697461734,3.6720766938347853,6.198185004053666,70.2,679.2452830188679,2,62.96215618305311,-0.3015972395300812,24.417314095449456,0,3.9736739333648665,20.987385394351037,16.627555230231945
2025-03-02,20.987385394351037,26.052243577555476,3.9687634967131014,6.564322514841647,82.2,805.7713651498335,2,62.96215618305311,0.29668680287831606,126.52608213096562,0,3.6720766938347853,20.987385394351037,22.760210697461734
2025-03-03,20.987385394351037,32.66171758522317,3.8309389426569886,8.525773465491541,86.6,980.0221975582685,2,62.96215618305311,-0.1378245540561127,174.25083240843503,1,3.9687634967131014,20.987385394351037,26.052243577555476
2025-03-04,20.987385394351037,32.49784528480023,3.9700323008143963,8.18578863404556,90.9,904.5504994450611,2,62.96215618305311,0.13909335815740764,-75.47169811320748,1,3.8309389426569886,20.987385394351037,32.66171758522317
2025-03-05,20.987385394351037,30.040888282356573,3.669883211669227,8.18578863404556,87.6,816.8701442841287,2,62.96215618305311,-0.30014908914516925,-87.68035516093232,1,3.9700323008143963,20.987385394351037,32.49784528480023
2025-03-06,20.987385394351037,17.772575256963737,3.8178087646096754,4.65517692287575,88.3,698.1132075471697,2,62.96215618305311,0.1479255529404484,-118.756936736959,1,3.669883211669227,20.987385394351037,30.040888282356573
2025-03-07,20.987385394351037,25.20555698961839,3.966192932559828,6.355101080105658,78.7,738.0688124306326,2,62.96215618305311,0.14838416795015252,39.95560488346291,0,3.8178087646096754,20.987385394351037,17.772575256963737
2025-03-08,20.987385394351037,24.90573679868736,3.968002741547535,6.276643042079662,89.4,804.661487236404,2,62.96215618305311,0.0018098089877072177,66.59267480577137,1,3.966192932559828,20.987385394351037,25.20555698961839
2025-03-09,20.987385394351037,17.725387017352684,3.8076720414747998,4.65517692287575,86.3,618.2019977802443,2,62.96215618305311,-0.16033070007273542,-186.45948945615976,1,3.968002741547535,20.987385394351037,24.90573679868736
2025-03-10,20.987385394351037,21.18212529133548,3.970298650807816,5.335146585767713,74.9,745.8379578246393,2,62.96215618305311,0.16262660933301643,127.635960044395,0,3.8076720414747998,20.987385394351037,17.725387017352684
2025-03-11,20.987385394351037,20.865065589810893,3.9692413579980044,5.256688547741717,72.8,756.9367369589345,2,62.96215618305311,-0.0010572928098118162,11.098779134295228,0,3.970298650807816,20.987385394351037,21.18212529133548
2025-03-12,20.987385394351037,22.424006073391613,3.969568149204977,5.648978737871696,78.5,588.2352941176471,2,62.96215618305311,0.0003267912069726542,-168.70144284128742,0,3.9692413579980044,20.987385394351037,20.865065589810893
2025-03-13,20.987385394351037,26.88052910609736,3.9684586541692837,6.773543949577636,84.9,793.5627081021087,2,62.96215618305311,-0.001109495035693353,205.3274139844616,0,3.969568149204977,20.987385394351037,22.424006073391613
2025-03-14,20.987385394351037,32.89737487271486,3.9681290946624537,8.290399351413555,76.9,866.8146503884573,2,62.96215618305311,-0.0003295595068300017,73.2519422863486,0,3.9684586541692837,20.987385394351037,26.88052910609736
2025-03-15,20.987385394351037,16.39005801883977,3.966497775103646,4.132123336035779,73.2,544.9500554938957,2,62.96215618305311,-0.0016313195588075757,-321.8645948945616,0,3.9681290946624537,20.987385394351037,32.89737487271486
2025-03-16,20.987385394351037,24.36178553423137,3.963921674350658,6.14587964536967,87.0,780.2441731409546,2,62.96215618305311,-0.0025761007529880864,235.2941176470589,1,3.966497775103646,20.987385394351037,16.39005801883977
2025-03-17,20.987385394351037,36.172624037070364,3.9631307315342665,9.12728509035751,99.0,817.9800221975582,2,62.96215618305311,-0.0007909428163914711,37.73584905660368,1,3.963921674350658,20.987385394351037,24.36178553423137
2025-03-18,20.987385394351037,33.364247276924104,3.9619525562973497,8.421162748123548,85.2,866.8146503884573,2,62.96215618305311,-0.0011781752369168785,48.834628190899025,1,3.9631307315342665,20.987385394351037,36.172624037070364
2025-03-19,20.987385394351037,33.50790600434908,3.813219648477069,8.787300258911529,81.5,897.891231964484,2,62.96215618305311,-0.1487329078202806,31.076581576026683,0,3.9619525562973497,20.987385394351037,33.364247276924104
2025-03-20,20.987385394351037,25.256585675178165,3.9579346986138826,6.381253759447657,93.3,795.7824639289678,2,62.96215618305311,0.14471505013681352,-102.10876803551616,1,3.813219648477069,20.987385394351037,33.50790600434908
2025-03-21,20.987385394351037,32.27401785810862,3.955325707822113,8.15963595470356,82.4,933.4073251942286,2,62.96215618305311,-0.002608990791769461,137.62486126526085,0,3.9579346986138826,20.987385394351037,25.256585675178165
2025-03-22,20.987385394351037,19.23961170123331,3.955188347419666,4.864398357611739,83.8,657.0477247502776,2,62.96215618305311,-0.00013736040244705094,-276.3596004439511,0,3.955325707822113,20.987385394351037,32.27401785810862
2025-03-23,20.987385394351037,23.37764957054635,3.955270737296374,5.910505531291682,71.6,744.7280799112098,2,62.96215618305311,8.238987670772246e-05,87.68035516093221,0,3.955188347419666,20.987385394351037,19.23961170123331
2025-03-24,20.987385394351037,19.036355333889993,3.955940863597562,4.812092998927742,73.3,579.356270810211,2,62.96215618305311,0.0006701263011881231,-165.3718091009988,0,3.955270737296374,20.987385394351037,23.37764957054635
2025-03-25,20.987385394351037,29.382261817982748,3.9559491025852322,7.427360933127601,78.4,755.826859045505,2,62.96215618305311,8.238987670328157e-06,176.47058823529403,0,3.955940863597562,20.987385394351037,19.036355333889993
2025-03-26,20.987385394351037,21.12871725363934,3.4973972364822825,6.041268928001675,74.6,649.2785793562707,2,62.96215618305311,-0.45855186610294973,-106.54827968923428,0,3.9559491025852322,20.987385394351037,29.382261817982748
2025-03-27,20.987385394351037,23.48426978134684,3.955806271494972,5.936658210633682,71.2,650.3884572697003,2,62.96215618305311,0.4584090350126897,1.1098779134296137,0,3.4973972364822825,20.987385394351037,21.12871725363934
2025-03-28,20.987385394351037,32.48602186917811,3.9559491025852322,8.211941313387559,99.0,870.1442841287459,2,62.96215618305311,0.0001428310902600316,219.75582685904556,1,3.955806271494972,20.987385394351037,23.48426978134684
2025-03-29,20.987385394351037,17.689737392187066,3.955570109152378,4.4721081674817595,82.7,695.8934517203108,2,62.96215618305311,-0.00037899343285419107,-174.25083240843503,0,3.9559491025852322,20.987385394351037,32.48602186917811
2025-03-30,20.987385394351037,24.518734135816587,3.955792561819488,6.198185004053666,77.7,712.5416204217536,2,62.96215618305311,0.00022245266710996248,16.648168701442728,0,3.955570109152378,20.987385394351037,17.689737392187066
2025-03-31,20.987385394351037,19.939492022119435,3.793165952486471,5.256688547741717,68.1,598.2241953385128,2,62.96215618305311,-0.16262660933301687,-114.31742508324078,0,3.955792561819488,20.987385394351037,24.518734135816587
2025-04-01,20.987385394351037,22.0549223056029,3.3732562567973514,6.538169835499649,76.2,731.4095449500555,2,62.96215618305311,-0.41990969568911973,133.18534961154273,0,3.793165952486471,20.987385394351037,19.939492022119435
2025-04-02,20.987385394351037,22.202471825743753,3.8069771982105993,5.832047493265687,87.9,691.4539400665926,2,62.96215618305311,0.4337209414132479,-39.95560488346291,1,3.3732562567973514,20.987385394351037,22.0549223056029
2025-04-03,20.987385394351037,24.897274990789427,3.7928171467044427,6.564322514841647,85.5,745.8379578246393,2,62.96215618305311,-0.014160051506156623,54.38401775804664,1,3.8069771982105993,20.987385394351037,22.202471825743753
2025-04-04,20.987385394351037,22.034569751852576,3.9555673408525207,5.5705206998457,85.7,661.4872364039956,2,62.96215618305311,0.162750194148078,-84.35072142064371,1,3.7928171467044427,20.987385394351037,24.897274990789427
2025-04-05,20.987385394351037,31.344549337435918,3.7927896614415726,8.264246672071556,96.2,877.9134295227525,2,62.96215618305311,-0.16277767941094812,216.42619311875694,1,3.9555673408525207,20.987385394351037,22.034569751852576
2025-04-06,20.987385394351037,38.01008677806206,3.801008677806206,10.0,99.0,946.725860155383,2,62.96215618305311,0.008219016364633625,68.81243063263048,1,3.7927896614415726,20.987385394351037,31.344549337435918
2025-04-07,20.987385394351037,29.600785337819826,3.95750080056719,7.479666291811599,80.2,800.2219755826859,2,62.96215618305311,0.15649212276098368,-146.50388457269707,0,3.801008677806206,20.987385394351037,38.01008677806206
2025-04-08,20.987385394351037,29.602675003089843,3.9577534408851256,7.479666291811599,88.0,841.2874583795783,2,62.96215618305311,0.00025264031793570396,41.06548279689241,1,3.95750080056719,20.987385394351037,29.600785337819826
2025-04-09,20.987385394351037,24.259313600436982,2.8194631432823964,8.60423150351754,90.9,926.7480577136515,2,62.96215618305311,-1.1382902976027292,85.46059933407321,1,3.9577534408851256,20.987385394351037,29.602675003089843
2025-04-10,20.987385394351037,29.875526966345696,3.146971142182259,9.49342260114549,95.6,1000.0,2,62.96215618305311,0.3275079988998626,73.25194228634848,1,2.8194631432823964,20.987385394351037,24.259313600436982
2025-04-11,20.987385394351037,27.8748725166029,3.5293096040309426,7.8981091612835765,93.2,801.3318534961155,2,62.96215618305311,0.3823384618486836,-198.6681465038845,1,3.146971142182259,20.987385394351037,29.875526966345696
2025-04-12,20.987385394351037,36.02676636564186,3.969900477011665,9.074979731673512,96.1,875.6936736958935,2,62.96215618305311,0.4405908729807222,74.36182019977798,1,3.5293096040309426,20.987385394351037,27.8748725166029
2025-04-13,20.987385394351037,31.73597377085866,3.4376442750037457,9.231895807725504,96.0,1000.0,2,62.96215618305311,-0.5322562020079191,124.3063263041065,1,3.969900477011665,20.987385394351037,36.02676636564186
2025-04-14,20.987385394351037,19.118538759644498,2.1692450046069034,8.813452938253526,98.2,900.110987791343,2,62.96215618305311,-1.2683992703968423,-99.88901220865705,1,3.4376442750037457,20.987385394351037,31.73597377085866
2025-04-15,20.987385394351037,24.116178600892315,3.957640863357593,6.093574286685673,83.1,672.5860155382908,2,62.96215618305311,1.7883958587506896,-227.52497225305217,0,2.1692450046069034,20.987385394351037,19.118538759644498
2025-04-16,20.987385394351037,12.313266323280171,2.819295595229124,4.367497450113766,68.6,496.1154273029967,2,62.96215618305311,-1.138345268128469,-176.4705882352941,0,3.957640863357593,20.987385394351037,24.116178600892315
2025-04-17,20.987385394351037,14.156097947528245,3.6327967598633375,3.896749221957791,69.1,551.6093229744729,2,62.96215618305311,0.8135011646342134,55.493895671476196,0,2.819295595229124,20.987385394351037,12.313266323280171
2025-04-18,20.987385394351037,25.769918145645587,3.957286586887751,6.5120171561576505,78.5,832.408435072142,2,62.96215618305311,0.32448982702441365,280.7991120976691,0,3.6327967598633375,20.987385394351037,14.156097947528245
2025-04-19,20.987385394351037,24.712017147412087,3.7948329303839183,6.5120171561576505,86.8,760.2663706992231,2,62.96215618305311,-0.1624536565038328,-72.14206437291887,1,3.957286586887751,20.987385394351037,25.769918145645587
2025-04-20,20.987385394351037,20.55024497689031,3.4769014034573207,5.910505531291682,80.8,692.5638179800222,2,62.96215618305311,-0.31793152692659765,-67.70255271920087,0,3.7948329303839183,20.987385394351037,24.712017147412087
2025-04-21,20.987385394351037,25.363918324371227,3.632360093516788,6.982765384313625,90.6,745.8379578246393,2,62.96215618305311,0.15545869005946722,53.274139844617025,1,3.4769014034573207,20.987385394351037,20.55024497689031
2025-04-22,20.987385394351037,28.356826213215754,3.9572261456741984,7.1658341397076155,83.9,700.3329633740289,2,62.96215618305311,0.3248660521574105,-45.50499445061041,0,3.632360093516788,20.987385394351037,25.363918324371227
2025-04-23,20.987385394351037,34.735314584310046,3.7947834964578937,9.153437769699508,90.2,927.8579356270811,2,62.96215618305311,-0.1624426492163047,227.52497225305228,1,3.9572261456741984,20.987385394351037,28.356826213215754
2025-04-24,20.987385394351037,16.95444564036479,3.3075874385236137,5.1259251510317245,87.8,664.8168701442842,2,62.96215618305311,-0.48719605793428,-263.04106548279697,1,3.7947834964578937,20.987385394351037,34.735314584310046
2025-04-25,20.987385394351037,22.043702946674347,3.9572068993989995,5.5705206998457,93.8,657.0477247502776,2,62.96215618305311,0.6496194608753858,-7.769145394006614,1,3.3075874385236137,20.987385394351037,16.95444564036479
2025-04-26,20.987385394351037,23.2108428967263,2.826474521790202,8.211941313387559,95.3,894.5615982241953,2,62.96215618305311,-1.1307323776087976,237.51387347391778,1,3.9572068993989995,20.987385394351037,22.043702946674347
2025-04-27,20.987385394351037,25.412107555868836,2.8246591762027804,8.996521693647516,86.8,883.4628190899001,2,62.96215618305311,-0.0018153455874214686,-11.098779134295228,1,2.826474521790202,20.987385394351037,23.2108428967263
2025-04-28,20.987385394351037,26.184142387891555,2.662774075760131,9.833407432591471,89.8,968.9234184239733,2,62.96215618305311,-0.1618851004426496,85.46059933407321,1,2.8246591762027804,20.987385394351037,25.412107555868836
2025-04-29,20.987385394351037,19.28266927066934,2.3332640028562768,8.264246672071556,79.6,872.3640399556049,2,62.96215618305311,-0.32951007290385403,-96.55937846836844,0,2.662774075760131,20.987385394351037,26.184142387891555
2025-04-30,20.987385394351037,30.587582397879174,3.313250391353274,9.231895807725504,86.3,940.0665926748057,2,62.96215618305311,0.979986388496997,67.70255271920087,1,2.3332640028562768,20.987385394351037,19.28266927066934
2025-05-01,20.987385394351037,24.112981955555274,3.957116270534621,6.093574286685673,85.3,734.7391786903441,2,62.96215618305311,0.6438658791813472,-205.3274139844616,1,3.313250391353274,20.987385394351037,30.587582397879174
2025-05-02,20.987385394351037,19.90629380765516,3.1452766790219426,6.32894840076366,84.5,773.5849056603774,2,62.96215618305311,-0.8118395915126784,38.8457269700333,0,3.957116270534621,20.987385394351037,24.112981955555274
2025-05-03,20.987385394351037,22.35507756958846,3.957366208464601,5.648978737871696,83.4,724.7502774694784,2,62.96215618305311,0.8120895294426584,-48.834628190899025,0,3.1452766790219426,20.987385394351037,19.90629380765516
2025-05-04,20.987385394351037,28.769656358096885,3.957069604908454,7.27044485707561,71.3,796.8923418423973,2,62.96215618305311,-0.0002966035561469127,72.14206437291887,0,3.957366208464601,20.987385394351037,22.35507756958846
2025-05-05,20.987385394351037,21.692916702330706,2.1692916702330707,10.0,99.0,886.7924528301887,2,62.96215618305311,-1.7877779346753835,89.90011098779144,1,3.957069604908454,20.987385394351037,28.769656358096885
2025-05-06,20.987385394351037,19.473256736419955,3.63218984307556,5.361299265109711,88.0,649.2785793562707,2,62.96215618305311,1.4628981728424892,-237.513873473918,1,2.1692916702330707,20.987385394351037,21.692916702330706
2025-05-07,20.987385394351037,19.889180444695906,2.8483243170930233,6.982765384313625,82.8,720.3107658157603,2,62.96215618305311,-0.7838655259825367,71.0321864594896,0,3.63218984307556,20.987385394351037,19.473256736419955
2025-05-08,20.987385394351037,22.530109870210925,3.795082868313898,5.936658210633682,82.4,726.9700332963373,2,62.96215618305311,0.9467585512208747,6.659267480577,0,2.8483243170930233,20.987385394351037,19.889180444695906
2025-05-09,20.987385394351037,9.848846771985265,2.013852160536901,4.890551036953737,73.1,624.8612652608213,2,62.96215618305311,-1.7812307077769969,-102.10876803551605,0,3.795082868313898,20.987385394351037,22.530109870210925
2025-05-10,20.987385394351037,11.074334846217111,2.982037616301433,3.713680466563801,86.4,594.8945615982242,2,62.96215618305311,0.968185455764532,-29.96670366259707,1,2.013852160536901,20.987385394351037,9.848846771985265
2025-05-11,20.987385394351037,7.528379710531882,2.0130255593818704,3.7398331459057994,73.3,568.2574916759156,2,62.96215618305311,-0.9690120569195626,-26.63706992230857,0,2.982037616301433,20.987385394351037,11.074334846217111
2025-05-12,20.987385394351037,35.920096031742354,3.9581461439934644,9.074979731673512,92.1,957.8246392896781,2,62.96215618305311,1.945120584611594,389.5671476137625,1,2.0130255593818704,20.987385394351037,7.528379710531882
2025-05-13,20.987385394351037,24.22522775239485,3.958547152001375,6.119726966027671,84.6,704.772475027747,2,62.96215618305311,0.00040100800791043056,-253.05216426193113,0,3.9581461439934644,20.987385394351037,35.920096031742354
2025-05-14,20.987385394351037,34.53080732040867,3.9650284669983957,8.708842220885533,89.4,829.0788013318535,2,62.96215618305311,0.0064813149970208705,124.3063263041065,1,3.958547152001375,20.987385394351037,24.22522775239485
2025-05-15,20.987385394351037,24.425548898201757,3.198492168563494,7.63658236786359,89.8,897.891231964484,2,62.96215618305311,-0.7665362984349016,68.81243063263048,1,3.9650284669983957,20.987385394351037,34.53080732040867
2025-05-16,20.987385394351037,17.545474704617035,3.1497010154011336,5.5705206998457,79.8,590.4550499445062,2,62.96215618305311,-0.0487911531623606,-307.43618201997776,0,3.198492168563494,20.987385394351037,24.425548898201757
2025-05-17,20.987385394351037,11.561832473991844,2.6631914958314815,4.341344770771768,73.6,597.1143174250833,2,62.96215618305311,-0.48650951956965205,6.659267480577114,0,3.1497010154011336,20.987385394351037,17.545474704617035
2025-05-18,20.987385394351037,20.19215509994138,2.1748941818491785,9.2842011664095,97.4,846.8368479467258,2,62.96215618305311,-0.488297313982303,249.7225305216425,1,2.6631914958314815,20.987385394351037,11.561832473991844
2025-05-19,20.987385394351037,20.624486887242764,3.809751232403389,5.4136046237937085,75.1,692.5638179800222,2,62.96215618305311,1.6348570505542104,-154.27302996670358,0,2.1748941818491785,20.987385394351037,20.19215509994138
2025-05-20,20.987385394351037,22.426429127702527,2.6631036352669604,8.421162748123548,81.5,962.2641509433962,2,62.96215618305311,-1.1466475971364285,269.70033296337397,0,3.809751232403389,20.987385394351037,20.624486887242764
2025-05-21,20.987385394351037,15.746558629008714,3.480353539291364,4.524413526165757,63.4,621.5316315205328,2,62.96215618305311,0.8172499040244037,-340.73251942286345,0,2.6631036352669604,20.987385394351037,22.426429127702527
2025-05-22,20.987385394351037,7.614227762475231,1.5404509362633088,4.942856395637734,74.8,495.00554938956714,1,62.96215618305311,-1.9399026030280553,-126.52608213096562,0,3.480353539291364,20.987385394351037,15.746558629008714
2025-05-23,20.987385394351037,27.710892811386092,3.1723994264340414,8.73499490022753,95.0,870.1442841287459,2,62.96215618305311,1.6319484901707326,375.13873473917874,1,1.5404509362633088,20.987385394351037,7.614227762475231
2025-05-24,20.987385394351037,19.12106702248169,3.498240381524556,5.465909982477706,77.4,730.2996670366259,2,62.96215618305311,0.3258409550905146,-139.84461709211996,0,3.1723994264340414,20.987385394351037,27.710892811386092
2025-05-25,20.987385394351037,22.276119418710465,3.6556737262370462,6.093574286685673,82.8,644.8390677025527,2,62.96215618305311,0.15743334471249026,-85.46059933407321,0,3.498240381524556,20.987385394351037,19.12106702248169
2025-05-26,20.987385394351037,34.277841332013004,3.6611223994753654,9.362659204435497,90.1,955.6048834628191,2,62.96215618305311,0.005448673238319213,310.7658157602664,1,3.6556737262370462,20.987385394351037,22.276119418710465
2025-05-27,20.987385394351037,24.002166822163105,3.973033994714504,6.041268928001675,71.8,705.8823529411765,2,62.96215618305311,0.3119115952391387,-249.72253052164262,0,3.6611223994753654,20.987385394351037,34.277841332013004
2025-05-28,20.987385394351037,26.59300106158485,3.972017896843046,6.695085911551639,79.6,745.8379578246393,2,62.96215618305311,-0.001016097871457955,39.9556048834628,0,3.973033994714504,20.987385394351037,24.002166822163105
2025-05-29,20.987385394351037,22.965429704256454,3.973435002722415,5.77974213458169,85.8,731.4095449500555,2,62.96215618305311,0.0014171058793688296,-14.428412874583728,1,3.972017896843046,20.987385394351037,26.59300106158485
2025-05-30,20.987385394351037,22.562327831602893,3.9756485221059883,5.675131417213696,77.2,633.7402885682575,2,62.96215618305311,0.0022135193835732814,-97.66925638179805,0,3.973435002722415,20.987385394351037,22.965429704256454
2025-05-31,20.987385394351037,31.41408515799214,3.99063247237922,7.871956481941576,74.1,879.0233074361821,2,62.96215618305311,0.014983950273231628,245.28301886792462,0,3.9756485221059883,20.987385394351037,22.562327831602893
2025-06-01,20.987385394351037,36.440952281212645,3.9811219782192215,9.153437769699508,89.4,906.7702552719202,2,62.96215618305311,-0.009510494159998384,27.74694783573807,1,3.99063247237922,20.987385394351037,31.41408515799214
2025-06-02,20.987385394351037,15.00000920575211,2.461610952791173,6.093574286685673,80.8,763.5960044395117,2,62.96215618305311,-1.5195110254280486,-143.17425083240846,0,3.9811219782192215,20.987385394351037,36.440952281212645
2025-06-03,20.987385394351037,4.038226660540591,0.7083012514637181,5.7012840965556935,73.5,521.6426193118757,1,62.96215618305311,-1.7533097013274548,-241.953385127636,0,2.461610952791173,20.987385394351037,15.00000920575211
2025-06-04,20.987385394351037,3.62516975497379,1.2053531819211543,3.007558124329839,66.9,304.10654827968926,1,62.96215618305311,0.4970519304574361,-217.53607103218644,0,0.7083012514637181,20.987385394351037,4.038226660540591
2025-06-05,20.987385394351037,3.4414034186394273,1.6448617814814468,2.0922143473598878,51.4,245.28301886792454,1,62.96215618305311,0.43950859956029253,-58.823529411764724,0,1.2053531819211543,20.987385394351037,3.62516975497379
2025-06-06,20.987385394351037,17.224735594543258,2.4947811171536003,6.904307346287628,81.4,811.3207547169811,2,62.96215618305311,0.8499193356721535,566.0377358490566,0,1.6448617814814468,20.987385394351037,3.4414034186394273
2025-06-07,20.987385394351037,7.945269455606787,1.2605944737511892,6.302795721421662,79.7,571.5871254162042,1,62.96215618305311,-1.2341866434024111,-239.7336293007769,0,2.4947811171536003,20.987385394351037,17.224735594543258
2025-06-08,20.987385394351037,7.118373826275842,1.756033935453608,4.053665298009783,73.3,557.1587125416204,2,62.96215618305311,0.4954394617024189,-14.428412874583842,0,1.2605944737511892,20.987385394351037,7.945269455606787
2025-06-09,20.987385394351037,1.764168800972341,0.5574919210147057,3.16447420038183,59.4,365.14983351831296,1,62.96215618305311,-1.1985420144389023,-192.00887902330743,0,1.756033935453608,20.987385394351037,7.118373826275842
2025-06-10,20.987385394351037,2.440716522927829,0.5869539477181847,4.158276015377777,70.9,426.1931187569367,1,62.96215618305311,0.029462026703478972,61.04328523862375,0,0.5574919210147057,20.987385394351037,1.764168800972341
2025-06-11,20.987385394351037,15.951144948510269,1.917999777975431,8.316552030755552,83.6,897.891231964484,2,62.96215618305311,1.3310458302572463,471.69811320754724,0,0.5869539477181847,20.987385394351037,2.440716522927829
2025-06-12,20.987385394351037,3.377344813626026,1.4674947004388443,2.3014357820958766,50.0,246.39289678135407,1,62.96215618305311,-0.45050507753658664,-651.4983351831299,0,1.917999777975431,20.987385394351037,15.951144948510269
2025-06-13,20.987385394351037,12.702062277850944,1.927336330627724,6.590475194183646,70.7,700.3329633740289,2,62.96215618305311,0.4598416301888797,453.9400665926748,0,1.4674947004388443,20.987385394351037,3.377344813626026
2025-06-14,20.987385394351037,7.069060595980076,1.4610792973431899,4.83824567826974,69.4,556.0488346281909,1,62.96215618305311,-0.46625703328453416,-144.28412874583796,0,1.927336330627724,20.987385394351037,12.702062277850944
2025-06-15,20.987385394351037,11.693848611520124,1.9961503989227452,5.858200172607685,88.4,702.552719200888,2,62.96215618305311,0.5350711015795553,146.50388457269707,1,1.4610792973431899,20.987385394351037,7.069060595980076
2025-06-16,20.987385394351037,10.998867857605298,2.6450547815802112,4.158276015377777,82.6,721.4206437291898,2,62.96215618305311,0.6489043826574661,18.86792452830184,0,1.9961503989227452,20.987385394351037,11.693848611520124
2025-06-17,20.987385394351037,0.8441085363352311,0.5763603232830395,1.4645500431519216,72.5,325.19422863485016,1,62.96215618305311,-2.0686944582971716,-396.22641509433964,0,2.6450547815802112,20.987385394351037,10.998867857605298
2025-06-18,20.987385394351037,1.3682280939193678,0.37638084623881185,3.6352224285378054,60.0,391.7869034406216,1,62.96215618305311,-0.1999794770442277,66.59267480577142,0,0.5763603232830395,20.987385394351037,0.8441085363352311
2025-06-19,20.987385394351037,3.1664416629366503,0.7862027913357704,4.027512618667784,71.3,396.22641509433964,1,62.96215618305311,0.4098219450969586,4.439511653718057,0,0.37638084623881185,20.987385394351037,1.3682280939193678
2025-06-20,20.987385394351037,7.700628396609718,1.258328752141734,6.119726966027671,76.8,528.3018867924528,1,62.96215618305311,0.4721259608059635,132.07547169811318,0,0.7862027913357704,20.987385394351037,3.1664416629366503
2025-06-21,20.987385394351037,6.535162306089002,1.13070136243405,5.77974213458169,61.4,469.4783573806881,1,62.96215618305311,-0.12762738970768384,-58.823529411764696,0,1.258328752141734,20.987385394351037,7.700628396609718
2025-06-22,20.987385394351037,2.392947243385986,0.48930012698048087,4.890551036953737,71.9,540.5105438401777,1,62.96215618305311,-0.6414012354535692,71.03218645948954,0,1.13070136243405,20.987385394351037,6.535162306089002
2025-06-23,20.987385394351037,3.3177129376229666,0.4936163019295305,6.721238590893639,92.1,558.26859045505,1,62.96215618305311,0.004316174949049623,17.75804661487234,1,0.48930012698048087,20.987385394351037,2.392947243385986
2025-06-24,20.987385394351037,1.9652215888974098,0.548497648866206,3.582917069853808,56.1,398.44617092119864,1,62.96215618305311,0.05488134693667551,-159.82241953385136,0,0.4936163019295305,20.987385394351037,3.3177129376229666
2025-06-25,20.987385394351037,0.729066575522895,0.17756253916094858,4.1059706566937795,53.8,359.60044395116535,1,62.96215618305311,-0.37093510970525745,-38.8457269700333,0,0.548497648866206,20.987385394351037,1.9652215888974098
2025-06-26,20.987385394351037,7.740394997109665,1.10025830299064,7.035070742997622,88.7,592.6748057713651,1,62.96215618305311,0.9226957638296915,233.07436182019973,1,0.17756253916094858,20.987385394351037,0.729066575522895
2025-06-27,20.987385394351037,0.7655442459221558,0.3181751666448419,2.406046499463871,62.0,376.24861265260824,1,62.96215618305311,-0.7820831363457982,-216.42619311875683,0,1.10025830299064,20.987385394351037,7.740394997109665
2025-06-28,20.987385394351037,5.292133330997183,1.1118423196557101,4.7597876402437445,70.9,518.3129855715871,1,62.96215618305311,0.7936671530108682,142.06437291897885,0,0.3181751666448419,20.987385394351037,0.7655442459221558
2025-06-29,20.987385394351037,1.7166003559523795,0.3281882390527555,5.23053586839972,71.8,582.6859045504993,1,62.96215618305311,-0.7836540806029546,64.37291897891225,0,1.1118423196557101,20.987385394351037,5.292133330997183
2025-06-30,20.987385394351037,0.5294951828084422,0.1701370361768605,3.112168841697833,50.2,233.07436182019978,1,62.96215618305311,-0.15805120287589502,-349.61154273029956,0,0.3281882390527555,20.987385394351037,1.7166003559523795
2025-07-01,20.987385394351037,0.5411760303690752,0.15215402847957588,3.55676439051181,75.7,431.7425083240843,1,62.96215618305311,-0.017983007697284614,198.66814650388454,0,0.1701370361768605,20.987385394351037,0.5294951828084422
2025-07-02,20.987385394351037,0.5594339976241315,0.21391077767153907,2.61526793419986,55.1,366.2597114317425,1,62.96215618305311,0.061756749191963195,-65.48279689234181,0,0.15215402847957588,20.987385394351037,0.5411760303690752
2025-07-03,20.987385394351037,0.6004179653615185,0.183665453932227,3.2690849177498245,66.6,307.4361820199778,1,62.96215618305311,-0.030245323739312074,-58.823529411764696,0,0.21391077767153907,20.987385394351037,0.5594339976241315
2025-07-04,20.987385394351037,0.9342146337416759,0.2569896759020176,3.6352224285378054,67.0,386.2375138734739,1,62.96215618305311,0.0733242219697906,78.8013318534961,0,0.183665453932227,20.987385394351037,0.6004179653615185
2025-07-05,20.987385394351037,0.49896124459668917,0.1673577290319614,2.98140544498784,53.8,375.1387347391787,1,62.96215618305311,-0.08963194687005621,-11.098779134295228,0,0.2569896759020176,20.987385394351037,0.9342146337416759
2025-07-06,20.987385394351037,0.8335483341451068,0.15034145119201153,5.544368020503701,64.4,622.6415094339623,1,62.96215618305311,-0.017016277839949856,247.50277469478357,0,0.1673577290319614,20.987385394351037,0.49896124459668917
2025-07-07,20.987385394351037,0.8910536228188833,0.1527857281422674,5.832047493265687,86.0,536.0710321864594,1,62.96215618305311,0.0024442769502558692,-86.57047724750282,1,0.15034145119201153,20.987385394351037,0.8335483341451068
2025-07-08,20.987385394351037,4.516241185357085,0.9981937237254266,4.524413526165757,78.8,607.1032186459489,1,62.96215618305311,0.8454079955831592,71.03218645948948,0,0.1527857281422674,20.987385394351037,0.8910536228188833
2025-07-09,20.987385394351037,1.320782654199282,0.3344554062822379,3.9490545806417883,58.7,278.5793562708102,1,62.96215618305311,-0.6637383174431887,-328.5238623751387,0,0.9981937237254266,20.987385394351037,4.516241185357085
2025-07-10,20.987385394351037,2.0911893518937057,0.677633959731861,3.086016162355834,65.7,344.062153163152,1,62.96215618305311,0.3431785534496231,65.48279689234181,0,0.3344554062822379,20.987385394351037,1.320782654199282
2025-07-11,20.987385394351037,3.403752169210768,1.0247974149142685,3.3213902764338217,51.4,381.79800221975586,1,62.96215618305311,0.34716345518240743,37.735849056603854,0,0.677633959731861,20.987385394351037,2.0911893518937057
2025-07-12,20.987385394351037,2.367362878967453,0.8082219143132005,2.929100086303843,66.8,279.68923418423975,1,62.96215618305311,-0.216575500601068,-102.1087680355161,0,1.0247974149142685,20.987385394351037,3.403752169210768
2025-07-13,20.987385394351037,6.350433080435569,1.1294023706819294,5.622826058529697,74.3,677.0255271920089,1,62.96215618305311,0.32118045636872894,397.33629300776914,0,0.8082219143132005,20.987385394351037,2.367362878967453
2025-07-14,20.987385394351037,4.992548837643397,1.129586330798642,4.419802808797763,59.4,430.6326304106548,1,62.96215618305311,0.00018396011671262258,-246.39289678135407,0,1.1294023706819294,20.987385394351037,6.350433080435569
2025-07-15,20.987385394351037,3.103681995960884,1.1302427474243455,2.7460313309098527,60.7,369.5893451720311,1,62.96215618305311,0.000656416625703482,-61.04328523862375,0,1.129586330798642,20.987385394351037,4.992548837643397
2025-07-16,20.987385394351037,7.290390688438717,1.2905679108973667,5.648978737871696,77.3,605.9933407325194,1,62.96215618305311,0.16032516347302117,236.40399556048834,0,1.1302427474243455,20.987385394351037,3.103681995960884
2025-07-17,20.987385394351037,4.286479710332024,1.2905679108973667,3.3213902764338217,63.1,432.8523862375139,1,62.96215618305311,0.0,-173.14095449500553,0,1.2905679108973667,20.987385394351037,7.290390688438717
2025-07-18,20.987385394351037,2.8689037431356073,1.2905679108973667,2.222977744069881,52.7,248.6126526082131,1,62.96215618305311,0.0,-184.2397336293008,0,1.2905679108973667,20.987385394351037,4.286479710332024
2025-07-19,20.987385394351037,4.38773513656034,1.2905679108973667,3.3998483144598173,49.6,385.1276359600444,1,62.96215618305311,0.0,136.51498335183132,0,1.2905679108973667,20.987385394351037,2.8689037431356073
2025-07-20,20.987385394351037,3.9553489288890993,0.8496667246850137,4.65517692287575,76.5,482.7968923418424,1,62.96215618305311,-0.44090118621235297,97.669256381798,0,1.2905679108973667,20.987385394351037,4.38773513656034
2025-07-21,20.987385394351037,1.0187859990291852,0.19002595241404366,5.361299265109711,83.8,522.7524972253052,1,62.96215618305311,-0.6596407722709701,39.9556048834628,0,0.8496667246850137,20.987385394351037,3.9553489288890993
2025-07-22,20.987385394351037,0.8118804516478089,0.2901296526136192,2.79833668959385,69.6,412.8745837957825,1,62.96215618305311,0.10010370019957557,-109.87791342952272,0,0.19002595241404366,20.987385394351037,1.0187859990291852
2025-07-23,20.987385394351037,1.9000926968816494,0.2977616575846869,6.381253759447657,71.1,693.6736958934517,1,62.96215618305311,0.007632004971067696,280.79911209766925,0,0.2901296526136192,20.987385394351037,0.8118804516478089
2025-07-24,20.987385394351037,1.5692940877283512,0.2752527432682062,5.7012840965556935,77.7,524.9722530521642,1,62.96215618305311,-0.02250891431648072,-168.70144284128753,0,0.2977616575846869,20.987385394351037,1.9000926968816494
2025-07-25,20.987385394351037,1.5045067171340616,0.2752527432682062,5.465909982477706,83.9,571.5871254162042,1,62.96215618305311,0.0,46.614872364040025,0,0.2752527432682062,20.987385394351037,1.5692940877283512
2025-07-26,20.987385394351037,1.0006049458451416,0.2752527432682062,3.6352224285378054,51.4,392.89678135405103,1,62.96215618305311,0.0,-178.6903440621532,0,0.2752527432682062,20.987385394351037,1.5045067171340616
2025-07-27,20.987385394351037,1.024340080532515,0.6753050286089958,1.5168554018359188,53.3,342.95227524972256,1,62.96215618305311,0.40005228534078957,-49.94450610432847,0,0.2752527432682062,20.987385394351037,1.0006049458451416
2025-07-28,20.987385394351037,2.0398070267636728,0.378621850885255,5.38745194445171,75.8,503.88457269700336,1,62.96215618305311,-0.29668317772374075,160.9322974472808,0,0.6753050286089958,20.987385394351037,1.024340080532515
2025-07-29,20.987385394351037,1.6789369127961107,0.6484597043897461,2.589115254857861,57.3,342.95227524972256,1,62.96215618305311,0.2698378535044911,-160.9322974472808,0,0.378621850885255,20.987385394351037,2.0398070267636728
2025-07-30,20.987385394351037,4.322020684795268,0.9443491709972378,4.576718884849754,75.0,504.9944506104328,1,62.96215618305311,0.2958894666074917,162.04217536071025,0,0.6484597043897461,20.987385394351037,1.6789369127961107
2025-07-31,20.987385394351037,6.294173951573135,1.1570688912802978,5.439757303135707,70.5,627.0810210876804,1,62.96215618305311,0.21271972028305997,122.08657047724756,0,0.9443491709972378,20.987385394351037,4.322020684795268
2025-08-01,20.987385394351037,8.583467202431404,1.774086677942538,4.83824567826974,72.7,539.400665926748,2,62.96215618305311,0.6170177866622402,-87.68035516093232,0,1.1570688912802978,20.987385394351037,6.294173951573135
2025-08-02,20.987385394351037,20.446637236919354,2.497821303604106,8.18578863404556,98.3,931.1875693673695,2,62.96215618305311,0.723734625661568,391.7869034406215,1,1.774086677942538,20.987385394351037,8.583467202431404
2025-08-03,20.987385394351037,16.81180675093805,1.7515887050016838,9.598033318513485,91.9,980.0221975582685,2,62.96215618305311,-0.7462325986024221,48.834628190899025,1,2.497821303604106,20.987385394351037,20.446637236919354
2025-08-04,20.987385394351037,7.536737448412391,1.303991990112871,5.77974213458169,71.1,496.1154273029967,1,62.96215618305311,-0.4475967148888129,-483.90677025527185,0,1.7515887050016838,20.987385394351037,16.81180675093805
2025-08-05,20.987385394351037,13.918857017000146,2.217563898995977,6.276643042079662,86.4,756.9367369589345,2,62.96215618305311,0.913571908883106,260.8213096559378,1,1.303991990112871,20.987385394351037,7.536737448412391
2025-08-06,20.987385394351037,34.752077367137225,3.8628348322303077,8.996521693647516,88.5,876.803551609323,2,62.96215618305311,1.6452709332343307,119.8668146503885,1,2.217563898995977,20.987385394351037,13.918857017000146
2025-08-07,20.987385394351037,21.201173027612445,3.0362144309244075,6.982765384313625,85.1,753.607103218646,2,62.96215618305311,-0.8266204013059002,-123.196448390677,1,3.8628348322303077,20.987385394351037,34.752077367137225
2025-08-08,20.987385394351037,16.188999143290317,1.9589201273480752,8.264246672071556,88.1,841.2874583795783,2,62.96215618305311,-1.0772943035763323,87.68035516093232,1,3.0362144309244075,20.987385394351037,21.201173027612445
2025-08-09,20.987385394351037,22.125565304175232,2.7115873094094494,8.15963595470356,89.3,1000.0,2,62.96215618305311,0.7526671820613742,158.7125416204217,1,1.9589201273480752,20.987385394351037,16.188999143290317
2025-08-10,20.987385394351037,26.904501366749084,3.2148356836262013,8.368857389439551,94.8,923.4184239733629,2,62.96215618305311,0.503248374216752,-76.5815760266371,1,2.7115873094094494,20.987385394351037,22.125565304175232
2025-08-11,20.987385394351037,3.232780534711478,1.6264714382337204,1.9876036299918933,48.8,346.2819089900111,1,62.96215618305311,-1.588364245392481,-577.1365149833518,0,3.2148356836262013,20.987385394351037,26.904501366749084
2025-08-12,20.987385394351037,2.2427855256429408,0.9857171280920584,2.2752831027538782,47.3,308.5460599334073,1,62.96215618305311,-0.6407543101416621,-37.7358490566038,0,1.6264714382337204,20.987385394351037,3.232780534711478
2025-08-13,20.987385394351037,0.49824568962285426,0.2070806568924899,2.406046499463871,64.7,362.93007769145396,1,62.96215618305311,-0.7786364711995685,54.38401775804664,0,0.9857171280920584,20.987385394351037,2.2427855256429408
2025-08-14,20.987385394351037,14.992340635417278,2.1470491718219114,6.982765384313625,83.1,743.6182019977803,2,62.96215618305311,1.9399685149294215,380.6881243063263,0,0.2070806568924899,20.987385394351037,0.49824568962285426
2025-08-15,20.987385394351037,25.043822651710197,3.697299794337616,6.773543949577636,91.4,846.8368479467258,2,62.96215618305311,1.5502506225157044,103.21864594894555,1,2.1470491718219114,20.987385394351037,14.992340635417278
2025-08-16,20.987385394351037,30.502960071359833,3.9943208364677587,7.63658236786359,80.1,798.0022197558269,2,62.96215618305311,0.2970210421301429,-48.83462819089891,0,3.697299794337616,20.987385394351037,25.043822651710197
2025-08-17,20.987385394351037,21.784692516905007,3.3587955151971634,6.485864476815651,78.7,708.1021087680355,2,62.96215618305311,-0.6355253212705954,-89.90011098779144,0,3.9943208364677587,20.987385394351037,30.502960071359833
2025-08-18,20.987385394351037,2.686484746621453,0.6542873710609203,4.1059706566937795,59.6,608.2130965593785,1,62.96215618305311,-2.704508144136243,-99.88901220865694,0,3.3587955151971634,20.987385394351037,21.784692516905007
2025-08-19,20.987385394351037,4.585846573850633,0.6542873710609203,7.0089180636556225,86.8,599.3340732519423,1,62.96215618305311,0.0,-8.879023307436228,1,0.6542873710609203,20.987385394351037,2.686484746621453
2025-08-20,20.987385394351037,11.431542068533611,2.2188216958097438,5.152077830373724,69.7,659.2674805771364,2,62.96215618305311,1.5645343247488235,59.93340732519414,0,0.6542873710609203,20.987385394351037,4.585846573850633
2025-08-21,20.987385394351037,32.77913030089803,3.66484095121473,8.944216334963519,82.2,964.4839067702553,2,62.96215618305311,1.4460192554049862,305.2164261931189,0,2.2188216958097438,20.987385394351037,11.431542068533611
2025-08-22,20.987385394351037,29.8908054035527,3.822524167945299,7.81965112325758,89.8,783.5738068812432,2,62.96215618305311,0.15768321673056906,-180.91009988901214,1,3.66484095121473,20.987385394351037,32.77913030089803
2025-08-23,20.987385394351037,26.650549724787055,3.8309664279198588,6.956612704971626,92.8,762.4861265260822,2,62.96215618305311,0.008442259974559718,-21.087680355160956,1,3.822524167945299,20.987385394351037,29.8908054035527
2025-08-24,20.987385394351037,18.069188015187407,3.8171908405343693,4.733634960901745,79.0,641.5094339622641,2,62.96215618305311,-0.013775587385489452,-120.97669256381812,0,3.8309664279198588,20.987385394351037,26.650549724787055
2025-08-25,20.987385394351037,32.96023991849981,3.653045489170078,9.022674372989515,80.8,885.6825749167592,2,62.96215618305311,-0.16414535136429143,244.17314095449512,0,3.8171908405343693,20.987385394351037,18.069188015187407
2025-08-26,20.987385394351037,34.2022199733998,3.653045489170078,9.362659204435497,99.0,954.4950055493896,2,62.96215618305311,0.0,68.81243063263037,1,3.653045489170078,20.987385394351037,32.96023991849981
2025-08-27,20.987385394351037,6.1453825162994695,1.0980420153072092,5.596673379187699,66.4,488.34628190898997,1,62.96215618305311,-2.5550034738628686,-466.1487236403996,0,3.653045489170078,20.987385394351037,34.2022199733998
2025-08-28,20.987385394351037,6.583530197960336,1.0712104007634438,6.14587964536967,76.6,607.1032186459489,1,62.96215618305311,-0.02683161454376548,118.75693673695895,0,1.0980420153072092,20.987385394351037,6.1453825162994695
2025-08-29,20.987385394351037,6.807650374912177,1.0712104007634438,6.355101080105658,71.3,661.4872364039956,1,62.96215618305311,0.0,54.38401775804664,0,1.0712104007634438,20.987385394351037,6.583530197960336
2025-08-30,20.987385394351037,3.61393785334844,1.0712104007634438,3.373695635117819,60.3,395.1165371809101,1,62.96215618305311,0.0,-266.37069922308547,0,1.0712104007634438,20.987385394351037,6.807650374912177
2025-08-31,20.987385394351037,4.650493671750706,1.0712104007634438,4.341344770771768,70.4,495.00554938956714,1,62.96215618305311,0.0,99.88901220865705,0,1.0712104007634438,20.987385394351037,3.61393785334844
2025-09-01,20.987385394351037,21.603601422190266,3.5151357769374,6.14587964536967,88.4,738.0688124306326,2,62.96215618305311,2.443925376173956,243.0632630410655,1,1.0712104007634438,20.987385394351037,4.650493671750706
2025-09-02,20.987385394351037,34.519977120285105,3.4519977120285104,10.0,85.4,966.7036625971143,2,62.96215618305311,-0.06313806490888973,228.63485016648167,1,3.5151357769374,20.987385394351037,21.603601422190266
2025-09-03,20.987385394351037,10.746941534620325,2.389132578251612,4.498260846823758,69.0,541.6204217536072,2,62.96215618305311,-1.0628651337768984,-425.08324084350716,0,3.4519977120285104,20.987385394351037,34.519977120285105
2025-09-04,20.987385394351037,17.837852092876474,3.187224067641671,5.596673379187699,74.9,681.465038845727,2,62.96215618305311,0.798091489390059,139.84461709211985,0,2.389132578251612,20.987385394351037,10.746941534620325
2025-09-05,20.987385394351037,30.188731954219453,3.5085913183388713,8.60423150351754,99.0,944.5061043285239,2,62.96215618305311,0.3213672506972003,263.04106548279685,1,3.187224067641671,20.987385394351037,17.837852092876474
2025-09-06,20.987385394351037,23.56740417890154,3.9873753698613186,5.910505531291682,73.2,629.3007769145395,2,62.96215618305311,0.4787840515224473,-315.2053274139844,0,3.5085913183388713,20.987385394351037,30.188731954219453
2025-09-07,20.987385394351037,6.576385091027349,1.1805691865052241,5.5705206998457,75.9,655.9378468368479,1,62.96215618305311,-2.8068061833560947,26.637069922308456,0,3.9873753698613186,20.987385394351037,23.56740417890154
2025-09-08,20.987385394351037,0.7565910733494496,0.2260138505598664,3.34754295577582,67.3,430.6326304106548,1,62.96215618305311,-0.9545553359453578,-225.3052164261931,0,1.1805691865052241,20.987385394351037,6.576385091027349
2025-09-09,20.987385394351037,1.533332995206593,0.2701845794364722,5.675131417213696,94.2,587.1254162042176,1,62.96215618305311,0.044170728876605836,156.49278579356275,1,0.2260138505598664,20.987385394351037,0.7565910733494496
2025-09-10,20.987385394351037,1.7351031158582637,0.29885197225708293,5.805894813923688,77.1,573.8068812430632,1,62.96215618305311,0.028667392820610704,-13.318534961154342,0,0.2701845794364722,20.987385394351037,1.533332995206593
2025-09-11,20.987385394351037,1.2685426338312444,0.3233684312653685,3.9229019012997894,53.2,306.32630410654826,1,62.96215618305311,0.024516459008285585,-267.48057713651497,0,0.29885197225708293,20.987385394351037,1.7351031158582637
2025-09-12,20.987385394351037,2.056094658533628,0.34633872889141104,5.936658210633682,73.9,544.9500554938957,1,62.96215618305311,0.022970297626042524,238.6237513873474,0,0.3233684312653685,20.987385394351037,1.2685426338312444
2025-09-13,20.987385394351037,1.5835855643958139,0.5712411436396483,2.772184010251851,56.2,371.80910099889013,1,62.96215618305311,0.22490241474823724,-173.14095449500553,0,0.34633872889141104,20.987385394351037,2.056094658533628
2025-09-14,20.987385394351037,1.6292186286907515,0.34041766505600135,4.785940319585743,65.6,421.75360710321866,1,62.96215618305311,-0.23082347858364693,49.944506104328525,0,0.5712411436396483,20.987385394351037,1.5835855643958139
2025-09-15,20.987385394351037,1.6052084548710819,0.3213526475858929,4.995161754321732,76.6,511.65371809101003,1,62.96215618305311,-0.01906501747010847,89.90011098779138,0,0.34041766505600135,20.987385394351037,1.6292186286907515
2025-09-16,20.987385394351037,1.6603592715610749,0.3008870022117574,5.518215341161703,85.5,536.0710321864594,1,62.96215618305311,-0.020465645374135477,24.4173140954494,1,0.3213526475858929,20.987385394351037,1.6052084548710819
2025-09-17,20.987385394351037,0.6102702802295953,0.32866062964984544,1.8568402332819003,49.4,260.82130965593785,1,62.96215618305311,0.027773627438088033,-275.2497225305216,0,0.3008870022117574,20.987385394351037,1.6603592715610749
2025-09-18,20.987385394351037,0.5099254287630876,0.26709614547416677,1.9091455919658975,53.6,312.98557158712543,1,62.96215618305311,-0.06156448417567867,52.16426193118758,0,0.32866062964984544,20.987385394351037,0.6102702802295953
2025-09-19,20.987385394351037,1.4040412490600083,0.26709614547416677,5.256688547741717,75.5,577.1365149833518,1,62.96215618305311,0.0,264.1509433962264,0,0.26709614547416677,20.987385394351037,0.5099254287630876
2025-09-20,20.987385394351037,0.6282913317171562,0.1298593278425346,4.83824567826974,80.6,529.4117647058823,1,62.96215618305311,-0.13723681763163217,-47.724750277469525,0,0.26709614547416677,20.987385394351037,1.4040412490600083
2025-09-21,20.987385394351037,0.689418827883382,0.1387437248514572,4.969009074979734,71.5,524.9722530521642,1,62.96215618305311,0.008884397008922601,-4.439511653718114,0,0.1298593278425346,20.987385394351037,0.6282913317171562
2025-09-22,20.987385394351037,0.41678621661518506,0.1713618770399444,2.432199178805869,59.4,267.48057713651497,1,62.96215618305311,0.03261815218848721,-257.49167591564924,0,0.1387437248514572,20.987385394351037,0.689418827883382
2025-09-23,20.987385394351037,0.5691596721519195,0.1713618770399444,3.3213902764338217,62.2,413.984461709212,1,62.96215618305311,0.0,146.50388457269702,0,0.1713618770399444,20.987385394351037,0.41678621661518506
2025-09-24,20.987385394351037,0.9949090332104419,0.1713618770399444,5.805894813923688,73.6,477.2475027746948,1,62.96215618305311,0.0,63.26304106548281,0,0.1713618770399444,20.987385394351037,0.5691596721519195
2025-09-25,20.987385394351037,0.3226731999601433,0.1713618770399444,1.882992912623899,63.3,287.45837957824637,1,62.96215618305311,0.0,-189.78912319644843,0,0.1713618770399444,20.987385394351037,0.9949090332104419
2025-09-26,20.987385394351037,0.6587911165852927,0.1713618770399444,3.844443863273794,72.6,469.4783573806881,1,62.96215618305311,0.0,182.01997780244176,0,0.1713618770399444,20.987385394351037,0.3226731999601433
2025-09-27,20.987385394351037,1.26828493873223,0.1713618770399444,7.401208253785602,72.9,660.377358490566,1,62.96215618305311,0.0,190.89900110987793,0,0.1713618770399444,20.987385394351037,0.6587911165852927
2025-09-28,20.987385394351037,0.4705650832752091,0.1713618770399444,2.7460313309098527,54.8,223.08546059933406,1,62.96215618305311,0.0,-437.291897891232,0,0.1713618770399444,20.987385394351037,1.26828493873223
2025-09-29,20.987385394351037,1.0352431832054598,0.1713618770399444,6.041268928001675,72.8,455.0499445061043,1,62.96215618305311,0.0,231.96448390677023,0,0.1713618770399444,20.987385394351037,0.4705650832752091
2025-09-30,20.987385394351037,0.5646780999302508,0.1713618770399444,3.295237597091823,63.1,439.51165371809105,1,62.96215618305311,0.0,-15.538290788013228,0,0.1713618770399444,20.987385394351037,1.0352431832054598
2025-10-01,20.987385394351037,1.1428009165255075,0.1713618770399444,6.668933232209642,68.5,557.1587125416204,1,62.96215618305311,0.0,117.64705882352933,0,0.1713618770399444,20.987385394351037,0.5646780999302508
2025-10-02,20.987385394351037,0.8156461443436956,0.1713618770399444,4.7597876402437445,71.7,488.34628190898997,1,62.96215618305311,0.0,-68.81243063263042,0,0.1713618770399444,20.987385394351037,1.1428009165255075
2025-10-03,20.987385394351037,0.9366485943287494,0.1713618770399444,5.465909982477706,81.0,622.6415094339623,1,62.96215618305311,0.0,134.2952275249723,0,0.1713618770399444,20.987385394351037,0.8156461443436956
2025-10-04,20.987385394351037,0.3898967832851733,0.1713618770399444,2.2752831027538782,54.5,312.98557158712543,1,62.96215618305311,0.0,-309.6559378468368,0,0.1713618770399444,20.987385394351037,0.9366485943287494
2025-10-05,20.987385394351037,0.7215331276886539,0.1713618770399444,4.210581374061774,70.0,457.2697003329634,1,62.96215618305311,0.0,144.28412874583796,0,0.1713618770399444,20.987385394351037,0.3898967832851733
2025-10-06,20.987385394351037,1.0307616109837912,0.1713618770399444,6.015116248659677,79.6,536.0710321864594,1,62.96215618305311,0.0,78.80133185349604,0,0.1713618770399444,20.987385394351037,0.7215331276886539
2025-10-07,20.987385394351037,0.5198623777135644,0.1713618770399444,3.0337108036718377,53.1,368.4794672586015,1,62.96215618305311,0.0,-167.59156492785792,0,0.1713618770399444,20.987385394351037,1.0307616109837912
2025-10-08,20.987385394351037,0.4302309332801912,0.1713618770399444,2.5106572168318655,50.2,310.7658157602664,1,62.96215618305311,0.0,-57.71365149833514,0,0.1713618770399444,20.987385394351037,0.5198623777135644
2025-10-09,20.987385394351037,0.27337590552178814,0.1713618770399444,1.5953134398619144,51.6,297.4472807991121,1,62.96215618305311,0.0,-13.318534961154285,0,0.1713618770399444,20.987385394351037,0.4302309332801912
2025-10-10,20.987385394351037,0.9590564554370926,0.1713618770399444,5.596673379187699,71.1,602.6637069922308,1,62.96215618305311,0.0,305.2164261931187,0,0.1713618770399444,20.987385394351037,0.27337590552178814
2025-10-11,20.987385394351037,0.770830422127009,0.1713618770399444,4.498260846823758,72.2,496.1154273029967,1,62.96215618305311,0.0,-106.5482796892341,0,0.1713618770399444,20.987385394351037,0.9590564554370926
2025-10-12,20.987385394351037,0.7932382832353524,0.1713618770399444,4.629024243533752,68.7,501.6648168701443,1,62.96215618305311,0.0,5.549389567147614,0,0.1713618770399444,20.987385394351037,0.770830422127009
2025-10-13,20.987385394351037,1.0352431832054598,0.1713618770399444,6.041268928001675,70.4,557.1587125416204,1,62.96215618305311,0.0,55.49389567147608,0,0.1713618770399444,20.987385394351037,0.7932382832353524
2025-10-14,20.987385394351037,0.7484225610186659,0.1713618770399444,4.367497450113766,63.1,461.70921198668145,1,62.96215618305311,0.0,-95.44950055493894,0,0.1713618770399444,20.987385394351037,1.0352431832054598
2025-10-15,20.987385394351037,0.6498279721419554,0.1713618770399444,3.7921385045897966,73.6,469.4783573806881,1,62.96215618305311,0.0,7.769145394006671,0,0.1713618770399444,20.987385394351037,0.7484225610186659
2025-10-16,20.987385394351037,0.7977198554570211,0.1713618770399444,4.65517692287575,65.7,481.6870144284129,1,62.96215618305311,0.0,12.208657047724785,0,0.1713618770399444,20.987385394351037,0.6498279721419554
2025-10-17,20.987385394351037,0.8111645721220269,0.1713618770399444,4.733634960901745,72.4,519.4228634850167,1,62.96215618305311,0.0,37.7358490566038,0,0.1713618770399444,20.987385394351037,0.7977198554570211
2025-10-18,20.987385394351037,0.6139753943686062,0.1713618770399444,3.582917069853808,57.0,335.18312985571583,1,62.96215618305311,0.0,-184.23973362930087,0,0.1713618770399444,20.987385394351037,0.8111645721220269
2025-10-19,20.987385394351037,0.9949090332104419,0.1713618770399444,5.805894813923688,76.2,536.0710321864594,1,62.96215618305311,0.0,200.8879023307436,0,0.1713618770399444,20.987385394351037,0.6139753943686062
2025-10-20,20.987385394351037,0.9007960165554001,0.1713618770399444,5.256688547741717,79.7,610.4328523862375,1,62.96215618305311,0.0,74.3618201997781,0,0.1713618770399444,20.987385394351037,0.9949090332104419
2025-10-21,20.987385394351037,0.6050122499252688,0.1713618770399444,3.530611711169811,54.7,438.4017758046615,1,62.96215618305311,0.0,-172.03107658157603,0,0.1713618770399444,20.987385394351037,0.9007960165554001
2025-10-22,20.987385394351037,0.941130166550418,0.1713618770399444,5.492062661819705,56.4,455.0499445061043,1,62.96215618305311,0.0,16.648168701442785,0,0.1713618770399444,20.987385394351037,0.6050122499252688
2025-10-23,20.987385394351037,0.4750466554968777,0.1713618770399444,2.772184010251851,57.1,340.7325194228635,1,62.96215618305311,0.0,-114.31742508324078,0,0.1713618770399444,20.987385394351037,0.941130166550418
2025-10-24,20.987385394351037,1.178653494298857,0.1713618770399444,6.878154666945631,82.8,644.8390677025527,1,62.96215618305311,0.0,304.1065482796892,0,0.1713618770399444,20.987385394351037,0.4750466554968777
2025-10-25,20.987385394351037,1.084540477643815,0.1713618770399444,6.32894840076366,89.7,683.684794672586,1,62.96215618305311,0.0,38.8457269700333,1,0.1713618770399444,20.987385394351037,1.178653494298857
2025-10-26,20.987385394351037,0.9097591609987373,0.1713618770399444,5.308993906425714,85.1,719.2008879023307,2,62.96215618305311,0.0,35.51609322974468,1,0.1713618770399444,20.987385394351037,1.084540477643815
2025-10-27,20.987385394351037,0.7036068388019793,0.1713618770399444,4.1059706566937795,58.5,381.79800221975586,1,62.96215618305311,0.0,-337.40288568257483,0,0.1713618770399444,20.987385394351037,0.9097591609987373
2025-10-28,20.987385394351037,0.3943783555068419,0.1713618770399444,2.3014357820958766,63.4,347.3917869034406,1,62.96215618305311,0.0,-34.40621531631524,0,0.1713618770399444,20.987385394351037,0.7036068388019793
2025-10-29,20.987385394351037,0.7620162363312355,0.21268040020874043,3.582917069853808,56.8,355.1609322974473,1,62.96215618305311,0.04131852316879603,7.769145394006671,0,0.1713618770399444,20.987385394351037,0.3943783555068419
2025-10-30,20.987385394351037,0.2667417930454738,0.21700863703573994,1.2291759290739341,60.3,285.23862375138737,1,62.96215618305311,0.00432823682699951,-69.92230854605992,0,0.21268040020874043,20.987385394351037,0.7620162363312355
2025-10-31,20.987385394351037,0.5477509243021753,0.21817033429731528,2.5106572168318655,58.1,342.95227524972256,1,62.96215618305311,0.001161697261575334,57.713651498335196,0,0.21700863703573994,20.987385394351037,0.2667417930454738
2025-11-01,20.987385394351037,0.4080298126669301,0.1857361422255405,2.196825064727882,51.9,334.0732519422864,1,62.96215618305311,-0.03243419207177478,-8.87902330743617,0,0.21817033429731528,20.987385394351037,0.5477509243021753
2025-11-02,20.987385394351037,1.1014600173289038,0.16261207213361112,6.773543949577636,68.0,613.762486126526,1,62.96215618305311,-0.023124070091929377,279.68923418423964,0,0.1857361422255405,20.987385394351037,0.4080298126669301
2025-11-03,20.987385394351037,0.3220177983746179,0.13834825344326135,2.3275884614378755,48.7,337.40288568257495,1,62.96215618305311,-0.02426381869034977,-276.3596004439511,0,0.16261207213361112,20.987385394351037,1.1014600173289038
2025-11-04,20.987385394351037,0.2904893037752887,0.12205977481819459,2.3798938201218727,62.2,344.062153163152,1,62.96215618305311,-0.016288478625066757,6.659267480577057,0,0.13834825344326135,20.987385394351037,0.3220177983746179
2025-11-05,20.987385394351037,0.6927052628487653,0.12205977481819459,5.675131417213696,82.0,537.180910099889,1,62.96215618305311,0.0,193.11875693673704,0,0.12205977481819459,20.987385394351037,0.2904893037752887
2025-11-06,20.987385394351037,0.6065161287615918,0.12205977481819459,4.969009074979734,65.6,472.80799112097674,1,62.96215618305311,0.0,-64.37291897891231,0,0.12205977481819459,20.987385394351037,0.6927052628487653
2025-11-07,20.987385394351037,0.4748627866573837,0.10143758867831494,4.681329602217748,69.0,584.9056603773585,1,62.96215618305311,-0.02062218613987965,112.09766925638172,0,0.12205977481819459,20.987385394351037,0.6065161287615918
2025-11-08,20.987385394351037,0.49322248739028374,0.09925972763338037,4.969009074979734,67.6,548.2796892341843,1,62.96215618305311,-0.002177861044934573,-36.62597114317418,0,0.10143758867831494,20.987385394351037,0.4748627866573837
2025-11-09,20.987385394351037,0.5819432247364282,0.09759545212388948,5.962810889975679,70.6,580.4661487236405,1,62.96215618305311,-0.0016642755094908868,32.18645948945618,0,0.09925972763338037,20.987385394351037,0.49322248739028374
2025-11-10,20.987385394351037,0.5235410942110622,0.09670840975530619,5.4136046237937085,73.4,437.29189789123194,1,62.96215618305311,-0.0008870423685832934,-143.17425083240852,0,0.09759545212388948,20.987385394351037,0.5819432247364282
2025-11-11,20.987385394351037,0.19627693212137975,0.09265482782129869,2.1183670267018866,55.3,140.95449500554938,0,62.96215618305311,-0.004053581934007497,-296.33740288568254,0,0.09670840975530619,20.987385394351037,0.5235410942110622
2025-11-12,20.987385394351037,0.22213139137462684,0.09543413496619778,2.3275884614378755,59.1,211.98668146503886,0,62.96215618305311,0.0027793071448990875,71.03218645948948,0,0.09265482782129869,20.987385394351037,0.19627693212137975
2025-11-13,20.987385394351037,0.40812362773575334,0.09692809412255898,4.210581374061774,68.9,380.6881243063263,1,62.96215618305311,0.0014939591563612048,168.70144284128745,0,0.09543413496619778,20.987385394351037,0.22213139137462684
2025-11-14,20.987385394351037,0.45669068985216454,0.11413386867893602,4.001359939325785,68.3,394.0066592674806,1,62.96215618305311,0.017205774556377035,13.318534961154285,0,0.09692809412255898,20.987385394351037,0.40812362773575334
2025-11-15,20.987385394351037,0.42130126762507125,0.10598221427749897,3.9752072599837867,57.1,440.6215316315205,1,62.96215618305311,-0.008151654401437045,46.61487236403991,0,0.11413386867893602,20.987385394351037,0.45669068985216454
2025-11-16,20.987385394351037,0.04941582451370861,0.09447564409653376,0.5230535868399719,30.3,1.1098779134295227,0,62.96215618305311,-0.011506570180965209,-439.511653718091,0,0.10598221427749897,20.987385394351037,0.42130126762507125
2025-11-17,20.987385394351037,0.2194969162410032,0.0902462751215832,2.432199178805869,67.1,143.17425083240843,0,62.96215618305311,-0.004229368974950562,142.0643729189789,0,0.09447564409653376,20.987385394351037,0.04941582451370861
2025-11-18,20.987385394351037,0.3387757334096398,0.11167041136538268,3.0337108036718377,61.9,376.24861265260824,1,62.96215618305311,0.021424136243799477,233.0743618201998,0,0.0902462751215832,20.987385394351037,0.2194969162410032
2025-11-19,20.987385394351037,0.02571787151990112,0.08939765939149626,0.2876794727619845,34.1,25.527192008879023,0,62.96215618305311,-0.022272751973886423,-350.72142064372923,0,0.11167041136538268,20.987385394351037,0.3387757334096398
2025-11-20,20.987385394351037,0.2889729416433791,0.09608224669232941,3.007558124329839,56.2,355.1609322974473,1,62.96215618305311,0.006684587300833156,329.6337402885683,0,0.08939765939149626,20.987385394351037,0.02571787151990112
2025-11-21,20.987385394351037,0.19285726793542676,0.0847618776327231,2.2752831027538782,64.2,211.98668146503886,0,62.96215618305311,-0.011320369059606317,-143.17425083240843,0,0.09608224669232941,20.987385394351037,0.2889729416433791
2025-11-22,20.987385394351037,1.9048440267853057,0.6278924228637043,3.0337108036718377,77.0,355.1609322974473,1,62.96215618305311,0.5431305452309811,143.17425083240843,0,0.0847618776327231,20.987385394351037,0.19285726793542676
2025-11-23,20.987385394351037,1.8754108210324758,0.3567665848946207,5.256688547741717,92.3,452.8301886792453,1,62.96215618305311,-0.27112583796908357,97.669256381798,1,0.6278924228637043,20.987385394351037,1.9048440267853057
2025-11-24,20.987385394351037,0.8168948860047314,0.15017120075078322,5.439757303135707,82.7,619.3118756936738,1,62.96215618305311,-0.2065953841438375,166.48168701442847,0,0.3567665848946207,20.987385394351037,1.8754108210324758
2025-11-25,20.987385394351037,0.01928018258595658,0.07372163415392216,0.2615267934199859,32.0,112.0976692563818,0,62.96215618305311,-0.07644956659686106,-507.214206437292,0,0.15017120075078322,20.987385394351037,0.8168948860047314
2025-11-26,20.987385394351037,0.19900048151762495,0.0731652058825906,2.7198786515678544,65.5,228.6348501664817,0,62.96215618305311,-0.000556428271331566,116.53718091009989,0,0.07372163415392216,20.987385394351037,0.01928018258595658
2025-11-27,20.987385394351037,0.09950024075881247,0.0731652058825906,1.3599393257839272,40.3,150.94339622641508,0,62.96215618305311,0.0,-77.69145394006662,0,0.0731652058825906,20.987385394351037,0.19900048151762495
2025-11-28,20.987385394351037,0.12246183478007686,0.0731652058825906,1.6737714778879098,39.9,113.20754716981132,0,62.96215618305311,0.0,-37.735849056603755,0,0.0731652058825906,20.987385394351037,0.09950024075881247
2025-11-29,20.987385394351037,0.15881769198041223,0.0731652058825906,2.170672385385884,60.2,196.44839067702551,0,62.96215618305311,0.0,83.2408435072142,0,0.0731652058825906,20.987385394351037,0.12246183478007686
2025-11-30,20.987385394351037,0.1834432124988844,0.07085169814464486,2.589115254857861,60.7,254.1620421753607,0,62.96215618305311,-0.0023135077379457386,57.713651498335196,0,0.0731652058825906,20.987385394351037,0.15881769198041223
2025-12-01,20.987385394351037,0.09376029675205728,0.07793722754148724,1.2030232497319355,39.9,95.44950055493896,0,62.96215618305311,0.0070855293968423855,-158.71254162042175,0,0.07085169814464486,20.987385394351037,0.1834432124988844
2025-12-02,20.987385394351037,0.16252843053157293,0.07866581769918672,2.0660616680178894,58.5,168.70144284128747,0,62.96215618305311,0.0007285901576994797,73.25194228634851,0,0.07793722754148724,20.987385394351037,0.09376029675205728
2025-12-03,20.987385394351037,0.13240684061024469,0.0713076107663933,1.8568402332819003,34.0,86.57047724750278,0,62.96215618305311,-0.007358206932793418,-82.1309655937847,0,0.07866581769918672,20.987385394351037,0.16252843053157293
2025-12-04,20.987385394351037,1.3378917144664326,0.3119327163783717,4.28903941208777,68.1,442.8412874583796,1,62.96215618305311,0.24062510561197842,356.27081021087685,0,0.0713076107663933,20.987385394351037,0.13240684061024469
2025-12-05,20.987385394351037,0.1848022920652727,0.072848301460823,2.536809896173864,65.4,194.2286348501665,0,62.96215618305311,-0.23908441491754873,-248.61265260821312,0,0.3119327163783717,20.987385394351037,1.3378917144664326
2025-12-06,20.987385394351037,0.15320921189571823,0.07144220286898263,2.144519706043885,55.0,174.2508324084351,0,62.96215618305311,-0.001406098591840363,-19.9778024417314,0,0.072848301460823,20.987385394351037,0.1848022920652727
2025-12-07,20.987385394351037,0.1331095281801953,0.06525267985930931,2.0399089886758905,55.0,155.3829078801332,0,62.96215618305311,-0.00618952300967332,-18.8679245283019,0,0.07144220286898263,20.987385394351037,0.15320921189571823
2025-12-08,20.987385394351037,0.05484253563310283,0.07766718648159084,0.706122342233962,37.2,82.1309655937847,0,62.96215618305311,0.012414506622281524,-73.2519422863485,0,0.06525267985930931,20.987385394351037,0.1331095281801953
2025-12-09,20.987385394351037,0.176128806381808,0.0732025779306651,2.406046499463871,55.4,150.94339622641508,0,62.96215618305311,-0.0044646085509257305,68.81243063263038,0,0.07766718648159084,20.987385394351037,0.05484253563310283
2025-12-10,20.987385394351037,0.11076324674426931,0.06228315096706801,1.7783821952559042,54.9,139.84461709211988,0,62.96215618305311,-0.010919426963597094,-11.0987791342952,0,0.0732025779306651,20.987385394351037,0.176128806381808
2025-12-11,20.987385394351037,0.09846306045107031,0.06172019741750121,1.5953134398619144,64.8,157.60266370699222,0,62.96215618305311,-0.0005629535495667998,17.75804661487234,0,0.06228315096706801,20.987385394351037,0.11076324674426931
2025-12-12,20.987385394351037,0.012961682389579279,0.07080226421862038,0.1830687553939902,40.6,32.186459489456155,0,62.96215618305311,0.009082066801119164,-125.41620421753606,0,0.06172019741750121,20.987385394351037,0.09846306045107031
2025-12-13,20.987385394351037,0.1186062250000852,0.06478780321897509,1.8306875539399017,42.7,168.70144284128747,0,62.96215618305311,-0.0060144609996452825,136.51498335183132,0,0.07080226421862038,20.987385394351037,0.012961682389579279
2025-12-14,20.987385394351037,0.09538300248879446,0.059789506002689057,1.5953134398619144,51.6,125.41620421753608,0,62.96215618305311,-0.0049982972162860365,-43.2852386237514,0,0.06478780321897509,20.987385394351037,0.1186062250000852
2025-12-15,20.987385394351037,0.006354891531485531,0.06074799687235308,0.10461071736799432,30.5,100.99889012208656,0,62.96215618305311,0.0009584908696640207,-24.417314095449512,0,0.059789506002689057,20.987385394351037,0.09538300248879446
2025-12-16,20.987385394351037,0.033246835450422986,0.06356296235589116,0.5230535868399719,43.9,78.80133185349611,0,62.96215618305311,0.002814965483538087,-22.197558268590456,0,0.06074799687235308,20.987385394351037,0.006354891531485531
2025-12-17,20.987385394351037,0.057511096469497605,0.06467799399129938,0.8891910976279525,46.7,137.62486126526082,0,62.96215618305311,0.0011150316354082146,58.82352941176471,0,0.06356296235589116,20.987385394351037,0.033246835450422986
2025-12-18,20.987385394351037,0.1148079582381462,0.06552107312167157,1.7522295159139056,58.7,137.62486126526082,0,62.96215618305311,0.0008430791303721957,0.0,0,0.06467799399129938,20.987385394351037,0.057511096469497605
2025-12-19,20.987385394351037,0.0420693997129453,0.059578060623107006,0.706122342233962,30.6,76.58157602663707,0,62.96215618305311,-0.005943012498564569,-61.04328523862375,0,0.06552107312167157,20.987385394351037,0.1148079582381462
2025-12-20,20.987385394351037,0.16045081122699642,0.058430073037015806,2.7460313309098527,59.6,221.97558268590456,0,62.96215618305311,-0.0011479875860911995,145.3940066592675,0,0.059578060623107006,20.987385394351037,0.0420693997129453
2025-12-21,20.987385394351037,0.09179717234303687,0.05754177834230655,1.5953134398619144,56.4,120.97669256381798,0,62.96215618305311,-0.0008882946947092532,-100.99889012208658,0,0.058430073037015806,20.987385394351037,0.16045081122699642
2025-12-22,20.987385394351037,0.5725217727286119,0.11897562512947786,4.812092998927742,75.5,566.0377358490566,1,62.96215618305311,0.06143384678717131,445.0610432852386,0,0.05754177834230655,20.987385394351037,0.09179717234303687
2025-12-23,20.987385394351037,0.11454017205237238,0.059184764307656235,1.9352982713078961,44.2,122.08657047724749,0,62.96215618305311,-0.059790860821821626,-443.9511653718091,0,0.11897562512947786,20.987385394351037,0.5725217727286119
2025-12-24,20.987385394351037,0.06191360651479588,0.059184764307656235,1.0461071736799439,57.3,114.31742508324085,0,62.96215618305311,0.0,-7.769145394006642,0,0.059184764307656235,20.987385394351037,0.11454017205237238
2025-12-25,20.987385394351037,0.1439491351469004,0.059184764307656235,2.432199178805869,58.3,247.50277469478357,0,62.96215618305311,0.0,133.18534961154273,0,0.059184764307656235,20.987385394351037,0.06191360651479588
2025-12-26,20.987385394351037,0.21050626215030604,0.059184764307656235,3.55676439051181,69.2,236.40399556048837,0,62.96215618305311,0.0,-11.0987791342952,0,0.059184764307656235,20.987385394351037,0.1439491351469004
2025-12-27,20.987385394351037,0.41009836385772774,0.11042909252695725,3.713680466563801,73.3,459.4894561598224,1,62.96215618305311,0.051244328219301014,223.08546059933403,0,0.059184764307656235,20.987385394351037,0.21050626215030604
