date,discharge_cfs,gage_height_ft
2006-01-01,,9.38
2006-01-02,,9.47
2006-01-03,,9.53
2006-01-04,,9.55
2006-01-05,,9.46
2006-01-06,,9.33
2006-01-07,,9.18
2006-01-08,,9.07
2006-01-09,,8.91
2006-01-10,,8.73
2006-01-11,,8.61
2006-01-12,,8.47
2006-01-13,,8.29
2006-01-14,,8.08
2006-01-15,,7.95
2006-01-16,,7.94
2006-01-17,,7.89
2006-01-18,,7.77
2006-01-19,,7.7
2006-01-20,,7.75
2006-01-21,,7.85
2006-01-22,,7.96
2006-01-23,,7.95
2006-01-24,,7.89
2006-01-25,,7.72
2006-01-26,,7.59
2006-01-27,,7.49
2006-01-28,,7.4
2006-01-29,,7.42
2006-01-30,,7.61
2006-01-31,,7.71
2006-02-01,,7.8
2006-02-02,,7.91
2006-02-03,,7.98
2006-02-04,,8.07
2006-02-05,,8.08
2006-02-06,,8.02
2006-02-07,,8.05
2006-02-08,,8.21
2006-02-09,,8.49
2006-02-10,,8.88
2006-02-11,,8.98
2006-02-12,,8.82
2006-02-13,,8.79
2006-02-14,,8.76
2006-02-15,,8.52
2006-02-16,,8.21
2006-02-17,,8.18
2006-02-18,,8.23
2006-02-19,,8.12
2006-02-20,,8.25
2006-02-21,,8.19
2006-02-22,,8.06
2006-02-23,,8.17
2006-02-24,,8.48
2006-02-25,,8.71
2006-02-26,,8.78
2006-02-27,,8.74
2006-02-28,,8.51
2006-03-01,,8.06
2006-03-02,,7.6
2006-03-03,,7.42
2006-03-04,,7.46
2006-03-05,,7.49
2006-03-06,,7.54
2006-03-07,,7.49
2006-03-08,,7.46
2006-03-09,,7.5
2006-03-10,,7.6
2006-03-11,,7.84
2006-03-12,,7.94
2006-03-13,,8.0
2006-03-14,,8.22
2006-03-15,,8.59
2006-03-16,,8.77
2006-03-17,,8.85
2006-03-18,,8.79
2006-03-19,,8.61
2006-03-20,,8.33
2006-03-21,,8.24
2006-03-22,,8.36
2006-03-23,,8.45
2006-03-24,,8.3
2006-03-25,,8.12
2006-03-26,,8.08
2006-03-27,,8.14
2006-03-28,,8.26
2006-03-29,,8.4
2006-03-30,,8.56
2006-03-31,,8.99
2006-04-01,,9.52
2006-04-02,,9.78
2006-04-03,,10.44
2006-04-04,,10.93
2006-04-05,,11.44
2006-04-06,,12.13
2006-04-07,,12.97
2006-04-08,,13.62
2006-04-09,,13.99
2006-04-10,,14.26
2006-04-11,,14.42
2006-04-12,,14.47
2006-04-13,,14.4
2006-04-14,,14.27
2006-04-15,,14.13
2006-04-16,,14.04
2006-04-17,,14.08
2006-04-18,,13.92
2006-04-19,,13.71
2006-04-20,,13.42
2006-04-21,,13.16
2006-04-22,,12.98
2006-04-23,,12.73
2006-04-24,,12.41
2006-04-25,,12.11
2006-04-26,,11.66
2006-04-27,,11.3
2006-04-28,,10.95
2006-04-29,,10.56
2006-04-30,,10.17
2006-05-01,,9.99
2006-05-02,,10.04
2006-05-03,,10.0
2006-05-04,,9.99
2006-05-05,,10.03
2006-05-06,,10.17
2006-05-07,,10.32
2006-05-08,,10.43
2006-05-09,,10.54
2006-05-10,,10.77
2006-05-11,,10.91
2006-05-12,,11.04
2006-05-13,,11.14
2006-05-14,,11.42
2006-05-15,,11.68
2006-05-16,,11.87
2006-05-17,,12.02
2006-05-18,,12.17
2006-05-19,,12.21
2006-05-20,,12.21
2006-05-21,,12.17
2006-05-22,,12.02
2006-05-23,,11.81
2006-05-24,,11.46
2006-05-25,,11.2
2006-05-26,,11.0
2006-05-27,,10.7
2006-05-28,,10.53
2006-05-29,,10.43
2006-05-30,,10.32
2006-05-31,,10.15
2006-06-01,,9.8
2006-06-02,,9.34
2006-06-03,,9.01
2006-06-04,,8.77
2006-06-05,,8.59
2006-06-06,,8.21
2006-06-07,,8.11
2006-06-08,,8.26
2006-06-09,,8.16
2006-06-10,,8.01
2006-06-11,,7.99
2006-06-12,,7.84
2006-06-13,,7.55
2006-06-14,,7.57
2006-06-15,,7.84
2006-06-16,,7.99
2006-06-17,,7.99
2006-06-18,,7.84
2006-06-19,,7.8
2006-06-20,,7.84
2006-06-21,,7.86
2006-06-22,,7.89
2006-06-23,,7.78
2006-06-24,,7.67
2006-06-25,,7.78
2006-06-26,,7.96
2006-06-27,,8.1
2006-06-28,,8.03
2006-06-29,,7.66
2006-06-30,,7.3
2006-07-01,,7.14
2006-07-02,,7.1
2006-07-03,,7.14
2006-07-04,,7.12
2006-07-05,,6.92
2006-07-06,,6.61
2006-07-07,,6.62
2006-07-08,,6.69
2006-07-09,,6.74
2006-07-10,,6.79
2006-07-11,,6.75
2006-07-12,,6.67
2006-07-13,,6.64
2006-07-14,,6.57
2006-07-15,,6.52
2006-07-16,,6.74
2006-07-17,,6.67
2006-07-18,,6.54
2006-07-19,,6.39
2006-07-20,,6.45
2006-07-21,,6.49
2006-07-22,,6.58
2006-07-23,,6.74
2006-07-24,,6.72
2006-07-25,,6.64
2006-07-26,,6.67
2006-07-27,,6.75
2006-07-28,,6.77
2006-07-29,,6.69
2006-07-30,,6.51
2006-07-31,,6.21
2006-08-01,,6.2
2006-08-02,,6.64
2006-08-03,,7.1
2006-08-04,,7.31
2006-08-05,,7.32
2006-08-06,,7.38
2006-08-07,,7.4
2006-08-08,,7.41
2006-08-09,,7.22
2006-08-10,,6.92
2006-08-11,,6.76
2006-08-12,,6.66
2006-08-13,,6.59
2006-08-14,,6.51
2006-08-15,,6.62
2006-08-16,,6.81
2006-08-17,,6.82
2006-08-18,,6.64
2006-08-19,,6.53
2006-08-20,,6.52
2006-08-21,,6.56
2006-08-22,,6.58
2006-08-23,,6.58
2006-08-24,,6.68
2006-08-25,,6.77
2006-08-26,,7.02
2006-08-27,,7.23
2006-08-28,,7.38
2006-08-29,,7.54
2006-08-30,,7.37
2006-08-31,,6.87
2006-09-01,,6.76
2006-09-02,,6.59
2006-09-03,,6.55
2006-09-04,,6.6
2006-09-05,,6.65
2006-09-06,,6.78
2006-09-07,,6.78
2006-09-08,,6.77
2006-09-09,,6.54
2006-09-10,,6.46
2006-09-11,,6.77
2006-09-12,,6.98
2006-09-13,,7.0
2006-09-14,,6.75
2006-09-15,,6.68
2006-09-16,,6.7
2006-09-17,,6.9
2006-09-18,,6.85
2006-09-19,,6.83
2006-09-20,,7.03
2006-09-21,,6.78
2006-09-22,,6.7
2006-09-23,,6.6
2006-09-24,,6.69
2006-09-25,,6.91
2006-09-26,,7.01
2006-09-27,,6.95
2006-09-28,,6.74
2006-09-29,,6.71
2006-09-30,,6.72
2006-10-01,,6.7
2006-10-02,,6.6
2006-10-03,,6.58
2006-10-04,,6.7
2006-10-05,,6.86
2006-10-06,,6.92
2006-10-07,,6.8
2006-10-08,,6.66
2006-10-09,,6.55
2006-10-10,,6.61
2006-10-11,,6.69
2006-10-12,,6.75
2006-10-13,,6.67
2006-10-14,,6.65
2006-10-15,,6.66
2006-10-16,,6.64
2006-10-17,,6.62
2006-10-18,,6.62
2006-10-19,,6.64
2006-10-20,,6.71
2006-10-21,,6.87
2006-10-22,,7.06
2006-10-23,,7.14
2006-10-24,,7.09
2006-10-25,,6.88
2006-10-26,,6.74
2006-10-27,,6.63
2006-10-28,,6.6
2006-10-29,,6.59
2006-10-30,,6.59
2006-10-31,,6.78
2006-11-01,,6.8
2006-11-02,,6.6
2006-11-03,,6.6
2006-11-04,,6.62
2006-11-05,,6.67
2006-11-06,,6.7
2006-11-07,,6.59
2006-11-08,,6.59
2006-11-09,,6.67
2006-11-10,,6.68
2006-11-11,,6.65
2006-11-12,,6.8
2006-11-13,,6.76
2006-11-14,,6.73
2006-11-15,,6.75
2006-11-16,,6.7
2006-11-17,,6.58
2006-11-18,,6.62
2006-11-19,,6.69
2006-11-20,,6.64
2006-11-21,,6.57
2006-11-22,,6.55
2006-11-23,,6.59
2006-11-24,,6.64
2006-11-25,,6.76
2006-11-26,,6.78
2006-11-27,,6.77
2006-11-28,,6.84
2006-11-29,,6.84
2006-11-30,,6.85
2006-12-01,,6.89
2006-12-02,,6.88
2006-12-03,,6.84
2006-12-04,,6.92
2006-12-05,,7.14
2006-12-06,,7.18
2006-12-07,,7.11
2006-12-08,,7.08
2006-12-09,,6.91
2006-12-10,,6.97
2006-12-11,,7.25
2006-12-12,,7.33
2006-12-13,,7.3
2006-12-14,,7.32
2006-12-15,,7.13
2006-12-16,,7.1
2006-12-17,,6.98
2006-12-18,,6.86
2006-12-19,,6.84
2006-12-20,,6.83
2006-12-21,,6.92
2006-12-22,,6.97
2006-12-23,,6.93
2006-12-24,,7.01
2006-12-25,,7.07
2006-12-26,,7.08
2006-12-27,,7.02
2006-12-28,,6.96
2006-12-29,,6.98
2006-12-30,,6.96
2006-12-31,,6.9
2007-01-01,,6.91
2007-01-02,,7.0
2007-01-03,,7.24
2007-01-04,,7.59
2007-01-05,,7.85
2007-01-06,,7.99
2007-01-07,,8.01
2007-01-08,,7.88
2007-01-09,,7.67
2007-01-10,,7.53
2007-01-11,,7.18
2007-01-12,,7.05
2007-01-13,,6.89
2007-01-14,,6.91
2007-01-15,,6.96
2007-01-16,,7.23
2007-01-17,,7.27
2007-01-18,,7.21
2007-01-19,,7.17
2007-01-20,,7.14
2007-01-21,,7.17
2007-01-22,,7.25
2007-01-23,,7.29
2007-01-24,,7.4
2007-01-25,,7.5
2007-01-26,,7.51
2007-01-27,,7.41
2007-01-28,,7.29
2007-01-29,,7.23
2007-01-30,,7.21
2007-01-31,,7.15
2007-02-01,,7.03
2007-02-02,,7.02
2007-02-03,,7.09
2007-02-04,,7.13
2007-02-05,,7.12
2007-02-06,,7.08
2007-02-07,,7.09
2007-02-08,,7.18
2007-02-09,,7.21
2007-02-10,,7.18
2007-02-11,,7.1
2007-02-12,,7.05
2007-02-13,,7.03
2007-02-14,,7.05
2007-02-15,,7.05
2007-02-16,,6.96
2007-02-17,,6.89
2007-02-18,,6.86
2007-02-19,,6.89
2007-02-20,,6.94
2007-02-21,,7.02
2007-02-22,,7.12
2007-02-23,,7.09
2007-02-24,,7.09
2007-02-25,,7.23
2007-02-26,,7.58
2007-02-27,,7.67
2007-02-28,,7.54
2007-03-01,,7.5
2007-03-02,,7.53
2007-03-03,,7.56
2007-03-04,,7.61
2007-03-05,,7.62
2007-03-06,,7.45
2007-03-07,,7.33
2007-03-08,,7.35
2007-03-09,,7.41
2007-03-10,,7.38
2007-03-11,,7.41
2007-03-12,,7.5
2007-03-13,,8.03
2007-03-14,,9.08
2007-03-15,,10.09
2007-03-16,,10.97
2007-03-17,,11.6
2007-03-18,,11.87
2007-03-19,,11.91
2007-03-20,,11.83
2007-03-21,,11.54
2007-03-22,,11.33
2007-03-23,,11.06
2007-03-24,,11.09
2007-03-25,,11.2
2007-03-26,,11.39
2007-03-27,,11.47
2007-03-28,,11.6
2007-03-29,,11.75
2007-03-30,,11.92
2007-03-31,,12.13
2007-04-01,,12.45
2007-04-02,,12.81
2007-04-03,,13.14
2007-04-04,,13.46
2007-04-05,,13.57
2007-04-06,,13.64
2007-04-07,,13.69
2007-04-08,,13.72
2007-04-09,,13.77
2007-04-10,,13.71
2007-04-11,,13.56
2007-04-12,,13.34
2007-04-13,,12.99
2007-04-14,,12.63
2007-04-15,,12.34
2007-04-16,,12.06
2007-04-17,,11.8
2007-04-18,,11.47
2007-04-19,,10.99
2007-04-20,,10.54
2007-04-21,,10.19
2007-04-22,,9.89
2007-04-23,,9.79
2007-04-24,,9.68
2007-04-25,,9.61
2007-04-26,,9.5
2007-04-27,,9.36
2007-04-28,,9.31
2007-04-29,,9.37
2007-04-30,,9.55
2007-05-01,,9.57
2007-05-02,,9.51
2007-05-03,,9.42
2007-05-04,,9.33
2007-05-05,,9.28
2007-05-06,,9.15
2007-05-07,,8.94
2007-05-08,,8.83
2007-05-09,,8.74
2007-05-10,,8.69
2007-05-11,,8.6
2007-05-12,,8.57
2007-05-13,,8.46
2007-05-14,,8.27
2007-05-15,,8.31
2007-05-16,,8.46
2007-05-17,,8.45
2007-05-18,,8.27
2007-05-19,,8.05
2007-05-20,,7.95
2007-05-21,,7.91
2007-05-22,,7.91
2007-05-23,,7.79
2007-05-24,,7.97
2007-05-25,,8.2
2007-05-26,,8.26
2007-05-27,,8.19
2007-05-28,,8.12
2007-05-29,,8.12
2007-05-30,,8.31
2007-05-31,,8.46
2007-06-01,,8.52
2007-06-02,,8.53
2007-06-03,,8.49
2007-06-04,,8.49
2007-06-05,,8.4
2007-06-06,,8.22
2007-06-07,,8.22
2007-06-08,,8.27
2007-06-09,,8.3
2007-06-10,,8.29
2007-06-11,,8.18
2007-06-12,,8.12
2007-06-13,,8.07
2007-06-14,,7.96
2007-06-15,,7.75
2007-06-16,,7.55
2007-06-17,,7.56
2007-06-18,,7.36
2007-06-19,,7.35
2007-06-20,,7.4
2007-06-21,,7.41
2007-06-22,,7.52
2007-06-23,,7.52
2007-06-24,,7.53
2007-06-25,,7.45
2007-06-26,,7.38
2007-06-27,,7.17
2007-06-28,,7.02
2007-06-29,,6.9
2007-06-30,,6.86
2007-07-01,,6.86
2007-07-02,,6.75
2007-07-03,,6.62
2007-07-04,,6.91
2007-07-05,,7.07
2007-07-06,,7.11
2007-07-07,,7.01
2007-07-08,,6.88
2007-07-09,,6.69
2007-07-10,,6.64
2007-07-11,,6.52
2007-07-12,,6.42
2007-07-13,,6.39
2007-07-14,,6.46
2007-07-15,,6.58
2007-07-16,,6.6
2007-07-17,,6.6
2007-07-18,,7.18
2007-07-19,,6.68
2007-07-20,,6.58
2007-07-21,,6.62
2007-07-22,,6.57
2007-07-23,,6.54
2007-07-24,,6.55
2007-07-25,,6.55
2007-07-26,,6.47
2007-07-27,,6.53
2007-07-28,,6.75
2007-07-29,,6.83
2007-07-30,,6.76
2007-07-31,,6.58
2007-08-01,,6.48
2007-08-02,,6.41
2007-08-03,,6.28
2007-08-04,,6.36
2007-08-05,,6.64
2007-08-06,,6.8
2007-08-07,,6.93
2007-08-08,,6.86
2007-08-09,,6.66
2007-08-10,,6.48
2007-08-11,,6.41
2007-08-12,,6.43
2007-08-13,,6.78
2007-08-14,,7.12
2007-08-15,,7.19
2007-08-16,,7.27
2007-08-17,,7.27
2007-08-18,,6.83
2007-08-19,,7.45
2007-08-20,,9.96
2007-08-21,,11.82
2007-08-22,,12.94
2007-08-23,,13.06
2007-08-24,,12.73
2007-08-25,,12.15
2007-08-26,,11.11
2007-08-27,,9.89
2007-08-28,,9.36
2007-08-29,,9.36
2007-08-30,,9.38
2007-08-31,,9.09
2007-09-01,,8.44
2007-09-02,,7.86
2007-09-03,,7.29
2007-09-04,,6.92
2007-09-05,,6.91
2007-09-06,,6.95
2007-09-07,,7.15
2007-09-08,,7.31
2007-09-09,,7.32
2007-09-10,,7.38
2007-09-11,,7.36
2007-09-12,,7.19
2007-09-13,,6.84
2007-09-14,,6.67
2007-09-15,,6.75
2007-09-16,,6.82
2007-09-17,,7.05
2007-09-18,,7.15
2007-09-19,,7.08
2007-09-20,,7.03
2007-09-21,,7.03
2007-09-22,,7.1
2007-09-23,,7.15
2007-09-24,,7.45
2007-09-25,,7.56
2007-09-26,,7.42
2007-09-27,,7.42
2007-09-28,,7.46
2007-09-29,,7.5
2007-10-01,33100.0,
2007-10-02,33800.0,
2007-10-03,38500.0,
2007-10-04,43200.0,
2007-10-05,46600.0,
2007-10-06,48800.0,
2007-10-07,50800.0,
2007-10-08,51500.0,
2007-10-09,53500.0,
2007-10-10,57200.0,
2007-10-11,58000.0,
2007-10-12,59900.0,
2007-10-13,59200.0,
2007-10-14,56200.0,
2007-10-15,53600.0,
2007-10-16,52100.0,
2007-10-17,50800.0,
2007-10-18,51400.0,
2007-10-19,52800.0,
2007-10-20,53900.0,
2007-10-21,55100.0,
2007-10-22,57900.0,
2007-10-23,61300.0,
2007-10-24,66400.0,
2007-10-25,70000.0,
2007-10-26,71200.0,
2007-10-27,72200.0,
2007-10-28,72400.0,
2007-10-29,72100.0,
2007-10-30,71100.0,
2007-10-31,70400.0,
2007-11-01,65800.0,
2007-11-02,62400.0,
2007-11-03,58400.0,
2007-11-04,53900.0,
2007-11-05,50300.0,
2007-11-06,47000.0,
2007-11-07,41400.0,
2007-11-08,39600.0,
2007-11-09,38000.0,
2007-11-10,34900.0,
2007-11-11,32000.0,
2007-11-12,32800.0,
2007-11-13,33100.0,
2007-11-14,32800.0,
2007-11-15,32400.0,
2007-11-16,29900.0,
2007-11-17,28300.0,
2007-11-18,27500.0,
2007-11-19,26700.0,
2007-11-20,28600.0,
2007-11-21,29800.0,
2007-11-22,30000.0,
2007-11-23,28300.0,
2007-11-24,25000.0,
2007-11-25,24900.0,
2007-11-26,26200.0,
2007-11-27,25100.0,
2007-11-28,22600.0,
2007-11-29,22500.0,
2007-11-30,16700.0,
2007-12-01,15000.0,
2007-12-02,15800.0,
2007-12-03,19900.0,
2007-12-04,21000.0,
2007-12-05,17800.0,
2007-12-06,17500.0,
2007-12-07,18100.0,
2007-12-08,22800.0,
2007-12-09,26700.0,
2007-12-10,28600.0,
2007-12-11,29700.0,
2007-12-12,29900.0,
2007-12-13,29600.0,
2007-12-14,29100.0,
2007-12-15,28900.0,
2007-12-16,28800.0,
2007-12-17,28900.0,
2007-12-18,28900.0,
2007-12-19,28900.0,
2007-12-20,28900.0,
2007-12-21,28800.0,
2007-12-22,28900.0,
2007-12-23,30100.0,
2007-12-24,29200.0,
2007-12-25,29200.0,
2007-12-26,29000.0,
2007-12-27,29000.0,
2007-12-28,28800.0,
2007-12-29,28600.0,
2007-12-30,29100.0,
2007-12-31,29000.0,
2008-01-01,28900.0,
2008-01-02,28800.0,
2008-01-03,28800.0,
2008-01-04,28400.0,
2008-01-05,28300.0,
2008-01-06,28100.0,
2008-01-07,28000.0,
2008-01-08,28400.0,
2008-01-09,28600.0,
2008-01-10,28500.0,
2008-01-11,28300.0,
2008-01-12,28300.0,
2008-01-13,28700.0,
2008-01-14,28600.0,
2008-01-15,28200.0,
2008-01-16,26900.0,
2008-01-17,25800.0,
2008-01-18,24800.0,
2008-01-19,23800.0,
2008-01-20,22900.0,
2008-01-21,22700.0,
2008-01-22,22600.0,
2008-01-23,22400.0,
2008-01-24,22100.0,
2008-01-25,22000.0,
2008-01-26,22100.0,
2008-01-27,22300.0,
2008-01-28,22700.0,
2008-01-29,22700.0,
2008-01-30,22600.0,
2008-01-31,22600.0,
2008-02-01,22700.0,
2008-02-02,22800.0,
2008-02-03,22700.0,
2008-02-04,23000.0,
2008-02-05,23500.0,
2008-02-06,24000.0,
2008-02-07,24700.0,
2008-02-08,24900.0,
2008-02-09,24500.0,
2008-02-10,23700.0,
2008-02-11,23400.0,
2008-02-12,23000.0,
2008-02-13,22400.0,
2008-02-14,22200.0,
2008-02-15,22200.0,
2008-02-16,22200.0,
2008-02-17,22400.0,
2008-02-18,22500.0,
2008-02-19,22500.0,
2008-02-20,22400.0,
2008-02-21,22500.0,
2008-02-22,22500.0,
2008-02-23,22500.0,
2008-02-24,22800.0,
2008-02-25,22800.0,
2008-02-26,22900.0,
2008-02-27,22800.0,
2008-02-28,22800.0,
2008-02-29,22900.0,
2008-03-01,22800.0,
2008-03-02,22900.0,
2008-03-03,23000.0,
2008-03-04,22600.0,
2008-03-05,22500.0,
2008-03-06,22300.0,
2008-03-07,21900.0,
2008-03-08,21800.0,
2008-03-09,22200.0,
2008-03-10,22200.0,
2008-03-11,22200.0,
2008-03-12,21600.0,
2008-03-13,21400.0,
2008-03-14,21800.0,
2008-03-15,24600.0,
2008-03-16,29600.0,
2008-03-17,34100.0,
2008-03-18,36500.0,
2008-03-19,36000.0,
2008-03-20,35100.0,
2008-03-21,35000.0,
2008-03-22,34900.0,
2008-03-23,36100.0,
2008-03-24,38100.0,
2008-03-25,39200.0,
2008-03-26,39200.0,
2008-03-27,36600.0,
2008-03-28,33800.0,
2008-03-29,33600.0,
2008-03-30,35200.0,
2008-03-31,38300.0,
2008-04-01,43100.0,
2008-04-02,44800.0,
2008-04-03,48200.0,
2008-04-04,51700.0,
2008-04-05,53600.0,
2008-04-06,54400.0,
2008-04-07,55500.0,
2008-04-08,56700.0,
2008-04-09,59300.0,
2008-04-10,65000.0,
2008-04-11,72800.0,
2008-04-12,77000.0,
2008-04-13,81600.0,
2008-04-14,85300.0,
2008-04-15,87500.0,
2008-04-16,90300.0,
2008-04-17,91800.0,
2008-04-18,91200.0,
2008-04-19,89900.0,
2008-04-20,89600.0,
2008-04-21,89600.0,
2008-04-22,90700.0,
2008-04-23,92800.0,
2008-04-24,95400.0,
2008-04-25,97700.0,
2008-04-26,101000.0,
2008-04-27,101000.0,
2008-04-28,103000.0,
2008-04-29,102000.0,
2008-04-30,100000.0,
2008-05-01,101000.0,
2008-05-02,102000.0,
2008-05-03,102000.0,
2008-05-04,101000.0,
2008-05-05,101000.0,
2008-05-06,99800.0,
2008-05-07,99800.0,
2008-05-08,98900.0,
2008-05-09,99200.0,
2008-05-10,99600.0,
2008-05-11,100000.0,
2008-05-12,99500.0,
2008-05-13,97200.0,
2008-05-14,94400.0,
2008-05-15,92200.0,
2008-05-16,90000.0,
2008-05-17,88000.0,
2008-05-18,85600.0,
2008-05-19,82700.0,
2008-05-20,80900.0,
2008-05-21,78000.0,
2008-05-22,75300.0,
2008-05-23,72500.0,
2008-05-24,69200.0,
2008-05-25,64100.0,
2008-05-26,60500.0,
2008-05-27,57400.0,
2008-05-28,53900.0,
2008-05-29,51500.0,
2008-05-30,51400.0,
2008-05-31,52900.0,
2008-06-01,52700.0,
2008-06-02,51700.0,
2008-06-03,51500.0,
2008-06-04,51700.0,
2008-06-05,54300.0,
2008-06-06,54100.0,
2008-06-07,53000.0,
2008-06-08,60600.0,
2008-06-09,81900.0,
2008-06-10,94200.0,
2008-06-11,94800.0,
2008-06-12,97000.0,
2008-06-13,97600.0,
2008-06-14,96400.0,
2008-06-15,95400.0,
2008-06-16,96100.0,
2008-06-17,97000.0,
2008-06-18,97000.0,
2008-06-19,95300.0,
2008-06-20,94500.0,
2008-06-21,92800.0,
2008-06-22,90700.0,
2008-06-23,88300.0,
2008-06-24,85600.0,
2008-06-25,83300.0,
2008-06-26,80500.0,
2008-06-27,77800.0,
2008-06-28,74700.0,
2008-06-29,71200.0,
2008-06-30,65400.0,
2008-07-01,58600.0,
2008-07-02,52700.0,
2008-07-03,47400.0,
2008-07-04,44300.0,
2008-07-05,42500.0,
2008-07-06,39600.0,
2008-07-07,40900.0,
2008-07-08,44800.0,
2008-07-09,42400.0,
2008-07-10,36400.0,
2008-07-11,34400.0,
2008-07-12,36300.0,
2008-07-13,37600.0,
2008-07-14,38200.0,
2008-07-15,31700.0,
2008-07-16,28900.0,
2008-07-17,31400.0,
2008-07-18,34300.0,
2008-07-19,34500.0,
2008-07-20,32600.0,
2008-07-21,30900.0,
2008-07-22,30000.0,
2008-07-23,31200.0,
2008-07-24,31700.0,
2008-07-25,30800.0,
2008-07-26,28700.0,
2008-07-27,24500.0,
2008-07-28,22700.0,
2008-07-29,21300.0,
2008-07-30,20200.0,
2008-07-31,20400.0,
2008-08-01,20400.0,
2008-08-02,20500.0,
2008-08-03,19300.0,
2008-08-04,17000.0,
2008-08-05,16300.0,
2008-08-06,16400.0,
2008-08-07,19600.0,
2008-08-08,21500.0,
2008-08-09,20700.0,
2008-08-10,16100.0,
2008-08-11,12000.0,
2008-08-12,12200.0,
2008-08-13,14400.0,
2008-08-14,14400.0,
2008-08-15,14400.0,
2008-08-16,14800.0,
2008-08-17,15900.0,
2008-08-18,16400.0,
2008-08-19,15300.0,
2008-08-20,14000.0,
2008-08-21,12800.0,
2008-08-22,11400.0,
2008-08-23,11400.0,
2008-08-24,11200.0,
2008-08-25,12700.0,
2008-08-26,14500.0,
2008-08-27,16100.0,
2008-08-28,13200.0,
2008-08-29,13800.0,
2008-08-30,14800.0,
2008-08-31,18200.0,
2008-09-01,16600.0,
2008-09-02,14000.0,
2008-09-03,10600.0,
2008-09-04,11500.0,
2008-09-05,12200.0,
2008-09-06,13200.0,
2008-09-07,14700.0,
2008-09-08,16400.0,
2008-09-09,17300.0,
2008-09-10,14900.0,
2008-09-11,11700.0,
2008-09-12,10300.0,
2008-09-13,13200.0,
2008-09-14,15000.0,
2008-09-15,17300.0,
2008-09-16,14600.0,
2008-09-17,17000.0,
2008-09-18,17900.0,
2008-09-19,15800.0,
2008-09-20,15000.0,
2008-09-21,15400.0,
2008-09-22,13600.0,
2008-09-23,14100.0,
2008-09-24,14900.0,
2008-09-25,16000.0,
2008-09-26,15900.0,
2008-09-27,15500.0,
2008-09-28,14900.0,
2008-09-29,14400.0,
2008-09-30,14700.0,
2008-10-01,15000.0,
2008-10-02,15400.0,
2008-10-03,15700.0,
2008-10-04,15200.0,
2008-10-05,14300.0,
2008-10-06,12900.0,
2008-10-07,14000.0,
2008-10-08,17400.0,
2008-10-09,17500.0,
2008-10-10,17500.0,
2008-10-11,18700.0,
2008-10-12,21300.0,
2008-10-13,24400.0,
2008-10-14,24200.0,
2008-10-15,24700.0,
2008-10-16,25100.0,
2008-10-17,19800.0,
2008-10-18,17000.0,
2008-10-19,19300.0,
2008-10-20,21400.0,
2008-10-21,22300.0,
2008-10-22,18500.0,
2008-10-23,16900.0,
2008-10-24,17500.0,
2008-10-25,18400.0,
2008-10-26,20600.0,
2008-10-27,23700.0,
2008-10-28,21400.0,
2008-10-29,18600.0,
2008-10-30,15600.0,
2008-10-31,14100.0,
2008-11-01,17800.0,
2008-11-02,19700.0,
2008-11-03,20200.0,
2008-11-04,19700.0,
2008-11-05,20000.0,
2008-11-06,21600.0,
2008-11-07,24700.0,
2008-11-08,27500.0,
2008-11-09,26000.0,
2008-11-10,21500.0,
2008-11-11,18700.0,
2008-11-12,19300.0,
2008-11-13,22500.0,
2008-11-14,27600.0,
2008-11-15,28300.0,
2008-11-16,28400.0,
2008-11-17,28400.0,
2008-11-18,25600.0,
2008-11-19,22900.0,
2008-11-20,21400.0,
2008-11-21,19200.0,
2008-11-22,18100.0,
2008-11-23,17700.0,
2008-11-24,20000.0,
2008-11-25,20600.0,
2008-11-26,16900.0,
2008-11-27,14900.0,
2008-11-28,11000.0,
2008-11-29,10800.0,
2008-11-30,13600.0,
2008-12-01,16800.0,
2008-12-02,19600.0,
2008-12-03,19800.0,
2008-12-04,21700.0,
2008-12-05,22100.0,
2008-12-06,19400.0,
2008-12-07,18100.0,
2008-12-08,16800.0,
2008-12-09,18100.0,
2008-12-10,18500.0,
2008-12-11,16000.0,
2008-12-12,13100.0,
2008-12-13,14100.0,
2008-12-14,17600.0,
2008-12-15,17800.0,
2008-12-16,17700.0,
2008-12-17,18200.0,
2008-12-18,18400.0,
2008-12-19,20600.0,
2008-12-20,20700.0,
2008-12-21,20600.0,
2008-12-22,20300.0,
2008-12-23,20400.0,
2008-12-24,20100.0,
2008-12-25,19600.0,
2008-12-26,19800.0,
2008-12-27,20300.0,
2008-12-28,21200.0,
2008-12-29,22700.0,
2008-12-30,23200.0,
2008-12-31,22900.0,
2009-01-01,22000.0,
2009-01-02,21100.0,
2009-01-03,20500.0,
2009-01-04,19800.0,
2009-01-05,19000.0,
2009-01-06,18300.0,
2009-01-07,17800.0,
2009-01-08,17700.0,
2009-01-09,18000.0,
2009-01-10,18300.0,
2009-01-11,18600.0,
2009-01-12,19600.0,
2009-01-13,19400.0,
2009-01-14,19300.0,
2009-01-15,19200.0,
2009-01-16,18600.0,
2009-01-17,18100.0,
2009-01-18,18000.0,
2009-01-19,17900.0,
2009-01-20,17800.0,
2009-01-21,17800.0,
2009-01-22,17900.0,
2009-01-23,18800.0,
2009-01-24,19100.0,
2009-01-25,20500.0,
2009-01-26,21700.0,
2009-01-27,20500.0,
2009-01-28,18600.0,
2009-01-29,17500.0,
2009-01-30,16400.0,
2009-01-31,16300.0,
2009-02-01,16500.0,
2009-02-02,16800.0,
2009-02-03,16800.0,
2009-02-04,17600.0,
2009-02-05,17900.0,
2009-02-06,18400.0,
2009-02-07,18100.0,
2009-02-08,17600.0,
2009-02-09,17100.0,
2009-02-10,17400.0,
2009-02-11,23200.0,
2009-02-12,30900.0,
2009-02-13,35800.0,
2009-02-14,38900.0,
2009-02-15,39800.0,
2009-02-16,39600.0,
2009-02-17,36900.0,
2009-02-18,35000.0,
2009-02-19,30700.0,
2009-02-20,26200.0,
2009-02-21,26900.0,
2009-02-22,26800.0,
2009-02-23,25600.0,
2009-02-24,24500.0,
2009-02-25,23000.0,
2009-02-26,23300.0,
2009-02-27,25000.0,
2009-02-28,23900.0,
2009-03-01,23500.0,
2009-03-02,23200.0,
2009-03-03,23500.0,
2009-03-04,22000.0,
2009-03-05,18900.0,
2009-03-06,19400.0,
2009-03-07,20900.0,
2009-03-08,25400.0,
2009-03-09,33600.0,
2009-03-10,37500.0,
2009-03-11,35400.0,
2009-03-12,32800.0,
2009-03-13,30100.0,
2009-03-14,29800.0,
2009-03-15,29000.0,
2009-03-16,28400.0,
2009-03-17,29300.0,
2009-03-18,33200.0,
2009-03-19,38000.0,
2009-03-20,40700.0,
2009-03-21,42600.0,
2009-03-22,44400.0,
2009-03-23,45500.0,
2009-03-24,47300.0,
2009-03-25,51400.0,
2009-03-26,55000.0,
2009-03-27,59200.0,
2009-03-28,62700.0,
2009-03-29,65400.0,
2009-03-30,69400.0,
2009-03-31,72000.0,
2009-04-01,76100.0,
2009-04-02,79000.0,
2009-04-03,82600.0,
2009-04-04,84400.0,
2009-04-05,85700.0,
2009-04-06,86500.0,
2009-04-07,85700.0,
2009-04-08,84700.0,
2009-04-09,83300.0,
2009-04-10,81500.0,
2009-04-11,79300.0,
2009-04-12,76900.0,
2009-04-13,75100.0,
2009-04-14,73600.0,
2009-04-15,71600.0,
2009-04-16,67400.0,
2009-04-17,65400.0,
2009-04-18,62800.0,
2009-04-19,62400.0,
2009-04-20,60100.0,
2009-04-21,58900.0,
2009-04-22,55500.0,
2009-04-23,52200.0,
2009-04-24,51000.0,
2009-04-25,50900.0,
2009-04-26,53300.0,
2009-04-27,58200.0,
2009-04-28,60000.0,
2009-04-29,58900.0,
2009-04-30,58400.0,
2009-05-01,59900.0,
2009-05-02,62200.0,
2009-05-03,63500.0,
2009-05-04,63100.0,
2009-05-05,59700.0,
2009-05-06,56700.0,
2009-05-07,54100.0,
2009-05-08,51300.0,
2009-05-09,51300.0,
2009-05-10,49000.0,
2009-05-11,45600.0,
2009-05-12,44600.0,
2009-05-13,43800.0,
2009-05-14,43900.0,
2009-05-15,43300.0,
2009-05-16,42500.0,
2009-05-17,41500.0,
2009-05-18,39600.0,
2009-05-19,36000.0,
2009-05-20,34500.0,
2009-05-21,34700.0,
2009-05-22,35500.0,
2009-05-23,35300.0,
2009-05-24,34600.0,
2009-05-25,33300.0,
2009-05-26,32400.0,
2009-05-27,32400.0,
2009-05-28,32600.0,
2009-05-29,32300.0,
2009-05-30,32500.0,
2009-05-31,32600.0,
2009-06-01,31200.0,
2009-06-02,24500.0,
2009-06-03,23100.0,
2009-06-04,26100.0,
2009-06-05,25700.0,
2009-06-06,23300.0,
2009-06-07,22800.0,
2009-06-08,24400.0,
2009-06-09,27200.0,
2009-06-10,28900.0,
2009-06-11,31400.0,
2009-06-12,31600.0,
2009-06-13,31700.0,
2009-06-14,31900.0,
2009-06-15,30100.0,
2009-06-16,27200.0,
2009-06-17,26700.0,
2009-06-18,28300.0,
2009-06-19,32700.0,
2009-06-20,34000.0,
2009-06-21,34700.0,
2009-06-22,33900.0,
2009-06-23,30700.0,
2009-06-24,26500.0,
2009-06-25,26400.0,
2009-06-26,29200.0,
2009-06-27,29000.0,
2009-06-28,28500.0,
2009-06-29,28300.0,
2009-06-30,27600.0,
2009-07-01,25100.0,
2009-07-02,21100.0,
2009-07-03,18600.0,
2009-07-04,18000.0,
2009-07-05,17600.0,
2009-07-06,17400.0,
2009-07-07,16900.0,
2009-07-08,17600.0,
2009-07-09,16600.0,
2009-07-10,12700.0,
2009-07-11,12700.0,
2009-07-12,13800.0,
2009-07-13,14800.0,
2009-07-14,15200.0,
2009-07-15,13000.0,
2009-07-16,10300.0,
2009-07-17,9030.0,
2009-07-18,11700.0,
2009-07-19,14600.0,
2009-07-20,16300.0,
2009-07-21,16400.0,
2009-07-22,14600.0,
2009-07-23,14300.0,
2009-07-24,16400.0,
2009-07-25,19400.0,
2009-07-26,20600.0,
2009-07-27,19800.0,
2009-07-28,14400.0,
2009-07-29,12100.0,
2009-07-30,11800.0,
2009-07-31,15800.0,
2009-08-01,16700.0,
2009-08-02,17000.0,
2009-08-03,15200.0,
2009-08-04,11200.0,
2009-08-05,10100.0,
2009-08-06,9400.0,
2009-08-07,11100.0,
2009-08-08,13000.0,
2009-08-09,19800.0,
2009-08-10,24800.0,
2009-08-11,28800.0,
2009-08-12,27000.0,
2009-08-13,21400.0,
2009-08-14,16900.0,
2009-08-15,17400.0,
2009-08-16,19100.0,
2009-08-17,22500.0,
2009-08-18,25900.0,
2009-08-19,24000.0,
2009-08-20,22200.0,
2009-08-21,22900.0,
2009-08-22,25600.0,
2009-08-23,26300.0,
2009-08-24,26500.0,
2009-08-25,25500.0,
2009-08-26,24900.0,
2009-08-27,26500.0,
2009-08-28,25100.0,
2009-08-29,20500.0,
2009-08-30,18500.0,
2009-08-31,17200.0,
2009-09-01,17300.0,
2009-09-02,16900.0,
2009-09-03,17100.0,
2009-09-04,15600.0,
2009-09-05,16000.0,
2009-09-06,16200.0,
2009-09-07,15300.0,
2009-09-08,14200.0,
2009-09-09,12400.0,
2009-09-10,10800.0,
2009-09-11,10000.0,
2009-09-12,10300.0,
2009-09-13,10400.0,
2009-09-14,10400.0,
2009-09-15,10200.0,
2009-09-16,10800.0,
2009-09-17,10600.0,
2009-09-18,10900.0,
2009-09-19,10900.0,
2009-09-20,11200.0,
2009-09-21,10900.0,
2009-09-22,10100.0,
2009-09-23,10300.0,
2009-09-24,10300.0,
2009-09-25,10500.0,
2009-09-26,11200.0,
2009-09-27,11500.0,
2009-09-28,13300.0,
2009-09-29,13100.0,
2009-09-30,11600.0,
2009-10-01,10700.0,
2009-10-02,9470.0,
2009-10-03,9930.0,
2009-10-04,13100.0,
2009-10-05,16500.0,
2009-10-06,19400.0,
2009-10-07,20400.0,
2009-10-08,21100.0,
2009-10-09,21000.0,
2009-10-10,21200.0,
2009-10-11,22100.0,
2009-10-12,23500.0,
2009-10-13,24200.0,
2009-10-14,24100.0,
2009-10-15,24000.0,
2009-10-16,24200.0,
2009-10-17,24200.0,
2009-10-18,23300.0,
2009-10-19,21500.0,
2009-10-20,19300.0,
2009-10-21,17500.0,
2009-10-22,18400.0,
2009-10-23,26300.0,
2009-10-24,33300.0,
2009-10-25,36000.0,
2009-10-26,39600.0,
2009-10-27,41900.0,
2009-10-28,43000.0,
2009-10-29,44000.0,
2009-10-30,46100.0,
2009-10-31,47200.0,
2009-11-01,46800.0,
2009-11-02,47100.0,
2009-11-03,46900.0,
2009-11-04,45800.0,
2009-11-05,45100.0,
2009-11-06,44000.0,
2009-11-07,43100.0,
2009-11-08,43800.0,
2009-11-09,43900.0,
2009-11-10,43200.0,
2009-11-11,41700.0,
2009-11-12,39300.0,
2009-11-13,37500.0,
2009-11-14,36800.0,
2009-11-15,36800.0,
2009-11-16,36600.0,
2009-11-17,35700.0,
2009-11-18,32900.0,
2009-11-19,31900.0,
2009-11-20,31800.0,
2009-11-21,31600.0,
2009-11-22,31500.0,
2009-11-23,31500.0,
2009-11-24,31500.0,
2009-11-25,30900.0,
2009-11-26,30100.0,
2009-11-27,29600.0,
2009-11-28,29000.0,
2009-11-29,28200.0,
2009-11-30,28300.0,
2009-12-01,28300.0,
2009-12-02,28100.0,
2009-12-03,28300.0,
2009-12-04,28000.0,
2009-12-05,27600.0,
2009-12-06,26600.0,
2009-12-07,22500.0,
2009-12-08,20700.0,
2009-12-09,20000.0,
2009-12-10,15700.0,
2009-12-11,15400.0,
2009-12-12,15500.0,
2009-12-13,15200.0,
2009-12-14,13700.0,
2009-12-15,13400.0,
2009-12-16,14000.0,
2009-12-17,17000.0,
2009-12-18,19500.0,
2009-12-19,21600.0,
2009-12-20,22900.0,
2009-12-21,24100.0,
2009-12-22,25100.0,
2009-12-23,25800.0,
2009-12-24,26300.0,
2009-12-25,26900.0,
2009-12-26,27200.0,
2009-12-27,27200.0,
2009-12-28,26800.0,
2009-12-29,26400.0,
2009-12-30,25600.0,
2009-12-31,25000.0,
2010-01-01,24600.0,
2010-01-02,23500.0,
2010-01-03,21700.0,
2010-01-04,20400.0,
2010-01-05,19700.0,
2010-01-06,19600.0,
2010-01-07,19500.0,
2010-01-08,19700.0,
2010-01-09,19700.0,
2010-01-10,19900.0,
2010-01-11,20200.0,
2010-01-12,20400.0,
2010-01-13,21300.0,
2010-01-14,21600.0,
2010-01-15,21500.0,
2010-01-16,21300.0,
2010-01-17,21200.0,
2010-01-18,21300.0,
2010-01-19,21200.0,
2010-01-20,21000.0,
2010-01-21,20300.0,
2010-01-22,19800.0,
2010-01-23,19800.0,
2010-01-24,20400.0,
2010-01-25,22900.0,
2010-01-26,23800.0,
2010-01-27,22900.0,
2010-01-28,22800.0,
2010-01-29,22000.0,
2010-01-30,20800.0,
2010-01-31,19900.0,
2010-02-01,20000.0,
2010-02-02,20000.0,
2010-02-03,20000.0,
2010-02-04,20700.0,
2010-02-05,22300.0,
2010-02-06,22900.0,
2010-02-07,22700.0,
2010-02-08,22300.0,
2010-02-09,21300.0,
2010-02-10,21300.0,
2010-02-11,21200.0,
2010-02-12,20300.0,
2010-02-13,19500.0,
2010-02-14,19000.0,
2010-02-15,19100.0,
2010-02-16,19400.0,
2010-02-17,20100.0,
2010-02-18,20900.0,
2010-02-19,20900.0,
2010-02-20,20600.0,
2010-02-21,20500.0,
2010-02-22,20400.0,
2010-02-23,19200.0,
2010-02-24,18700.0,
2010-02-25,19000.0,
2010-02-26,19600.0,
2010-02-27,19700.0,
2010-02-28,19500.0,
2010-03-01,19500.0,
2010-03-02,19500.0,
2010-03-03,19600.0,
2010-03-04,19700.0,
2010-03-05,20100.0,
2010-03-06,19900.0,
2010-03-07,19500.0,
2010-03-08,18500.0,
2010-03-09,18900.0,
2010-03-10,23400.0,
2010-03-11,29700.0,
2010-03-12,37200.0,
2010-03-13,45000.0,
2010-03-14,53400.0,
2010-03-15,62000.0,
2010-03-16,70600.0,
2010-03-17,77800.0,
2010-03-18,82800.0,
2010-03-19,88400.0,
2010-03-20,92600.0,
2010-03-21,95100.0,
2010-03-22,96400.0,
2010-03-23,97500.0,
2010-03-24,98500.0,
2010-03-25,99900.0,
2010-03-26,101000.0,
2010-03-27,104000.0,
2010-03-28,108000.0,
2010-03-29,110000.0,
2010-03-30,110000.0,
2010-03-31,111000.0,
2010-04-01,109000.0,
2010-04-02,108000.0,
2010-04-03,105000.0,
2010-04-04,102000.0,
2010-04-05,97600.0,
2010-04-06,95200.0,
2010-04-07,92300.0,
2010-04-08,89600.0,
2010-04-09,86600.0,
2010-04-10,84400.0,
2010-04-11,82300.0,
2010-04-12,80100.0,
2010-04-13,76300.0,
2010-04-14,72300.0,
2010-04-15,67300.0,
2010-04-16,65000.0,
2010-04-17,61400.0,
2010-04-18,59200.0,
2010-04-19,57800.0,
2010-04-20,56600.0,
2010-04-21,54400.0,
2010-04-22,52900.0,
2010-04-23,49900.0,
2010-04-24,48000.0,
2010-04-25,47900.0,
2010-04-26,47300.0,
2010-04-27,46000.0,
2010-04-28,43400.0,
2010-04-29,40400.0,
2010-04-30,38800.0,
2010-05-01,37600.0,
2010-05-02,40200.0,
2010-05-03,41100.0,
2010-05-04,40600.0,
2010-05-05,39700.0,
2010-05-06,37900.0,
2010-05-07,36300.0,
2010-05-08,36000.0,
2010-05-09,35500.0,
2010-05-10,35900.0,
2010-05-11,36300.0,
2010-05-12,36500.0,
2010-05-13,38300.0,
2010-05-14,41100.0,
2010-05-15,43300.0,
2010-05-16,45800.0,
2010-05-17,48000.0,
2010-05-18,50300.0,
2010-05-19,52800.0,
2010-05-20,54300.0,
2010-05-21,55000.0,
2010-05-22,55400.0,
2010-05-23,54200.0,
2010-05-24,51000.0,
2010-05-25,48300.0,
2010-05-26,46900.0,
2010-05-27,45600.0,
2010-05-28,43800.0,
2010-05-29,40600.0,
2010-05-30,37700.0,
2010-05-31,34600.0,
2010-06-01,32400.0,
2010-06-02,31900.0,
2010-06-03,30900.0,
2010-06-04,29900.0,
2010-06-05,29100.0,
2010-06-06,29000.0,
2010-06-07,28900.0,
2010-06-08,29200.0,
2010-06-09,29800.0,
2010-06-10,29600.0,
2010-06-11,29200.0,
2010-06-12,31200.0,
2010-06-13,34900.0,
2010-06-14,35700.0,
2010-06-15,38000.0,
2010-06-16,42200.0,
2010-06-17,45500.0,
2010-06-18,48400.0,
2010-06-19,51300.0,
2010-06-20,53600.0,
2010-06-21,56100.0,
2010-06-22,58700.0,
2010-06-23,62700.0,
2010-06-24,66700.0,
2010-06-25,70900.0,
2010-06-26,71600.0,
2010-06-27,71400.0,
2010-06-28,71900.0,
2010-06-29,73400.0,
2010-06-30,75800.0,
2010-07-01,77700.0,
2010-07-02,79200.0,
2010-07-03,78800.0,
2010-07-04,77000.0,
2010-07-05,75800.0,
2010-07-06,74200.0,
2010-07-07,73200.0,
2010-07-08,72000.0,
2010-07-09,70000.0,
2010-07-10,67500.0,
2010-07-11,66700.0,
2010-07-12,66300.0,
2010-07-13,65500.0,
2010-07-14,64100.0,
2010-07-15,63100.0,
2010-07-16,61500.0,
2010-07-17,59900.0,
2010-07-18,59700.0,
2010-07-19,60100.0,
2010-07-20,62100.0,
2010-07-21,63100.0,
2010-07-22,66300.0,
2010-07-23,67000.0,
2010-07-24,66900.0,
2010-07-25,65300.0,
2010-07-26,62600.0,
2010-07-27,59700.0,
2010-07-28,57900.0,
2010-07-29,56300.0,
2010-07-30,56000.0,
2010-07-31,55600.0,
2010-08-01,54100.0,
2010-08-02,53100.0,
2010-08-03,53300.0,
2010-08-04,53500.0,
2010-08-05,51300.0,
2010-08-06,46500.0,
2010-08-07,41100.0,
2010-08-08,38000.0,
2010-08-09,41300.0,
2010-08-10,42200.0,
2010-08-11,41700.0,
2010-08-12,40400.0,
2010-08-13,40700.0,
2010-08-14,46400.0,
2010-08-15,55700.0,
2010-08-16,62900.0,
2010-08-17,70500.0,
2010-08-18,74500.0,
2010-08-19,77300.0,
2010-08-20,79200.0,
2010-08-21,79600.0,
2010-08-22,78000.0,
2010-08-23,74600.0,
2010-08-24,70400.0,
2010-08-25,63300.0,
2010-08-26,58900.0,
2010-08-27,55500.0,
2010-08-28,52800.0,
2010-08-29,50600.0,
2010-08-30,48000.0,
2010-08-31,45900.0,
2010-09-01,48100.0,
2010-09-02,46500.0,
2010-09-03,45400.0,
2010-09-04,43900.0,
2010-09-05,41600.0,
2010-09-06,38800.0,
2010-09-07,38200.0,
2010-09-08,38200.0,
2010-09-09,39100.0,
2010-09-10,39000.0,
2010-09-11,38600.0,
2010-09-12,38500.0,
2010-09-13,38400.0,
2010-09-14,38600.0,
2010-09-15,38700.0,
2010-09-16,40300.0,
2010-09-17,41600.0,
2010-09-18,43100.0,
2010-09-19,44400.0,
2010-09-20,46500.0,
2010-09-21,51500.0,
2010-09-22,55700.0,
2010-09-23,61300.0,
2010-09-24,69200.0,
2010-09-25,75900.0,
2010-09-26,88300.0,
2010-09-27,109000.0,
2010-09-28,128000.0,
2010-09-29,136000.0,
2010-09-30,140000.0,
2010-10-01,143000.0,
2010-10-02,143000.0,
2010-10-03,141000.0,
2010-10-04,136000.0,
2010-10-05,131000.0,
2010-10-06,127000.0,
2010-10-07,124000.0,
2010-10-08,122000.0,
2010-10-09,120000.0,
2010-10-10,117000.0,
2010-10-11,113000.0,
2010-10-12,110000.0,
2010-10-13,105000.0,
2010-10-14,100000.0,
2010-10-15,94800.0,
2010-10-16,90100.0,
2010-10-17,85500.0,
2010-10-18,81200.0,
2010-10-19,76400.0,
2010-10-20,72300.0,
2010-10-21,65800.0,
2010-10-22,57700.0,
2010-10-23,51800.0,
2010-10-24,50500.0,
2010-10-25,49200.0,
2010-10-26,48600.0,
2010-10-27,48400.0,
2010-10-28,48100.0,
2010-10-29,49800.0,
2010-10-30,55100.0,
2010-10-31,62100.0,
2010-11-01,70100.0,
2010-11-02,74000.0,
2010-11-03,77800.0,
2010-11-04,81400.0,
2010-11-05,82700.0,
2010-11-06,82900.0,
2010-11-07,83200.0,
2010-11-08,82300.0,
2010-11-09,80400.0,
2010-11-10,77900.0,
2010-11-11,76000.0,
2010-11-12,73300.0,
2010-11-13,70600.0,
2010-11-14,69800.0,
2010-11-15,68100.0,
2010-11-16,66300.0,
2010-11-17,67400.0,
2010-11-18,66500.0,
2010-11-19,66300.0,
2010-11-20,67500.0,
2010-11-21,67700.0,
2010-11-22,68100.0,
2010-11-23,64500.0,
2010-11-24,58700.0,
2010-11-25,57400.0,
2010-11-26,54900.0,
2010-11-27,50400.0,
2010-11-28,47300.0,
2010-11-29,45400.0,
2010-11-30,44500.0,
2010-12-01,42700.0,
2010-12-02,42200.0,
2010-12-03,38700.0,
2010-12-04,32400.0,
2010-12-05,29300.0,
2010-12-06,27100.0,
2010-12-07,26800.0,
2010-12-08,27200.0,
2010-12-09,29800.0,
2010-12-10,34400.0,
2010-12-11,35400.0,
2010-12-12,36100.0,
2010-12-13,33900.0,
2010-12-14,36000.0,
2010-12-15,37400.0,
2010-12-16,37300.0,
2010-12-17,36600.0,
2010-12-18,36000.0,
2010-12-19,34400.0,
2010-12-20,34800.0,
2010-12-21,37500.0,
2010-12-22,38400.0,
2010-12-23,39100.0,
2010-12-24,39100.0,
2010-12-25,38700.0,
2010-12-26,38700.0,
2010-12-27,39500.0,
2010-12-28,39100.0,
2010-12-29,39000.0,
2010-12-30,38300.0,
2010-12-31,38100.0,
2011-01-01,38800.0,
2011-01-02,39300.0,
2011-01-03,39100.0,
2011-01-04,38900.0,
2011-01-05,38700.0,
2011-01-06,39800.0,
2011-01-07,41200.0,
2011-01-08,42300.0,
2011-01-09,43100.0,
2011-01-10,44300.0,
2011-01-11,45900.0,
2011-01-12,46800.0,
2011-01-13,46800.0,
2011-01-14,45700.0,
2011-01-15,44600.0,
2011-01-16,44800.0,
2011-01-17,42000.0,
2011-01-18,40600.0,
2011-01-19,39300.0,
2011-01-20,36800.0,
2011-01-21,36600.0,
2011-01-22,35800.0,
2011-01-23,35000.0,
2011-01-24,34400.0,
2011-01-25,33900.0,
2011-01-26,33400.0,
2011-01-27,33000.0,
2011-01-28,33900.0,
2011-01-29,34900.0,
2011-01-30,35300.0,
2011-01-31,35400.0,
2011-02-01,35400.0,
2011-02-02,35400.0,
2011-02-03,35400.0,
2011-02-04,34200.0,
2011-02-05,32700.0,
2011-02-06,31800.0,
2011-02-07,30500.0,
2011-02-08,30100.0,
2011-02-09,31200.0,
2011-02-10,31300.0,
2011-02-11,30700.0,
2011-02-12,30700.0,
2011-02-13,30400.0,
2011-02-14,30100.0,
2011-02-15,30200.0,
2011-02-16,32000.0,
2011-02-17,38500.0,
2011-02-18,45200.0,
2011-02-19,48900.0,
2011-02-20,53200.0,
2011-02-21,55300.0,
2011-02-22,56500.0,
2011-02-23,56500.0,
2011-02-24,56800.0,
2011-02-25,66300.0,
2011-02-26,68300.0,
2011-02-27,69800.0,
2011-02-28,69800.0,
2011-03-01,68500.0,
2011-03-02,66400.0,
2011-03-03,65000.0,
2011-03-04,64800.0,
2011-03-05,63700.0,
2011-03-06,61700.0,
2011-03-07,60000.0,
2011-03-08,56900.0,
2011-03-09,51800.0,
2011-03-10,47000.0,
2011-03-11,46300.0,
2011-03-12,45300.0,
2011-03-13,42600.0,
2011-03-14,39500.0,
2011-03-15,38300.0,
2011-03-16,37800.0,
2011-03-17,41200.0,
2011-03-18,44900.0,
2011-03-19,50100.0,
2011-03-20,59100.0,
2011-03-21,69200.0,
2011-03-22,73900.0,
2011-03-23,79900.0,
2011-03-24,87600.0,
2011-03-25,96000.0,
2011-03-26,103000.0,
2011-03-27,108000.0,
2011-03-28,111000.0,
2011-03-29,112000.0,
2011-03-30,114000.0,
2011-03-31,117000.0,
2011-04-01,121000.0,
2011-04-02,124000.0,
2011-04-03,126000.0,
2011-04-04,128000.0,
2011-04-05,128000.0,
2011-04-06,128000.0,
2011-04-07,129000.0,
2011-04-08,130000.0,
2011-04-09,133000.0,
2011-04-10,138000.0,
2011-04-11,145000.0,
2011-04-12,152000.0,
2011-04-13,160000.0,
2011-04-14,167000.0,
2011-04-15,173000.0,
2011-04-16,179000.0,
2011-04-17,181000.0,
2011-04-18,179000.0,
2011-04-19,175000.0,
2011-04-20,168000.0,
2011-04-21,158000.0,
2011-04-22,148000.0,
2011-04-23,141000.0,
2011-04-24,132000.0,
2011-04-25,124000.0,
2011-04-26,119000.0,
2011-04-27,115000.0,
2011-04-28,112000.0,
2011-04-29,110000.0,
2011-04-30,109000.0,
2011-05-01,109000.0,
2011-05-02,109000.0,
2011-05-03,109000.0,
2011-05-04,108000.0,
2011-05-05,107000.0,
2011-05-06,106000.0,
2011-05-07,105000.0,
2011-05-08,103000.0,
2011-05-09,100000.0,
2011-05-10,98800.0,
2011-05-11,97100.0,
2011-05-12,95600.0,
2011-05-13,95200.0,
2011-05-14,94600.0,
2011-05-15,94000.0,
2011-05-16,93300.0,
2011-05-17,92000.0,
2011-05-18,91200.0,
2011-05-19,89700.0,
2011-05-20,87800.0,
2011-05-21,86000.0,
2011-05-22,84200.0,
2011-05-23,83000.0,
2011-05-24,81400.0,
2011-05-25,81600.0,
2011-05-26,81400.0,
2011-05-27,81900.0,
2011-05-28,83500.0,
2011-05-29,85700.0,
2011-05-30,87200.0,
2011-05-31,89400.0,
2011-06-01,90200.0,
2011-06-02,89500.0,
2011-06-03,89500.0,
2011-06-04,89600.0,
2011-06-05,89500.0,
2011-06-06,88900.0,
2011-06-07,88100.0,
2011-06-08,87200.0,
2011-06-09,86100.0,
2011-06-10,85000.0,
2011-06-11,83700.0,
2011-06-12,81300.0,
2011-06-13,78600.0,
2011-06-14,75500.0,
2011-06-15,73100.0,
2011-06-16,71000.0,
2011-06-17,66900.0,
2011-06-18,65100.0,
2011-06-19,65300.0,
2011-06-20,68400.0,
2011-06-21,69000.0,
2011-06-22,69600.0,
2011-06-23,70700.0,
2011-06-24,72700.0,
2011-06-25,75900.0,
2011-06-26,79500.0,
2011-06-27,82900.0,
2011-06-28,85900.0,
2011-06-29,87400.0,
2011-06-30,87900.0,
2011-07-01,88000.0,
2011-07-02,88200.0,
2011-07-03,87600.0,
2011-07-04,86700.0,
2011-07-05,85300.0,
2011-07-06,83800.0,
2011-07-07,81900.0,
2011-07-08,80200.0,
2011-07-09,78100.0,
2011-07-10,76100.0,
2011-07-11,75100.0,
2011-07-12,73900.0,
2011-07-13,72700.0,
2011-07-14,70800.0,
2011-07-15,66600.0,
2011-07-16,64700.0,
2011-07-17,63700.0,
2011-07-18,64300.0,
2011-07-19,67500.0,
2011-07-20,70800.0,
2011-07-21,73700.0,
2011-07-22,74700.0,
2011-07-23,75000.0,
2011-07-24,75900.0,
2011-07-25,77200.0,
2011-07-26,78400.0,
2011-07-27,79300.0,
2011-07-28,80400.0,
2011-07-29,81000.0,
2011-07-30,81300.0,
2011-07-31,81400.0,
2011-08-01,81100.0,
2011-08-02,80400.0,
2011-08-03,79200.0,
2011-08-04,76600.0,
2011-08-05,74300.0,
2011-08-06,72700.0,
2011-08-07,72400.0,
2011-08-08,73500.0,
2011-08-09,75300.0,
2011-08-10,76000.0,
2011-08-11,76100.0,
2011-08-12,75900.0,
2011-08-13,76200.0,
2011-08-14,76100.0,
2011-08-15,75200.0,
2011-08-16,73400.0,
2011-08-17,70500.0,
2011-08-18,65400.0,
2011-08-19,62000.0,
2011-08-20,59600.0,
2011-08-21,56500.0,
2011-08-22,52800.0,
2011-08-23,52000.0,
2011-08-24,49800.0,
2011-08-25,46800.0,
2011-08-26,43100.0,
2011-08-27,42500.0,
2011-08-28,41900.0,
2011-08-29,41500.0,
2011-08-30,39100.0,
2011-08-31,37800.0,
2011-09-01,36500.0,
2011-09-02,35000.0,
2011-09-03,34700.0,
2011-09-04,35700.0,
2011-09-05,36500.0,
2011-09-06,35200.0,
2011-09-07,31200.0,
2011-09-08,28500.0,
2011-09-09,26300.0,
2011-09-10,26300.0,
2011-09-11,27000.0,
2011-09-12,25300.0,
2011-09-13,20900.0,
2011-09-14,20500.0,
2011-09-15,20200.0,
2011-09-16,20100.0,
2011-09-17,20000.0,
2011-09-18,19700.0,
2011-09-19,19500.0,
2011-09-20,21100.0,
2011-09-21,21100.0,
2011-09-22,21000.0,
2011-09-23,22300.0,
2011-09-24,23400.0,
2011-09-25,23400.0,
2011-09-26,23200.0,
2011-09-27,23500.0,
2011-09-28,23200.0,
2011-09-29,23200.0,
2011-09-30,23300.0,
2011-10-01,22400.0,
2011-10-02,21200.0,
2011-10-03,19800.0,
2011-10-04,20000.0,
2011-10-05,20000.0,
2011-10-06,20400.0,
2011-10-07,19600.0,
2011-10-08,19000.0,
2011-10-09,19100.0,
2011-10-10,18800.0,
2011-10-11,18300.0,
2011-10-12,18200.0,
2011-10-13,18200.0,
2011-10-14,20500.0,
2011-10-15,21300.0,
2011-10-16,21300.0,
2011-10-17,22400.0,
2011-10-18,22500.0,
2011-10-19,23700.0,
2011-10-20,23400.0,
2011-10-21,22900.0,
2011-10-22,20800.0,
2011-10-23,19800.0,
2011-10-24,19000.0,
2011-10-25,18700.0,
2011-10-26,19500.0,
2011-10-27,21600.0,
2011-10-28,21200.0,
2011-10-29,20500.0,
2011-10-30,20200.0,
2011-10-31,20500.0,
2011-11-01,20500.0,
2011-11-02,20700.0,
2011-11-03,21700.0,
2011-11-04,21600.0,
2011-11-05,20900.0,
2011-11-06,19400.0,
2011-11-07,18300.0,
2011-11-08,17700.0,
2011-11-09,18100.0,
2011-11-10,21100.0,
2011-11-11,22100.0,
2011-11-12,22600.0,
2011-11-13,22300.0,
2011-11-14,16600.0,
2011-11-15,14000.0,
2011-11-16,18000.0,
2011-11-17,19400.0,
2011-11-18,19300.0,
2011-11-19,18700.0,
2011-11-20,18800.0,
2011-11-21,19000.0,
2011-11-22,17600.0,
2011-11-23,18200.0,
2011-11-24,18300.0,
2011-11-25,18000.0,
2011-11-26,17700.0,
2011-11-27,19600.0,
2011-11-28,20700.0,
2011-11-29,19700.0,
2011-11-30,19900.0,
2011-12-01,20400.0,
2011-12-02,20200.0,
2011-12-03,19700.0,
2011-12-04,22600.0,
2011-12-05,23000.0,
2011-12-06,20100.0,
2011-12-07,16100.0,
2011-12-08,14900.0,
2011-12-09,14100.0,
2011-12-10,13400.0,
2011-12-11,13400.0,
2011-12-12,13400.0,
2011-12-13,15500.0,
2011-12-14,20800.0,
2011-12-15,27300.0,
2011-12-16,29900.0,
2011-12-17,29700.0,
2011-12-18,25600.0,
2011-12-19,23500.0,
2011-12-20,23500.0,
2011-12-21,22500.0,
2011-12-22,22200.0,
2011-12-23,22000.0,
2011-12-24,21200.0,
2011-12-25,19900.0,
2011-12-26,19900.0,
2011-12-27,19500.0,
2011-12-28,18800.0,
2011-12-29,19400.0,
2011-12-30,20800.0,
2011-12-31,21700.0,
2012-01-01,21400.0,
2012-01-02,20000.0,
2012-01-03,19100.0,
2012-01-04,18400.0,
2012-01-05,18200.0,
2012-01-06,18300.0,
2012-01-07,18300.0,
2012-01-08,18200.0,
2012-01-09,18400.0,
2012-01-10,20500.0,
2012-01-11,23000.0,
2012-01-12,23700.0,
2012-01-13,19400.0,
2012-01-14,17000.0,
2012-01-15,17400.0,
2012-01-16,17300.0,
2012-01-17,15600.0,
2012-01-18,14100.0,
2012-01-19,14200.0,
2012-01-20,15500.0,
2012-01-21,16300.0,
2012-01-22,16200.0,
2012-01-23,16300.0,
2012-01-24,16000.0,
2012-01-25,15800.0,
2012-01-26,17000.0,
2012-01-27,19300.0,
2012-01-28,20200.0,
2012-01-29,20800.0,
2012-01-30,21000.0,
2012-01-31,20900.0,
2012-02-01,19400.0,
2012-02-02,18900.0,
2012-02-03,19000.0,
2012-02-04,20100.0,
2012-02-05,20700.0,
2012-02-06,20600.0,
2012-02-07,19800.0,
2012-02-08,19200.0,
2012-02-09,19200.0,
2012-02-10,19400.0,
2012-02-11,18700.0,
2012-02-12,17500.0,
2012-02-13,17100.0,
2012-02-14,17300.0,
2012-02-15,17300.0,
2012-02-16,16200.0,
2012-02-17,15700.0,
2012-02-18,17100.0,
2012-02-19,18000.0,
2012-02-20,18300.0,
2012-02-21,19100.0,
2012-02-22,18800.0,
2012-02-23,18500.0,
2012-02-24,18200.0,
2012-02-25,19000.0,
2012-02-26,20200.0,
2012-02-27,19400.0,
2012-02-28,18700.0,
2012-02-29,18900.0,
2012-03-01,21900.0,
2012-03-02,32500.0,
2012-03-03,42000.0,
2012-03-04,43000.0,
2012-03-05,37400.0,
2012-03-06,24000.0,
2012-03-07,18000.0,
2012-03-08,18400.0,
2012-03-09,24300.0,
2012-03-10,29700.0,
2012-03-11,34700.0,
2012-03-12,38100.0,
2012-03-13,38800.0,
2012-03-14,38400.0,
2012-03-15,38400.0,
2012-03-16,42900.0,
2012-03-17,50400.0,
2012-03-18,55100.0,
2012-03-19,59900.0,
2012-03-20,64600.0,
2012-03-21,65900.0,
2012-03-22,64900.0,
2012-03-23,63600.0,
2012-03-24,61800.0,
2012-03-25,57500.0,
2012-03-26,52500.0,
2012-03-27,48300.0,
2012-03-28,47800.0,
2012-03-29,45500.0,
2012-03-30,44800.0,
2012-03-31,44300.0,
2012-04-01,41300.0,
2012-04-02,34100.0,
2012-04-03,32800.0,
2012-04-04,32600.0,
2012-04-05,33600.0,
2012-04-06,32200.0,
2012-04-07,28300.0,
2012-04-08,25700.0,
2012-04-09,25500.0,
2012-04-10,25800.0,
2012-04-11,24900.0,
2012-04-12,24400.0,
2012-04-13,22600.0,
2012-04-14,22000.0,
2012-04-15,21700.0,
2012-04-16,24200.0,
2012-04-17,27300.0,
2012-04-18,28200.0,
2012-04-19,32400.0,
2012-04-20,40800.0,
2012-04-21,44000.0,
2012-04-22,45100.0,
2012-04-23,45200.0,
2012-04-24,46300.0,
2012-04-25,47200.0,
2012-04-26,44200.0,
2012-04-27,41600.0,
2012-04-28,41800.0,
2012-04-29,41900.0,
2012-04-30,41900.0,
2012-05-01,41800.0,
2012-05-02,41700.0,
2012-05-03,41300.0,
2012-05-04,42500.0,
2012-05-05,45200.0,
2012-05-06,48500.0,
2012-05-07,54200.0,
2012-05-08,59300.0,
2012-05-09,64400.0,
2012-05-10,68900.0,
2012-05-11,72200.0,
2012-05-12,75700.0,
2012-05-13,77900.0,
2012-05-14,78300.0,
2012-05-15,78200.0,
2012-05-16,77100.0,
2012-05-17,75100.0,
2012-05-18,72900.0,
2012-05-19,68300.0,
2012-05-20,63900.0,
2012-05-21,57900.0,
2012-05-22,47200.0,
2012-05-23,38900.0,
2012-05-24,37800.0,
2012-05-25,41200.0,
2012-05-26,42700.0,
2012-05-27,42900.0,
2012-05-28,44800.0,
2012-05-29,51300.0,
2012-05-30,56100.0,
2012-05-31,60300.0,
2012-06-01,67000.0,
2012-06-02,72100.0,
2012-06-03,76300.0,
2012-06-04,80900.0,
2012-06-05,85900.0,
2012-06-06,90400.0,
2012-06-07,92900.0,
2012-06-08,93400.0,
2012-06-09,92100.0,
2012-06-10,90200.0,
2012-06-11,88700.0,
2012-06-12,85800.0,
2012-06-13,81500.0,
2012-06-14,76100.0,
2012-06-15,69400.0,
2012-06-16,63800.0,
2012-06-17,61700.0,
2012-06-18,60900.0,
2012-06-19,62200.0,
2012-06-20,64700.0,
2012-06-21,68100.0,
2012-06-22,69800.0,
2012-06-23,70000.0,
2012-06-24,71200.0,
2012-06-25,73600.0,
2012-06-26,76500.0,
2012-06-27,79500.0,
2012-06-28,82900.0,
2012-06-29,85300.0,
2012-06-30,86400.0,
2012-07-01,86700.0,
2012-07-02,85900.0,
2012-07-03,84100.0,
2012-07-04,82000.0,
2012-07-05,78800.0,
2012-07-06,74900.0,
2012-07-07,69200.0,
2012-07-08,64400.0,
2012-07-09,60700.0,
2012-07-10,54900.0,
2012-07-11,52700.0,
2012-07-12,48800.0,
2012-07-13,46800.0,
2012-07-14,46400.0,
2012-07-15,43600.0,
2012-07-16,42100.0,
2012-07-17,41800.0,
2012-07-18,40200.0,
2012-07-19,39200.0,
2012-07-20,36800.0,
2012-07-21,34700.0,
2012-07-22,33800.0,
2012-07-23,35200.0,
2012-07-24,35500.0,
2012-07-25,34900.0,
2012-07-26,33900.0,
2012-07-27,32600.0,
2012-07-28,30300.0,
2012-07-29,28900.0,
2012-07-30,28800.0,
2012-07-31,28800.0,
2012-08-01,26600.0,
2012-08-02,27300.0,
2012-08-03,29100.0,
2012-08-04,30600.0,
2012-08-05,27800.0,
2012-08-06,23300.0,
2012-08-07,19700.0,
2012-08-08,18500.0,
2012-08-09,17900.0,
2012-08-10,17500.0,
2012-08-11,18000.0,
2012-08-12,19100.0,
2012-08-13,20300.0,
2012-08-14,19800.0,
2012-08-15,19600.0,
2012-08-16,18900.0,
2012-08-17,17400.0,
2012-08-18,17300.0,
2012-08-19,18400.0,
2012-08-20,18700.0,
2012-08-21,19100.0,
2012-08-22,18900.0,
2012-08-23,17000.0,
2012-08-24,15800.0,
2012-08-25,15800.0,
2012-08-26,16200.0,
2012-08-27,17100.0,
2012-08-28,16900.0,
2012-08-29,14600.0,
2012-08-30,11700.0,
2012-08-31,11700.0,
2012-09-01,11900.0,
2012-09-02,11900.0,
2012-09-03,12400.0,
2012-09-04,12300.0,
2012-09-05,13600.0,
2012-09-06,12300.0,
2012-09-07,11400.0,
2012-09-08,9350.0,
2012-09-09,8510.0,
2012-09-10,9390.0,
2012-09-11,9340.0,
2012-09-12,10100.0,
2012-09-13,11500.0,
2012-09-14,12300.0,
2012-09-15,13000.0,
2012-09-16,11700.0,
2012-09-17,10400.0,
2012-09-18,10500.0,
2012-09-19,10800.0,
2012-09-20,11400.0,
2012-09-21,11700.0,
2012-09-22,10900.0,
2012-09-23,10500.0,
2012-09-24,12500.0,
2012-09-25,13000.0,
2012-09-26,12300.0,
2012-09-27,11000.0,
2012-09-28,11500.0,
2012-09-29,10200.0,
2012-09-30,10500.0,
2012-10-01,12400.0,
2012-10-02,12700.0,
2012-10-03,12100.0,
2012-10-04,11900.0,
2012-10-05,12200.0,
2012-10-06,9980.0,
2012-10-07,7260.0,
2012-10-08,8020.0,
2012-10-09,12300.0,
2012-10-10,15100.0,
2012-10-11,14000.0,
2012-10-12,13500.0,
2012-10-13,11500.0,
2012-10-14,12400.0,
2012-10-15,15000.0,
2012-10-16,14000.0,
2012-10-17,14900.0,
2012-10-18,14700.0,
2012-10-19,14300.0,
2012-10-20,14200.0,
2012-10-21,14500.0,
2012-10-22,14700.0,
2012-10-23,14200.0,
2012-10-24,14000.0,
2012-10-25,13100.0,
2012-10-26,15300.0,
2012-10-27,17800.0,
2012-10-28,17300.0,
2012-10-29,18000.0,
2012-10-30,17300.0,
2012-10-31,16100.0,
2012-11-01,15200.0,
2012-11-02,15800.0,
2012-11-03,17800.0,
2012-11-04,15000.0,
2012-11-05,13100.0,
2012-11-06,13800.0,
2012-11-07,13800.0,
2012-11-08,13100.0,
2012-11-09,13400.0,
2012-11-10,13000.0,
2012-11-11,13700.0,
2012-11-12,15300.0,
2012-11-13,16500.0,
2012-11-14,17100.0,
2012-11-15,16800.0,
2012-11-16,16500.0,
2012-11-17,15500.0,
2012-11-18,14700.0,
2012-11-19,14100.0,
2012-11-20,14300.0,
2012-11-21,15200.0,
2012-11-22,16000.0,
2012-11-23,14500.0,
2012-11-24,14500.0,
2012-11-25,14500.0,
2012-11-26,13500.0,
2012-11-27,14200.0,
2012-11-28,13100.0,
2012-11-29,12800.0,
2012-11-30,11600.0,
2012-12-01,12500.0,
2012-12-02,12400.0,
2012-12-03,13500.0,
2012-12-04,16000.0,
2012-12-05,17900.0,
2012-12-06,19300.0,
2012-12-07,19200.0,
2012-12-08,17500.0,
2012-12-09,17100.0,
2012-12-10,16200.0,
2012-12-11,16100.0,
2012-12-12,17100.0,
2012-12-13,16000.0,
2012-12-14,14200.0,
2012-12-15,15200.0,
2012-12-16,15800.0,
2012-12-17,16100.0,
2012-12-18,17200.0,
2012-12-19,17500.0,
2012-12-20,18100.0,
2012-12-21,17500.0,
2012-12-22,17300.0,
2012-12-23,16000.0,
2012-12-24,15900.0,
2012-12-25,13900.0,
2012-12-26,13900.0,
2012-12-27,14000.0,
2012-12-28,15100.0,
2012-12-29,14800.0,
2012-12-30,13500.0,
2012-12-31,13500.0,
2013-01-01,13600.0,
2013-01-02,13500.0,
2013-01-03,13500.0,
2013-01-04,13500.0,
2013-01-05,13500.0,
2013-01-06,13400.0,
2013-01-07,13600.0,
2013-01-08,15100.0,
2013-01-09,16200.0,
2013-01-10,16100.0,
2013-01-11,16100.0,
2013-01-12,16300.0,
2013-01-13,16400.0,
2013-01-14,16300.0,
2013-01-15,16500.0,
2013-01-16,16100.0,
2013-01-17,14900.0,
2013-01-18,13900.0,
2013-01-19,14300.0,
2013-01-20,15400.0,
2013-01-21,15300.0,
2013-01-22,15300.0,
2013-01-23,15300.0,
2013-01-24,13700.0,
2013-01-25,12100.0,
2013-01-26,10900.0,
2013-01-27,10900.0,
2013-01-28,11100.0,
2013-01-29,12200.0,
2013-01-30,13400.0,
2013-01-31,15400.0,
2013-02-01,16400.0,
2013-02-02,16400.0,
2013-02-03,16500.0,
2013-02-04,16000.0,
2013-02-05,13500.0,
2013-02-06,13700.0,
2013-02-07,13700.0,
2013-02-08,15000.0,
2013-02-09,16000.0,
2013-02-10,15900.0,
2013-02-11,15800.0,
2013-02-12,15900.0,
2013-02-13,17300.0,
2013-02-14,17900.0,
2013-02-15,17800.0,
2013-02-16,17100.0,
2013-02-17,17100.0,
2013-02-18,16000.0,
2013-02-19,15900.0,
2013-02-20,14500.0,
2013-02-21,13500.0,
2013-02-22,12600.0,
2013-02-23,12500.0,
2013-02-24,12800.0,
2013-02-25,15000.0,
2013-02-26,16800.0,
2013-02-27,17300.0,
2013-02-28,17200.0,
2013-03-01,17100.0,
2013-03-02,15400.0,
2013-03-03,14600.0,
2013-03-04,14500.0,
2013-03-05,14300.0,
2013-03-06,14000.0,
2013-03-07,16300.0,
2013-03-08,17200.0,
2013-03-09,16900.0,
2013-03-10,16200.0,
2013-03-11,18800.0,
2013-03-12,29700.0,
2013-03-13,35700.0,
2013-03-14,34900.0,
2013-03-15,31400.0,
2013-03-16,23800.0,
2013-03-17,25400.0,
2013-03-18,26300.0,
2013-03-19,27600.0,
2013-03-20,27700.0,
2013-03-21,27100.0,
2013-03-22,25700.0,
2013-03-23,24200.0,
2013-03-24,19400.0,
2013-03-25,15100.0,
2013-03-26,13100.0,
2013-03-27,14000.0,
2013-03-28,15400.0,
2013-03-29,17900.0,
2013-03-30,21900.0,
2013-03-31,31400.0,
2013-04-01,49500.0,
2013-04-02,63300.0,
2013-04-03,72300.0,
2013-04-04,73700.0,
2013-04-05,72500.0,
2013-04-06,67500.0,
2013-04-07,66800.0,
2013-04-08,67100.0,
2013-04-09,68100.0,
2013-04-10,74100.0,
2013-04-11,79900.0,
2013-04-12,88100.0,
2013-04-13,91800.0,
2013-04-14,94800.0,
2013-04-15,97800.0,
2013-04-16,98300.0,
2013-04-17,97000.0,
2013-04-18,92800.0,
2013-04-19,90400.0,
2013-04-20,88800.0,
2013-04-21,89000.0,
2013-04-22,90400.0,
2013-04-23,90900.0,
2013-04-24,90800.0,
2013-04-25,90100.0,
2013-04-26,89800.0,
2013-04-27,91000.0,
2013-04-28,91400.0,
2013-04-29,91400.0,
2013-04-30,91700.0,
2013-05-01,91400.0,
2013-05-02,90400.0,
2013-05-03,90700.0,
2013-05-04,92900.0,
2013-05-05,96700.0,
2013-05-06,100000.0,
2013-05-07,104000.0,
2013-05-08,107000.0,
2013-05-09,110000.0,
2013-05-10,113000.0,
2013-05-11,115000.0,
2013-05-12,113000.0,
2013-05-13,111000.0,
2013-05-14,108000.0,
2013-05-15,104000.0,
2013-05-16,98200.0,
2013-05-17,93200.0,
2013-05-18,89500.0,
2013-05-19,85000.0,
2013-05-20,81700.0,
2013-05-21,82700.0,
2013-05-22,85300.0,
2013-05-23,87400.0,
2013-05-24,87100.0,
2013-05-25,87900.0,
2013-05-26,90700.0,
2013-05-27,93700.0,
2013-05-28,98000.0,
2013-05-29,100000.0,
2013-05-30,102000.0,
2013-05-31,104000.0,
2013-06-01,105000.0,
2013-06-02,103000.0,
2013-06-03,101000.0,
2013-06-04,101000.0,
2013-06-05,101000.0,
2013-06-06,99400.0,
2013-06-07,96800.0,
2013-06-08,93900.0,
2013-06-09,90600.0,
2013-06-10,88500.0,
2013-06-11,86700.0,
2013-06-12,84900.0,
2013-06-13,83700.0,
2013-06-14,82600.0,
2013-06-15,81700.0,
2013-06-16,80900.0,
2013-06-17,79200.0,
2013-06-18,77800.0,
2013-06-19,77000.0,
2013-06-20,75700.0,
2013-06-21,76300.0,
2013-06-22,80200.0,
2013-06-23,88000.0,
2013-06-24,93700.0,
2013-06-25,99100.0,
2013-06-26,102000.0,
2013-06-27,102000.0,
2013-06-28,101000.0,
2013-06-29,101000.0,
2013-06-30,101000.0,
2013-07-01,100000.0,
2013-07-02,99400.0,
2013-07-03,98700.0,
2013-07-04,97100.0,
2013-07-05,96200.0,
2013-07-06,96300.0,
2013-07-07,96500.0,
2013-07-08,95400.0,
2013-07-09,93800.0,
2013-07-10,91600.0,
2013-07-11,88900.0,
2013-07-12,85100.0,
2013-07-13,81800.0,
2013-07-14,78400.0,
2013-07-15,74800.0,
2013-07-16,69800.0,
2013-07-17,66400.0,
2013-07-18,63400.0,
2013-07-19,59700.0,
2013-07-20,56900.0,
2013-07-21,54200.0,
2013-07-22,53100.0,
2013-07-23,51400.0,
2013-07-24,49100.0,
2013-07-25,49000.0,
2013-07-26,46900.0,
2013-07-27,42900.0,
2013-07-28,37200.0,
2013-07-29,33000.0,
2013-07-30,34300.0,
2013-07-31,35900.0,
2013-08-01,35200.0,
2013-08-02,35100.0,
2013-08-03,34900.0,
2013-08-04,32600.0,
2013-08-05,29100.0,
2013-08-06,27300.0,
2013-08-07,33200.0,
2013-08-08,34900.0,
2013-08-09,33500.0,
2013-08-10,27600.0,
2013-08-11,25500.0,
2013-08-12,27400.0,
2013-08-13,28600.0,
2013-08-14,29500.0,
2013-08-15,29000.0,
2013-08-16,25900.0,
2013-08-17,24400.0,
2013-08-18,24400.0,
2013-08-19,22900.0,
2013-08-20,22800.0,
2013-08-21,22300.0,
2013-08-22,22300.0,
2013-08-23,23400.0,
2013-08-24,21000.0,
2013-08-25,20000.0,
2013-08-26,18100.0,
2013-08-27,17600.0,
2013-08-28,19200.0,
2013-08-29,20000.0,
2013-08-30,19100.0,
2013-08-31,17600.0,
2013-09-01,18800.0,
2013-09-02,16800.0,
2013-09-03,16500.0,
2013-09-04,17100.0,
2013-09-05,16000.0,
2013-09-06,16100.0,
2013-09-07,15900.0,
2013-09-08,15400.0,
2013-09-09,14300.0,
2013-09-10,13700.0,
2013-09-11,14100.0,
2013-09-12,12700.0,
2013-09-13,12500.0,
2013-09-14,12700.0,
2013-09-15,13900.0,
2013-09-16,14700.0,
2013-09-17,15100.0,
2013-09-18,15900.0,
2013-09-19,14900.0,
2013-09-20,15400.0,
2013-09-21,14900.0,
2013-09-22,15800.0,
2013-09-23,17200.0,
2013-09-24,15700.0,
2013-09-25,16600.0,
2013-09-26,15700.0,
2013-09-27,13800.0,
2013-09-28,13800.0,
2013-09-29,13700.0,
2013-09-30,13500.0,
2013-10-01,13600.0,7.17
2013-10-02,15100.0,7.19
2013-10-03,15700.0,7.23
2013-10-04,17800.0,7.37
2013-10-05,18400.0,7.41
2013-10-06,21200.0,7.6
2013-10-07,24600.0,7.82
2013-10-08,23600.0,7.75
2013-10-09,23100.0,7.72
2013-10-10,23400.0,7.73
2013-10-11,25500.0,7.86
2013-10-12,26700.0,7.93
2013-10-13,25300.0,7.84
2013-10-14,22200.0,7.64
2013-10-15,18200.0,7.36
2013-10-16,17400.0,7.3
2013-10-17,21600.0,7.59
2013-10-18,25200.0,7.82
2013-10-19,26100.0,7.87
2013-10-20,26500.0,7.89
2013-10-21,26700.0,7.9
2013-10-22,27800.0,7.95
2013-10-23,28000.0,7.97
2013-10-24,28100.0,7.97
2013-10-25,29000.0,8.01
2013-10-26,28500.0,7.99
2013-10-27,28500.0,7.99
2013-10-28,27900.0,7.94
2013-10-29,,7.76
2013-10-30,,7.74
2013-10-31,,7.76
2013-11-01,,7.7
2013-11-02,,7.65
2013-11-03,,7.58
2013-11-04,,7.55
2013-11-05,,7.61
2013-11-06,,7.72
2013-11-07,,7.91
2013-11-08,,7.97
2013-11-09,,7.89
2013-11-10,,7.82
2013-11-11,,7.64
2013-11-12,,7.42
2013-11-13,,7.48
2013-11-14,,7.55
2013-11-15,,7.52
2013-11-16,,7.49
2013-11-17,,7.46
2013-11-18,,7.31
2013-11-19,,7.37
2013-11-20,,7.55
2013-11-21,,7.7
2013-11-22,,7.66
2013-11-23,,7.49
2013-11-24,,7.38
2013-11-25,,7.32
2013-11-26,,7.1
2013-11-27,,7.02
2013-11-28,,7.16
2013-11-29,,7.39
2013-11-30,,7.53
2013-12-01,,7.56
2013-12-02,,7.5
2013-12-03,,7.49
2013-12-04,,7.56
2013-12-05,,7.48
2013-12-06,,7.37
2013-12-07,,7.52
2013-12-08,,7.62
2013-12-09,,7.55
2013-12-10,,7.48
2013-12-11,,7.45
2013-12-12,,7.46
2013-12-13,,7.51
2013-12-14,,7.58
2013-12-15,,7.62
2013-12-16,,7.69
2013-12-17,,7.75
2013-12-18,,7.76
2013-12-19,,7.73
2013-12-20,,7.72
2013-12-21,,7.72
2013-12-22,,7.77
2013-12-23,,7.79
2013-12-24,,7.76
2013-12-25,,7.72
2013-12-26,,7.64
2013-12-27,,7.63
2013-12-28,,7.63
2013-12-29,,7.64
2013-12-30,,7.66
2013-12-31,,7.66
2014-01-01,,7.54
2014-01-02,,7.44
2014-01-03,,7.51
2014-01-04,,7.62
2014-01-05,,7.62
2014-01-06,,7.61
2014-01-07,,7.65
2014-01-08,,7.62
2014-01-09,,7.52
2014-01-10,,7.45
2014-01-11,,7.52
2014-01-12,,7.57
2014-01-13,,7.6
2014-01-14,,7.59
2014-01-15,,7.58
2014-01-16,,7.57
2014-01-17,,7.44
2014-01-18,,7.52
2014-01-19,,7.59
2014-01-20,,7.58
2014-01-21,,7.58
2014-01-22,,7.6
2014-01-23,,7.58
2014-01-24,,7.58
2014-01-25,,7.52
2014-01-26,,7.5
2014-01-27,,7.44
2014-01-28,,7.47
2014-01-29,,7.54
2014-01-30,,7.58
2014-01-31,,7.51
2014-02-01,,7.52
2014-02-02,,7.56
2014-02-03,,7.56
2014-02-04,,7.62
2014-02-05,,7.65
2014-02-06,,7.66
2014-02-07,,7.66
2014-02-08,,7.65
2014-02-09,,7.65
2014-02-10,,7.6
2014-02-11,,7.58
2014-02-12,,7.59
2014-02-13,,7.58
2014-02-14,,7.55
2014-02-15,,7.58
2014-02-16,,7.65
2014-02-17,,7.72
2014-02-18,,7.77
2014-02-19,,7.77
2014-02-20,,7.83
2014-02-21,,7.94
2014-02-22,,8.04
2014-02-23,,8.11
2014-02-24,,8.1
2014-02-25,,7.98
2014-02-26,,7.8
2014-02-27,,7.71
2014-02-28,,7.57
2014-03-01,,7.58
2014-03-02,,7.54
2014-03-03,,7.5
2014-03-04,,7.5
2014-03-05,,7.52
2014-03-06,,7.56
2014-03-07,,7.56
2014-03-08,,7.56
2014-03-09,,7.62
2014-03-10,,7.81
2014-03-11,,8.01
2014-03-12,,8.14
2014-03-13,,8.21
2014-03-14,,8.4
2014-03-15,,8.83
2014-03-16,,9.13
2014-03-17,,9.33
2014-03-18,,9.39
2014-03-19,,9.55
2014-03-20,,9.75
2014-03-21,,9.9
2014-03-22,,10.05
2014-03-23,,10.01
2014-03-24,,9.79
2014-03-25,,9.28
2014-03-26,,8.81
2014-03-27,,8.41
2014-03-28,,8.57
2014-03-29,,8.89
2014-03-30,,9.15
2014-03-31,,9.59
2014-04-01,,9.89
2014-04-02,,10.37
2014-04-03,,10.81
2014-04-04,,11.11
2014-04-05,,10.85
2014-04-06,,10.51
2014-04-07,,10.42
2014-04-08,,10.44
2014-04-09,,10.48
2014-04-10,,10.58
2014-04-11,,10.81
2014-04-12,,11.16
2014-04-13,,11.87
2014-04-14,,12.79
2014-04-15,,13.56
2014-04-16,,14.45
2014-04-17,,15.38
2014-04-18,,16.01
2014-04-19,,16.31
2014-04-20,,16.5
2014-04-21,,16.42
2014-04-22,,16.1
2014-04-23,,15.61
2014-04-24,,15.13
2014-04-25,,14.85
2014-04-26,,14.66
2014-04-27,,14.53
2014-04-28,,14.57
2014-04-29,,14.76
2014-04-30,,14.87
2014-05-01,,14.99
2014-05-02,,15.22
2014-05-03,,15.51
2014-05-04,,15.95
2014-05-05,,16.52
2014-05-06,,17.11
2014-05-07,,17.61
2014-05-08,,17.88
2014-05-09,,17.88
2014-05-10,,17.63
2014-05-11,,17.16
2014-05-12,,16.81
2014-05-13,,16.49
2014-05-14,,16.24
2014-05-15,,16.18
2014-05-16,,16.33
2014-05-17,,16.59
2014-05-18,,16.9
2014-05-19,,17.12
2014-05-20,,17.21
2014-05-21,,17.02
2014-05-22,,16.61
2014-05-23,,16.19
2014-05-24,,15.87
2014-05-25,,15.75
2014-05-26,,15.75
2014-05-27,,15.71
2014-05-28,,15.53
2014-05-29,,15.15
2014-05-30,,14.63
2014-05-31,,14.15
2014-06-01,,13.82
2014-06-02,,13.64
2014-06-03,,13.46
2014-06-04,,13.3
2014-06-05,,13.16
2014-06-06,,13.15
2014-06-07,,13.4
2014-06-08,,13.82
2014-06-09,,14.13
2014-06-10,,14.32
2014-06-11,,14.37
2014-06-12,,14.41
2014-06-13,,14.39
2014-06-14,,14.25
2014-06-15,,14.15
2014-06-16,,14.04
2014-06-17,,13.89
2014-06-18,,13.76
2014-06-19,,14.05
2014-06-20,,14.73
2014-06-21,,15.05
2014-06-22,,15.47
2014-06-23,,15.89
2014-06-24,,16.17
2014-06-25,,16.37
2014-06-26,,16.56
2014-06-27,,16.71
2014-06-28,,16.88
2014-06-29,,17.22
2014-06-30,,17.73
2014-07-01,,18.14
2014-07-02,,18.45
2014-07-03,,18.63
2014-07-04,,18.65
2014-07-05,,18.4
2014-07-06,,18.01
2014-07-07,,17.61
2014-07-08,,17.2
2014-07-09,,16.62
2014-07-10,,16.04
2014-07-11,,15.54
2014-07-12,,15.12
2014-07-13,,14.64
2014-07-14,,14.12
2014-07-15,,13.59
2014-07-16,,13.15
2014-07-17,,12.74
2014-07-18,,12.42
2014-07-19,,12.11
2014-07-20,,11.78
2014-07-21,,11.53
2014-07-22,,11.26
2014-07-23,,10.84
2014-07-24,,10.2
2014-07-25,,9.74
2014-07-26,,9.44
2014-07-27,,9.15
2014-07-28,,8.84
2014-07-29,,8.63
2014-07-30,,8.39
2014-07-31,,8.2
2014-08-01,,8.33
2014-08-02,,8.29
2014-08-03,,8.18
2014-08-04,,8.13
2014-08-05,,8.1
2014-08-06,,8.07
2014-08-07,,8.06
2014-08-08,,8.01
2014-08-09,,7.81
2014-08-10,,7.58
2014-08-11,,7.44
2014-08-12,,7.44
2014-08-13,,7.49
2014-08-14,,7.61
2014-08-15,,7.6
2014-08-16,,7.47
2014-08-17,,7.33
2014-08-18,,7.31
2014-08-19,,7.52
2014-08-20,,7.87
2014-08-21,,8.13
2014-08-22,,8.23
2014-08-23,,8.32
2014-08-24,,8.32
2014-08-25,,8.25
2014-08-26,,8.13
2014-08-27,,8.06
2014-08-28,,8.02
2014-08-29,,8.05
2014-08-30,,8.33
2014-08-31,,8.74
2014-09-01,,8.78
2014-09-02,,8.66
2014-09-03,,8.89
2014-09-04,,9.14
2014-09-05,,9.41
2014-09-06,,9.53
2014-09-07,,9.56
2014-09-08,,9.81
2014-09-09,,10.39
2014-09-10,,11.08
2014-09-11,,11.71
2014-09-12,,12.19
2014-09-13,,12.49
2014-09-14,,12.52
2014-09-15,,12.44
2014-09-16,,12.5
2014-09-17,,12.68
2014-09-18,,12.82
2014-09-19,,12.52
2014-09-20,,11.92
2014-09-21,,11.32
2014-09-22,,10.52
2014-09-23,,9.65
2014-09-24,,8.89
2014-09-25,,8.56
2014-09-26,,8.37
2014-09-27,,8.2
2014-09-28,,8.16
2014-09-29,,8.1
2014-09-30,,8.01
2014-10-01,,7.88
2014-10-02,,7.75
2014-10-03,,7.82
2014-10-04,,7.97
2014-10-05,,8.04
2014-10-06,,8.09
2014-10-07,,8.35
2014-10-08,,8.47
2014-10-09,,8.36
2014-10-10,,8.3
2014-10-11,,8.31
2014-10-12,,8.25
2014-10-13,,8.09
2014-10-14,,8.15
2014-10-15,,8.21
2014-10-16,,8.41
2014-10-17,,8.42
2014-10-18,,8.52
2014-10-19,,8.59
2014-10-20,,8.58
2014-10-21,,8.74
2014-10-22,,8.64
2014-10-23,,8.2
2014-10-24,,7.99
2014-10-25,,7.93
2014-10-26,,8.0
2014-10-27,,8.16
2014-10-28,,8.14
2014-10-29,,8.12
2014-10-30,,8.04
2014-10-31,,7.83
2014-11-01,,7.62
2014-11-02,,7.61
2014-11-03,,7.74
2014-11-04,,7.86
2014-11-05,,7.85
2014-11-06,,7.71
2014-11-07,,7.72
2014-11-08,,7.76
2014-11-09,,7.9
2014-11-10,,8.02
2014-11-11,,7.98
2014-11-12,,8.02
2014-11-13,,8.0
2014-11-14,,7.97
2014-11-15,,8.17
2014-11-16,,8.21
2014-11-17,,7.94
2014-11-18,,7.8
2014-11-19,,7.97
2014-11-20,,8.21
2014-11-21,,8.41
2014-11-22,,8.31
2014-11-23,,8.26
2014-11-24,,8.56
2014-11-25,,8.74
2014-11-26,,9.33
2014-11-27,,9.7
2014-11-28,,9.96
2014-11-29,,9.65
2014-11-30,,9.17
2014-12-01,,9.06
2014-12-02,,8.87
2014-12-03,,8.48
2014-12-04,,8.52
2014-12-05,,8.64
2014-12-06,,8.67
2014-12-07,,8.75
2014-12-08,,8.81
2014-12-09,,8.77
2014-12-10,,8.68
2014-12-11,,8.5
2014-12-12,,8.17
2014-12-13,,8.06
2014-12-14,,7.99
2014-12-15,,7.99
2014-12-16,,8.12
2014-12-17,,8.11
2014-12-18,,8.05
2014-12-19,,8.25
2014-12-20,,8.58
2014-12-21,,8.82
2014-12-22,,9.02
2014-12-23,,9.07
2014-12-24,,8.94
2014-12-25,,8.78
2014-12-26,,8.58
2014-12-27,,8.45
2014-12-28,,8.36
2014-12-29,,8.28
2014-12-30,,8.06
2014-12-31,,8.43
2015-01-01,,8.31
2015-01-02,,8.21
2015-01-03,,8.41
2015-01-04,,8.62
2015-01-05,,8.84
2015-01-06,,8.91
2015-01-07,,8.73
2015-01-08,,8.61
2015-01-09,,8.56
2015-01-10,,8.47
2015-01-11,,8.3
2015-01-12,,8.34
2015-01-13,,8.43
2015-01-14,,8.4
2015-01-15,,8.32
2015-01-16,,8.33
2015-01-17,,8.42
2015-01-18,,8.4
2015-01-19,,8.35
2015-01-20,,8.37
2015-01-21,,8.51
2015-01-22,,8.58
2015-01-23,,8.57
2015-01-24,,8.51
2015-01-25,,8.48
2015-01-26,,8.44
2015-01-27,,8.38
2015-01-28,,8.34
2015-01-29,,8.39
2015-01-30,,8.38
2015-01-31,,8.29
2015-02-01,,8.34
2015-02-02,,8.28
2015-02-03,,8.1
2015-02-04,,7.93
2015-02-05,,7.87
2015-02-06,,7.91
2015-02-07,,7.93
2015-02-08,,7.97
2015-02-09,,8.1
2015-02-10,,8.28
2015-02-11,,8.35
2015-02-12,,8.42
2015-02-13,,8.38
2015-02-14,,8.21
2015-02-15,,8.11
2015-02-16,,8.01
2015-02-17,,7.92
2015-02-18,,7.86
2015-02-19,,7.71
2015-02-20,,7.68
2015-02-21,,7.79
2015-02-22,,7.9
2015-02-23,,7.88
2015-02-24,,7.91
2015-02-25,,7.93
2015-02-26,,7.95
2015-02-27,,7.91
2015-02-28,,7.92
2015-03-01,,7.97
2015-03-02,,7.97
2015-03-03,,7.93
2015-03-04,,7.83
2015-03-05,,7.81
2015-03-06,,7.77
2015-03-07,,7.77
2015-03-08,,7.77
2015-03-09,,7.88
2015-03-10,,8.24
2015-03-11,,8.67
2015-03-12,,9.31
2015-03-13,,9.84
2015-03-14,,10.02
2015-03-15,,10.01
2015-03-16,,9.94
2015-03-17,,9.62
2015-03-18,,9.23
2015-03-19,,8.98
2015-03-20,,8.96
2015-03-21,,9.02
2015-03-22,,9.07
2015-03-23,,9.16
2015-03-24,,9.06
2015-03-25,,8.86
2015-03-26,,8.63
2015-03-27,,8.31
2015-03-28,,8.11
2015-03-29,,8.14
2015-03-30,,8.17
2015-03-31,,8.01
2015-04-01,,7.89
2015-04-02,,7.81
2015-04-03,,7.77
2015-04-04,,7.84
2015-04-05,,8.08
2015-04-06,,8.21
2015-04-07,,8.34
2015-04-08,,8.42
2015-04-09,,8.64
2015-04-10,,8.88
2015-04-11,,9.16
2015-04-12,,9.44
2015-04-13,,9.66
2015-04-14,,9.81
2015-04-15,,10.09
2015-04-16,,10.4
2015-04-17,,10.47
2015-04-18,,10.08
2015-04-19,,9.65
2015-04-20,,9.46
2015-04-21,,9.25
2015-04-22,,9.02
2015-04-23,,8.81
2015-04-24,,8.64
2015-04-25,,8.54
2015-04-26,,8.61
2015-04-27,,8.7
2015-04-28,,8.53
2015-04-29,,8.3
2015-04-30,,8.21
2015-05-01,,7.99
2015-05-02,,7.82
2015-05-03,,7.79
2015-05-04,,7.78
2015-05-05,,7.87
2015-05-06,,7.98
2015-05-07,,7.93
2015-05-08,,7.88
2015-05-09,,8.05
2015-05-10,,8.31
2015-05-11,,8.33
2015-05-12,,8.37
2015-05-13,,8.53
2015-05-14,,8.4
2015-05-15,,8.06
2015-05-16,,7.87
2015-05-17,,8.22
2015-05-18,,8.6
2015-05-19,,8.66
2015-05-20,,8.67
2015-05-21,,8.76
2015-05-22,,8.93
2015-05-23,,9.08
2015-05-24,,9.32
2015-05-25,,9.57
2015-05-26,,9.86
2015-05-27,,10.16
2015-05-28,,10.32
2015-05-29,,10.52
2015-05-30,,10.87
2015-05-31,,11.33
2015-06-01,,11.78
2015-06-02,,12.27
2015-06-03,,12.68
2015-06-04,,12.97
2015-06-05,,12.96
2015-06-06,,12.58
2015-06-07,,12.16
2015-06-08,,11.82
2015-06-09,,11.54
2015-06-10,,11.33
2015-06-11,,11.2
2015-06-12,,11.36
2015-06-13,,11.62
2015-06-14,,11.88
2015-06-15,,12.08
2015-06-16,,12.0
2015-06-17,,11.63
2015-06-18,,11.17
2015-06-19,,10.62
2015-06-20,,10.19
2015-06-21,,9.99
2015-06-22,,10.08
2015-06-23,,10.38
2015-06-24,,10.19
2015-06-25,,9.87
2015-06-26,,9.64
2015-06-27,,9.49
2015-06-28,,9.42
2015-06-29,,9.39
2015-06-30,,9.47
2015-07-01,,9.47
2015-07-02,,9.34
2015-07-03,,9.14
2015-07-04,,8.84
2015-07-05,,8.6
2015-07-06,,8.42
2015-07-07,,8.22
2015-07-08,,8.34
2015-07-09,,8.45
2015-07-10,,8.64
2015-07-11,,8.88
2015-07-12,,9.05
2015-07-13,,9.16
2015-07-14,,9.15
2015-07-15,,9.05
2015-07-16,,8.85
2015-07-17,,8.91
2015-07-18,,9.07
2015-07-19,,9.06
2015-07-20,,9.02
2015-07-21,,8.98
2015-07-22,,8.93
2015-07-23,,8.9
2015-07-24,,8.71
2015-07-25,,8.55
2015-07-26,,8.41
2015-07-27,,8.26
2015-07-28,,8.03
2015-07-29,,7.82
2015-07-30,,7.85
2015-07-31,,7.93
2015-08-01,,7.94
2015-08-02,,7.89
2015-08-03,,7.77
2015-08-04,,7.66
2015-08-05,,7.44
2015-08-06,,7.18
2015-08-07,,7.08
2015-08-08,,7.3
2015-08-09,,7.51
2015-08-10,,7.57
2015-08-11,,7.71
2015-08-12,,7.77
2015-08-13,,7.83
2015-08-14,,7.84
2015-08-15,,7.8
2015-08-16,,7.72
2015-08-17,,7.6
2015-08-18,,7.46
2015-08-19,,7.36
2015-08-20,,7.54
2015-08-21,,7.78
2015-08-22,,7.92
2015-08-23,,8.13
2015-08-24,,8.29
2015-08-25,,8.3
2015-08-26,,8.2
2015-08-27,,8.09
2015-08-28,,8.13
2015-08-29,,8.31
2015-08-30,,8.26
2015-08-31,,8.19
2015-09-01,,8.05
2015-09-02,,7.93
2015-09-03,,7.87
2015-09-04,,7.56
2015-09-05,,7.49
2015-09-06,,7.67
2015-09-07,,7.98
2015-09-08,,8.07
2015-09-09,,8.07
2015-09-10,,8.13
2015-09-11,,8.53
2015-09-12,,9.08
2015-09-13,,9.38
2015-09-14,,9.25
2015-09-15,,8.86
2015-09-16,,8.14
2015-09-17,,7.89
2015-09-18,,7.91
2015-09-19,,7.9
2015-09-20,,7.95
2015-09-21,,8.07
2015-09-22,,8.04
2015-09-23,,8.05
2015-09-24,,7.92
2015-09-25,,7.59
2015-09-26,,7.4
2015-09-27,,7.44
2015-09-28,,7.42
2015-09-29,,7.51
2015-09-30,,7.51
2015-10-01,,7.43
2015-10-02,,7.38
2015-10-03,,7.44
2015-10-04,,7.25
2015-10-05,,6.85
2015-10-06,,6.78
2015-10-07,,7.06
2015-10-08,,7.13
2015-10-09,,7.14
2015-10-10,,7.13
2015-10-11,,7.18
2015-10-12,,7.28
2015-10-13,,7.32
2015-10-14,,7.33
2015-10-15,,7.21
2015-10-16,,7.18
2015-10-17,,7.23
2015-10-18,,7.17
2015-10-19,,7.03
2015-10-20,,6.96
2015-10-21,,6.88
2015-10-22,,6.86
2015-10-23,,7.02
2015-10-24,,7.17
2015-10-25,,7.37
2015-10-26,,7.33
2015-10-27,,7.21
2015-10-28,,7.35
2015-10-29,,7.92
2015-10-30,,7.97
2015-10-31,,7.88
2015-11-01,,8.36
2015-11-02,,8.71
2015-11-03,,8.85
2015-11-04,,8.9
2015-11-05,,8.84
2015-11-06,,8.84
2015-11-07,,8.82
2015-11-08,,8.72
2015-11-09,,8.41
2015-11-10,,8.06
2015-11-11,,7.93
2015-11-12,,7.98
2015-11-13,,8.0
2015-11-14,,8.08
2015-11-15,,8.4
2015-11-16,,8.59
2015-11-17,,8.79
2015-11-18,,9.21
2015-11-19,,9.58
2015-11-20,,9.73
2015-11-21,,9.66
2015-11-22,,9.58
2015-11-23,,9.79
2015-11-24,,10.17
2015-11-25,,10.43
2015-11-26,,10.66
2015-11-27,,10.81
2015-11-28,,10.57
2015-11-29,,10.27
2015-11-30,,10.13
2015-12-01,,9.92
2015-12-02,,9.79
2015-12-03,,9.41
2015-12-04,,9.14
2015-12-05,,9.13
2015-12-06,,9.07
2015-12-07,,8.95
2015-12-08,,8.82
2015-12-09,,8.65
2015-12-10,,8.52
2015-12-11,,8.46
2015-12-12,,8.4
2015-12-13,,8.77
2015-12-14,,9.59
2015-12-15,,10.03
2015-12-16,,10.3
2015-12-17,,10.37
2015-12-18,,10.7
2015-12-19,,11.57
2015-12-20,,12.45
2015-12-21,,13.35
2015-12-22,,13.79
2015-12-23,,13.8
2015-12-24,,13.35
2015-12-25,,12.61
2015-12-26,,12.07
2015-12-27,,11.69
2015-12-28,,11.28
2015-12-29,,10.75
2015-12-30,,10.15
2015-12-31,,9.53
2016-01-01,,9.18
2016-01-02,,9.05
2016-01-03,,8.87
2016-01-04,,8.78
2016-01-05,,8.53
2016-01-06,,8.4
2016-01-07,,8.49
2016-01-08,,8.81
2016-01-09,,8.98
2016-01-10,,9.12
2016-01-11,,9.86
2016-01-12,,10.38
2016-01-13,,10.45
2016-01-14,,10.17
2016-01-15,,9.94
2016-01-16,,9.93
2016-01-17,,10.12
2016-01-18,,10.33
2016-01-19,,10.34
2016-01-20,,10.17
2016-01-21,,9.99
2016-01-22,,9.79
2016-01-23,,9.68
2016-01-24,,9.63
2016-01-25,,9.59
2016-01-26,,9.6
2016-01-27,,9.51
2016-01-28,,9.32
2016-01-29,,9.13
2016-01-30,,9.11
2016-01-31,,9.2
2016-02-01,,9.31
2016-02-02,,9.38
2016-02-03,,9.39
2016-02-04,,9.33
2016-02-05,,9.27
2016-02-06,,9.26
2016-02-07,,9.33
2016-02-08,,9.37
2016-02-09,,9.28
2016-02-10,,9.01
2016-02-11,,8.86
2016-02-12,,8.76
2016-02-13,,8.66
2016-02-14,,8.58
2016-02-15,,8.6
2016-02-16,,8.6
2016-02-17,,8.59
2016-02-18,,8.7
2016-02-19,,8.86
2016-02-20,,9.07
2016-02-21,,9.32
2016-02-22,,9.45
2016-02-23,,9.43
2016-02-24,,9.41
2016-02-25,,9.45
2016-02-26,,9.53
2016-02-27,,9.49
2016-02-28,,9.54
2016-02-29,,9.8
2016-03-01,,9.89
2016-03-02,,9.49
2016-03-03,,9.41
2016-03-04,,9.47
2016-03-05,,9.5
2016-03-06,,9.46
2016-03-07,,9.36
2016-03-08,,9.28
2016-03-09,,9.22
2016-03-10,,9.12
2016-03-11,,9.23
2016-03-12,,9.61
2016-03-13,,10.14
2016-03-14,,10.65
2016-03-15,,11.02
2016-03-16,,11.34
2016-03-17,,11.41
2016-03-18,,11.55
2016-03-19,,11.84
2016-03-20,,12.46
2016-03-21,,13.46
2016-03-22,,14.7
2016-03-23,,15.79
2016-03-24,,16.46
2016-03-25,,16.35
2016-03-26,,15.89
2016-03-27,,15.31
2016-03-28,,14.71
2016-03-29,,14.08
2016-03-30,,13.5
2016-03-31,,13.27
2016-04-01,,13.22
2016-04-02,,13.35
2016-04-03,,13.37
2016-04-04,,13.42
2016-04-05,,13.4
2016-04-06,,13.53
2016-04-07,,13.57
2016-04-08,,13.42
2016-04-09,,13.11
2016-04-10,,12.64
2016-04-11,,12.3
2016-04-12,,11.93
2016-04-13,,11.68
2016-04-14,,11.47
2016-04-15,,11.13
2016-04-16,,10.66
2016-04-17,,10.22
2016-04-18,,9.76
2016-04-19,,9.47
2016-04-20,,9.43
2016-04-21,,9.1
2016-04-22,,8.74
2016-04-23,,8.74
2016-04-24,,8.82
2016-04-25,,8.66
2016-04-26,,8.53
2016-04-27,,8.64
2016-04-28,,8.8
2016-04-29,,9.52
2016-04-30,,10.23
2016-05-01,,10.84
2016-05-02,,11.37
2016-05-03,,11.67
2016-05-04,,11.83
2016-05-05,,11.83
2016-05-06,,11.79
2016-05-07,,11.77
2016-05-08,,11.62
2016-05-09,,11.44
2016-05-10,,11.36
2016-05-11,,11.15
2016-05-12,,10.81
2016-05-13,,10.44
2016-05-14,,10.28
2016-05-15,,9.97
2016-05-16,,9.73
2016-05-17,,9.7
2016-05-18,,9.63
2016-05-19,,9.51
2016-05-20,,9.35
2016-05-21,,9.17
2016-05-22,,9.01
2016-05-23,,8.83
2016-05-24,,8.65
2016-05-25,,8.54
2016-05-26,,8.44
2016-05-27,,8.61
2016-05-28,,8.94
2016-05-29,,8.87
2016-05-30,,8.9
2016-05-31,,9.34
2016-06-01,,9.81
2016-06-02,,9.95
2016-06-03,,9.93
2016-06-04,,10.08
2016-06-05,,10.3
2016-06-06,,10.49
2016-06-07,,10.56
2016-06-08,,10.68
2016-06-09,,11.06
2016-06-10,,11.49
2016-06-11,,11.6
2016-06-12,,11.43
2016-06-13,,11.13
2016-06-14,,10.85
2016-06-15,,11.06
2016-06-16,,11.15
2016-06-17,,11.01
2016-06-18,,10.93
2016-06-19,,10.85
2016-06-20,,10.78
2016-06-21,,10.68
2016-06-22,,10.52
2016-06-23,,10.33
2016-06-24,,10.1
2016-06-25,,9.86
2016-06-26,,9.8
2016-06-27,,9.83
2016-06-28,,9.87
2016-06-29,,9.91
2016-06-30,,9.97
2016-07-01,,10.07
2016-07-02,,10.17
2016-07-03,,10.14
2016-07-04,,9.9
2016-07-05,,9.56
2016-07-06,,9.25
2016-07-07,,8.96
2016-07-08,,8.73
2016-07-09,,8.56
2016-07-10,,8.5
2016-07-11,,8.24
2016-07-12,,7.94
2016-07-13,,7.86
2016-07-14,,8.07
2016-07-15,,8.24
2016-07-16,,8.46
2016-07-17,,9.06
2016-07-18,,9.75
2016-07-19,,10.3
2016-07-20,,10.79
2016-07-21,,11.17
2016-07-22,,11.72
2016-07-23,,12.35
2016-07-24,,13.0
2016-07-25,,13.29
2016-07-26,,13.54
2016-07-27,,13.53
2016-07-28,,13.29
2016-07-29,,13.08
2016-07-30,,12.87
2016-07-31,,12.64
2016-08-01,,12.46
2016-08-02,,12.32
2016-08-03,,12.09
2016-08-04,,11.78
2016-08-05,,11.6
2016-08-06,,11.35
2016-08-07,,11.04
2016-08-08,,10.49
2016-08-09,,9.99
2016-08-10,,9.53
2016-08-11,,9.04
2016-08-12,,8.69
2016-08-13,,8.93
2016-08-14,,9.5
2016-08-15,,10.04
2016-08-16,,10.36
2016-08-17,,10.77
2016-08-18,,10.97
2016-08-19,,11.25
2016-08-20,,11.41
2016-08-21,,11.48
2016-08-22,,11.59
2016-08-23,,11.67
2016-08-24,,12.44
2016-08-25,,13.34
2016-08-26,,13.9
2016-08-27,,14.35
2016-08-28,,14.31
2016-08-29,,13.97
2016-08-30,,13.53
2016-08-31,,13.0
2016-09-01,,12.45
2016-09-02,,11.98
2016-09-03,,11.52
2016-09-04,,10.97
2016-09-05,,10.41
2016-09-06,,9.96
2016-09-07,,10.01
2016-09-08,,10.59
2016-09-09,,11.27
2016-09-10,,11.96
2016-09-11,,12.4
2016-09-12,,12.76
2016-09-13,,12.95
2016-09-14,,13.01
2016-09-15,,12.95
2016-09-16,,13.04
2016-09-17,,12.96
2016-09-18,,12.82
2016-09-19,,12.56
2016-09-20,,12.21
2016-09-21,,11.95
2016-09-22,,12.69
2016-09-23,,13.75
2016-09-24,,14.4
2016-09-25,,15.11
2016-09-26,,15.84
2016-09-27,,16.45
2016-09-28,,16.79
2016-09-29,,16.83
2016-09-30,,16.6
2016-10-01,,16.18
2016-10-02,,15.65
2016-10-03,,15.06
2016-10-04,,14.51
2016-10-05,,14.06
2016-10-06,,13.71
2016-10-07,,13.37
2016-10-08,,13.12
2016-10-09,,12.9
2016-10-10,,12.67
2016-10-11,,12.44
2016-10-12,,12.25
2016-10-13,,12.05
2016-10-14,,11.9
2016-10-15,,11.77
2016-10-16,,11.64
2016-10-17,,11.44
2016-10-18,,11.32
2016-10-19,,11.22
2016-10-20,,11.21
2016-10-21,,11.16
2016-10-22,,11.17
2016-10-23,,11.29
2016-10-24,,11.44
2016-10-25,,11.51
2016-10-26,,11.65
2016-10-27,,11.67
2016-10-28,,11.59
2016-10-29,,11.52
2016-10-30,,11.43
2016-10-31,,11.36
2016-11-01,,11.27
2016-11-02,,11.05
2016-11-03,,10.82
2016-11-04,,10.67
2016-11-05,,10.73
2016-11-06,,10.71
2016-11-07,,10.63
2016-11-08,,10.52
2016-11-09,,10.35
2016-11-10,,10.12
2016-11-11,,9.87
2016-11-12,,9.62
2016-11-13,,9.41
2016-11-14,,9.25
2016-11-15,,9.18
2016-11-16,,8.97
2016-11-17,,8.79
2016-11-18,,8.92
2016-11-19,,8.9
2016-11-20,,8.48
2016-11-21,,8.51
2016-11-22,,8.65
2016-11-23,,8.75
2016-11-24,,8.79
2016-11-25,,8.75
2016-11-26,,8.74
2016-11-27,,8.77
2016-11-28,,8.7
2016-11-29,,9.05
2016-11-30,,9.52
2016-12-01,,9.72
2016-12-02,,9.91
2016-12-03,,10.23
2016-12-04,,10.74
2016-12-05,,11.24
2016-12-06,,11.57
2016-12-07,,11.62
2016-12-08,,11.5
2016-12-09,,11.33
2016-12-10,,11.26
2016-12-11,,11.14
2016-12-12,,10.74
2016-12-13,,10.15
2016-12-14,,9.59
2016-12-15,,9.97
2016-12-16,,9.66
2016-12-17,,9.85
2016-12-19,,10.33
2016-12-20,,10.35
2016-12-21,,10.89
2016-12-22,,11.5
2016-12-23,,11.97
2016-12-24,,12.19
2016-12-25,,12.35
2016-12-26,,12.52
2016-12-27,,12.59
2016-12-28,,12.61
2016-12-29,,12.55
2016-12-30,,12.45
2016-12-31,,12.38
2017-01-01,,12.29
2017-01-02,,12.26
2017-01-03,,12.27
2017-01-04,,12.15
2017-01-05,,11.9
2017-01-06,,11.45
2017-01-07,,10.67
2017-01-08,,9.94
2017-01-09,,9.72
2017-01-10,,9.73
2017-01-11,,9.8
2017-01-12,,9.85
2017-01-13,,9.86
2017-01-14,,9.89
2017-01-15,,9.82
2017-01-16,,9.63
2017-01-17,,9.44
2017-01-18,,9.44
2017-01-19,,9.84
2017-01-20,,10.36
2017-01-21,,10.77
2017-01-22,,11.1
2017-01-23,,11.45
2017-01-24,,11.67
2017-01-25,,11.74
2017-01-26,,11.79
2017-01-27,,11.89
2017-01-28,,12.12
2017-01-29,,12.32
2017-01-30,,12.46
2017-01-31,,12.47
2017-02-01,,12.39
2017-02-02,,12.09
2017-02-03,,11.67
2017-02-04,,11.31
2017-02-05,,10.83
2017-02-06,,10.23
2017-02-07,,10.02
2017-02-08,,10.1
2017-02-09,,10.21
2017-02-10,,10.24
2017-02-11,,10.13
2017-02-12,,9.85
2017-02-13,,9.67
2017-02-14,,9.75
2017-02-15,,9.54
2017-02-16,,9.42
2017-02-17,,9.32
2017-02-18,,9.13
2017-02-19,,9.03
2017-02-20,,9.32
2017-02-21,,9.92
2017-02-22,,10.59
2017-02-23,,11.41
2017-02-24,,12.18
2017-02-25,,12.7
2017-02-26,,13.35
2017-02-27,,14.08
2017-02-28,,14.8
2017-03-01,,15.39
2017-03-02,,15.67
2017-03-03,,15.56
2017-03-04,,15.07
2017-03-05,,14.54
2017-03-06,,14.07
2017-03-07,,13.69
2017-03-08,,13.32
2017-03-09,,13.14
2017-03-10,,13.11
2017-03-11,,13.1
2017-03-12,,13.11
2017-03-13,,13.25
2017-03-14,,13.2
2017-03-15,,12.77
2017-03-16,,12.19
2017-03-17,,11.75
2017-03-18,,11.41
2017-03-19,,10.6
2017-03-20,,10.13
2017-03-21,,10.08
2017-03-22,,9.95
2017-03-23,,9.55
2017-03-24,,9.48
2017-03-25,,9.65
2017-03-26,,9.84
2017-03-27,,9.85
2017-03-28,,9.8
2017-03-29,,9.82
2017-03-30,,9.88
2017-03-31,,10.01
2017-04-01,,10.26
2017-04-02,,10.53
2017-04-03,,10.63
2017-04-04,,10.67
2017-04-05,,10.7
2017-04-06,,10.8
2017-04-07,,10.82
2017-04-08,,10.84
2017-04-09,,11.14
2017-04-10,,11.47
2017-04-11,,11.38
2017-04-12,,11.06
2017-04-13,,10.89
2017-04-14,,10.82
2017-04-15,,11.34
2017-04-16,,11.85
2017-04-17,,12.18
2017-04-18,,12.51
2017-04-19,,12.95
2017-04-20,,13.33
2017-04-21,,13.65
2017-04-22,,13.8
2017-04-23,,13.71
2017-04-24,,13.67
2017-04-25,,13.94
2017-04-26,,14.35
2017-04-27,,14.58
2017-04-28,,14.58
2017-04-29,,14.45
2017-04-30,,14.22
2017-05-01,,14.06
2017-05-02,,14.04
2017-05-03,,14.02
2017-05-04,,14.1
2017-05-05,,14.16
2017-05-06,,14.24
2017-05-07,,14.42
2017-05-08,,14.55
2017-05-09,,14.67
2017-05-10,,14.59
2017-05-11,,14.38
2017-05-12,,14.03
2017-05-13,,13.68
2017-05-14,,13.4
2017-05-15,,13.13
2017-05-16,,12.84
2017-05-17,,12.62
2017-05-18,,12.58
2017-05-19,,12.62
2017-05-20,,12.66
2017-05-21,,12.97
2017-05-22,,13.74
2017-05-23,,14.67
2017-05-24,,15.71
2017-05-25,,16.8
2017-05-26,,17.52
2017-05-27,,17.78
2017-05-28,,17.74
2017-05-29,,17.46
2017-05-30,,17.03
2017-05-31,,16.52
2017-06-01,,15.99
2017-06-02,,15.42
2017-06-03,,14.91
2017-06-04,,14.45
2017-06-05,,13.99
2017-06-06,,13.6
2017-06-07,,13.26
2017-06-08,,12.87
2017-06-09,,12.53
2017-06-10,,12.09
2017-06-11,,11.69
2017-06-12,,11.21
2017-06-13,,10.8
2017-06-14,,10.67
2017-06-15,,10.79
2017-06-16,,11.13
2017-06-17,,11.68
2017-06-18,,12.26
2017-06-19,,12.82
2017-06-20,,13.21
2017-06-21,,13.13
2017-06-22,,12.85
2017-06-23,,12.75
2017-06-24,,12.78
2017-06-25,,12.82
2017-06-26,,12.76
2017-06-27,,12.53
2017-06-28,,12.18
2017-06-29,,11.83
2017-06-30,,11.43
2017-07-01,,11.27
2017-07-02,,10.97
2017-07-03,,10.54
2017-07-04,,10.09
2017-07-05,,9.57
2017-07-06,,9.35
2017-07-07,,9.15
2017-07-08,,8.92
2017-07-09,,9.02
2017-07-10,,9.05
2017-07-11,,8.86
2017-07-12,,9.04
2017-07-13,,9.21
2017-07-14,,9.21
2017-07-15,,9.09
2017-07-16,,9.11
2017-07-17,,9.27
2017-07-18,,9.35
2017-07-19,,9.15
2017-07-20,,8.99
2017-07-21,,9.76
2017-07-22,,11.08
2017-07-23,,11.84
2017-07-24,,12.11
2017-07-25,,11.63
2017-07-26,,10.51
2017-07-27,,9.47
2017-07-28,,9.06
2017-07-29,,8.95
2017-07-30,,8.75
2017-07-31,,8.41
2017-08-01,,7.87
2017-08-02,,7.59
2017-08-03,,7.75
2017-08-04,,7.75
2017-08-05,,7.54
2017-08-06,,7.3
2017-08-07,,7.87
2017-08-08,,8.14
2017-08-09,,8.29
2017-08-10,,8.41
2017-08-11,,8.34
2017-08-12,,7.96
2017-08-13,,7.75
2017-08-14,,7.66
2017-08-15,,7.64
2017-08-16,,7.9
2017-08-17,,8.05
2017-08-18,,8.2
2017-08-19,,8.45
2017-08-20,,8.71
2017-08-21,,8.73
2017-08-22,,8.8
2017-08-23,,9.07
2017-08-24,,9.11
2017-08-25,,9.02
2017-08-26,,8.97
2017-08-27,,9.13
2017-08-28,,9.21
2017-08-29,,9.22
2017-08-30,,9.32
2017-08-31,,9.48
2017-09-01,,9.57
2017-09-02,,9.62
2017-09-03,,9.66
2017-09-04,,9.69
2017-09-05,,9.65
2017-09-06,,9.58
2017-09-07,,9.38
2017-09-08,,9.07
2017-09-09,,8.77
2017-09-10,,8.56
2017-09-11,,8.44
2017-09-12,,8.22
2017-09-13,,7.98
2017-09-14,,8.01
2017-09-15,,8.04
2017-09-16,,7.92
2017-09-17,,7.46
2017-09-18,,7.26
2017-09-19,,7.49
2017-09-20,,7.74
2017-09-21,,7.7
2017-09-22,,7.73
2017-09-23,,7.89
2017-09-24,,7.97
2017-09-25,,7.82
2017-09-26,,7.83
2017-09-27,,8.08
2017-09-28,,8.14
2017-09-29,,8.11
2017-09-30,,8.31
2017-10-01,,8.4
2017-10-02,,8.39
2017-10-03,,8.53
2017-10-04,,8.86
2017-10-05,,8.94
2017-10-06,,8.96
2017-10-07,,9.37
2017-10-08,,9.95
2017-10-09,,10.46
2017-10-10,,10.95
2017-10-11,,11.39
2017-10-12,,11.83
2017-10-13,,12.33
2017-10-14,,12.78
2017-10-15,,13.08
2017-10-16,,13.17
2017-10-17,,13.25
2017-10-18,,13.23
2017-10-19,,13.07
2017-10-20,,12.83
2017-10-21,,12.58
2017-10-22,,12.51
2017-10-23,,12.41
2017-10-24,,12.26
2017-10-25,,12.04
2017-10-26,,11.81
2017-10-27,,11.52
2017-10-28,,11.28
2017-10-29,,10.96
2017-10-30,,10.62
2017-10-31,,10.49
2017-11-01,,10.1
2017-11-02,,9.85
2017-11-03,,9.86
2017-11-04,,9.79
2017-11-05,,9.69
2017-11-06,,9.71
2017-11-07,,9.67
2017-11-08,,9.66
2017-11-09,,9.64
2017-11-10,,9.48
2017-11-11,,9.26
2017-11-12,,9.25
2017-11-13,,9.25
2017-11-14,,9.22
2017-11-15,,8.98
2017-11-16,,8.79
2017-11-17,,8.65
2017-11-18,,8.73
2017-11-19,,8.78
2017-11-20,,8.73
2017-11-21,,8.86
2017-11-22,,8.98
2017-11-23,,8.9
2017-11-24,,8.84
2017-11-25,,8.57
2017-11-26,,8.35
2017-11-27,,8.42
2017-11-28,,8.43
2017-11-29,,8.37
2017-11-30,,8.39
2017-12-01,,8.41
2017-12-02,,8.41
2017-12-03,,8.4
2017-12-04,,8.32
2017-12-05,,8.17
2017-12-06,,8.17
2017-12-07,,8.16
2017-12-08,,8.15
2017-12-09,,7.93
2017-12-10,,7.3
2017-12-11,,7.32
2017-12-12,,7.72
2017-12-13,,8.01
2017-12-14,,8.38
2017-12-15,,8.58
2017-12-16,,8.57
2017-12-17,,8.27
2017-12-18,,8.18
2017-12-19,,8.4
2017-12-20,,8.6
2017-12-21,,8.66
2017-12-22,,8.51
2017-12-23,,8.45
2017-12-24,,8.42
2017-12-25,,8.39
2017-12-26,,8.93
2017-12-27,,9.12
2017-12-28,,8.92
2017-12-29,,8.6
2017-12-30,,8.35
2017-12-31,,8.41
2018-01-01,,8.75
2018-01-02,,9.06
2018-01-03,,9.08
2018-01-04,,9.02
2018-01-05,,8.98
2018-01-06,,8.92
2018-01-07,,8.82
2018-01-08,,8.72
2018-01-09,,8.67
2018-01-10,,8.64
2018-01-11,,8.49
2018-01-12,,8.39
2018-01-13,,8.35
2018-01-14,,8.21
2018-01-15,,8.14
2018-01-16,,8.12
2018-01-17,,8.13
2018-01-18,,8.16
2018-01-19,,8.17
2018-01-20,,8.21
2018-01-21,,8.35
2018-01-22,,8.67
2018-01-23,,9.11
2018-01-24,,9.33
2018-01-25,,9.49
2018-01-26,,9.37
2018-01-27,,9.21
2018-01-28,,9.14
2018-01-29,,9.07
2018-01-30,,9.0
2018-01-31,,8.9
2018-02-01,,8.65
2018-02-02,,8.36
2018-02-03,,8.2
2018-02-04,,8.18
2018-02-05,,8.18
2018-02-06,,8.09
2018-02-07,,7.93
2018-02-08,,7.93
2018-02-09,,8.05
2018-02-10,,8.18
2018-02-11,,8.29
2018-02-12,,8.21
2018-02-13,,8.18
2018-02-14,,8.22
2018-02-15,,8.29
2018-02-16,,8.41
2018-02-17,,8.51
2018-02-18,,8.49
2018-02-19,,8.47
2018-02-20,,8.74
2018-02-21,,9.03
2018-02-22,,9.27
2018-02-23,,9.48
2018-02-24,,9.63
2018-02-25,,9.68
2018-02-26,,9.5
2018-02-27,,9.36
2018-02-28,,9.31
2018-03-01,,9.23
2018-03-02,,9.29
2018-03-03,,8.85
2018-03-04,,8.23
2018-03-05,,7.76
2018-03-06,,7.53
2018-03-07,,7.6
2018-03-08,,7.67
2018-03-09,,7.61
2018-03-10,,7.63
2018-03-11,,7.55
2018-03-12,,7.44
2018-03-13,,7.42
2018-03-14,,7.6
2018-03-15,,7.7
2018-03-16,,7.77
2018-03-17,,7.89
2018-03-18,,7.89
2018-03-19,,7.9
2018-03-20,,7.98
2018-03-21,,8.05
2018-03-22,,8.33
2018-03-23,,8.62
2018-03-24,,8.7
2018-03-25,,8.64
2018-03-26,,8.56
2018-03-27,,8.6
2018-03-28,,8.71
2018-03-29,,8.81
2018-03-30,,8.89
2018-03-31,,9.01
2018-04-01,,9.23
2018-04-02,,9.62
2018-04-03,,9.97
2018-04-04,,10.13
2018-04-05,,10.09
2018-04-06,,10.03
2018-04-07,,9.82
2018-04-08,,9.62
2018-04-09,,9.52
2018-04-10,,9.38
2018-04-11,,9.19
2018-04-12,,9.09
2018-04-13,,9.1
2018-04-14,,9.41
2018-04-15,,9.85
2018-04-16,,10.25
2018-04-17,,10.67
2018-04-18,,11.0
2018-04-19,,11.12
2018-04-20,,11.01
2018-04-21,,10.79
2018-04-22,,10.74
2018-04-23,,11.0
2018-04-24,,11.46
2018-04-25,,11.94
2018-04-26,,12.53
2018-04-27,,13.28
2018-04-28,,14.04
2018-04-29,,14.71
2018-04-30,,15.42
2018-05-01,,16.14
2018-05-02,,16.86
2018-05-03,,17.27
2018-05-04,,17.8
2018-05-05,,18.05
2018-05-06,,18.17
2018-05-07,,18.19
2018-05-08,,18.06
2018-05-09,,17.84
2018-05-10,,17.47
2018-05-11,,17.06
2018-05-12,,16.62
2018-05-13,,16.2
2018-05-14,,15.87
2018-05-15,,15.54
2018-05-16,,15.13
2018-05-17,,14.68
2018-05-18,,14.18
2018-05-19,,13.7
2018-05-20,,13.29
2018-05-21,,12.87
2018-05-22,,12.48
2018-05-23,,12.09
2018-05-24,,11.76
2018-05-25,,11.46
2018-05-26,,11.14
2018-05-27,,10.83
2018-05-28,,10.59
2018-05-29,,10.2
2018-05-30,,9.94
2018-05-31,,10.04
2018-06-01,,10.23
2018-06-02,,10.22
2018-06-03,,10.14
2018-06-04,,10.06
2018-06-05,,10.14
2018-06-06,,10.15
2018-06-07,,10.08
2018-06-08,,10.03
2018-06-09,,10.24
2018-06-10,,10.77
2018-06-11,,11.02
2018-06-12,,11.26
2018-06-13,,11.24
2018-06-14,,11.04
2018-06-15,,10.82
2018-06-16,,10.58
2018-06-17,,10.33
2018-06-18,,10.36
2018-06-19,,10.7
2018-06-20,,11.2
2018-06-21,,11.88
2018-06-22,,12.59
2018-06-23,,13.45
2018-06-24,,14.45
2018-06-25,,15.48
2018-06-26,,16.29
2018-06-27,,16.7
2018-06-28,,16.71
2018-06-29,,16.51
2018-06-30,,16.2
2018-07-01,,15.85
2018-07-02,,15.46
2018-07-03,,15.13
2018-07-04,,14.87
2018-07-05,,14.65
2018-07-06,,14.37
2018-07-07,,14.12
2018-07-08,,13.95
2018-07-09,,13.86
2018-07-10,,13.74
2018-07-11,,13.54
2018-07-12,,13.28
2018-07-13,,13.09
2018-07-14,,13.06
2018-07-15,,13.01
2018-07-16,,12.9
2018-07-17,,12.77
2018-07-18,,12.71
2018-07-19,,12.69
2018-07-20,,12.81
2018-07-21,,12.83
2018-07-22,,12.71
2018-07-23,,12.52
2018-07-24,,12.37
2018-07-25,,12.15
2018-07-26,,11.87
2018-07-27,,11.57
2018-07-28,,11.14
2018-07-29,,10.73
2018-07-30,,10.44
2018-07-31,,10.17
2018-08-01,,9.88
2018-08-02,,9.65
2018-08-03,,9.49
2018-08-04,,9.38
2018-08-05,,9.13
2018-08-06,,9.0
2018-08-07,,8.86
2018-08-08,,8.69
2018-08-09,,8.57
2018-08-10,,8.28
2018-08-11,,8.21
2018-08-12,,8.32
2018-08-13,,8.18
2018-08-14,,8.02
2018-08-15,,7.96
2018-08-16,,8.01
2018-08-17,,8.1
2018-08-18,,8.04
2018-08-19,,7.91
2018-08-20,,7.71
2018-08-21,,6.97
2018-08-22,,7.17
2018-08-23,,7.76
2018-08-24,,8.09
2018-08-25,,8.12
2018-08-26,,8.09
2018-08-27,,8.1
2018-08-28,,8.1
2018-08-29,,8.82
2018-08-30,,9.51
2018-08-31,,10.14
2018-09-01,,10.92
2018-09-02,,11.0
2018-09-03,,11.13
2018-09-04,,11.5
2018-09-05,,11.87
2018-09-06,,12.18
2018-09-07,,12.52
2018-09-08,,12.85
2018-09-09,,13.0
2018-09-10,,13.22
2018-09-11,,13.37
2018-09-12,,13.4
2018-09-13,,13.14
2018-09-14,,12.6
2018-09-15,,11.92
2018-09-16,,11.0
2018-09-17,,10.09
2018-09-18,,9.54
2018-09-19,,9.18
2018-09-20,,9.51
2018-09-21,,9.68
2018-09-22,,9.8
2018-09-23,,9.95
2018-09-24,,10.18
2018-09-25,,10.62
2018-09-26,,10.99
2018-09-27,,11.06
2018-09-28,,11.19
2018-09-29,,11.27
2018-09-30,,11.25
2018-10-01,,11.33
2018-10-02,,11.61
2018-10-03,,11.74
2018-10-04,,12.06
2018-10-05,,12.2
2018-10-06,,12.26
2018-10-07,,12.31
2018-10-08,,12.52
2018-10-09,,12.81
2018-10-10,,13.09
2018-10-11,,13.36
2018-10-12,,13.55
2018-10-13,,13.71
2018-10-14,,14.07
2018-10-15,,14.65
2018-10-16,,15.32
2018-10-17,,15.94
2018-10-18,,16.29
2018-10-19,,16.39
2018-10-20,,16.26
2018-10-21,,15.83
2018-10-22,,15.47
2018-10-23,,15.07
2018-10-24,,14.63
2018-10-25,,14.25
2018-10-26,,13.92
2018-10-27,,13.64
2018-10-28,,13.32
2018-10-29,,13.04
2018-10-30,,12.73
2018-10-31,,12.4
2018-11-01,,12.06
2018-11-02,,11.81
2018-11-03,,11.59
2018-11-04,,11.44
2018-11-05,,11.24
2018-11-06,,11.36
2018-11-07,,11.63
2018-11-08,,11.71
2018-11-09,,11.79
2018-11-10,,11.9
2018-11-11,,12.09
2018-11-12,,12.35
2018-11-13,,12.5
2018-11-14,,12.36
2018-11-15,,11.98
2018-11-16,,11.57
2018-11-17,,11.07
2018-11-18,,10.39
2018-11-19,,9.96
2018-11-20,,9.84
2018-11-21,,9.79
2018-11-22,,9.69
2018-11-23,,9.48
2018-11-24,,9.07
2018-11-25,,8.8
2018-11-26,,8.87
2018-11-27,,8.97
2018-11-28,,9.01
2018-11-29,,8.92
2018-11-30,,8.79
2018-12-01,,8.71
2018-12-02,,8.83
2018-12-03,,9.05
2018-12-04,,9.15
2018-12-05,,9.1
2018-12-06,,9.02
2018-12-07,,8.8
2018-12-08,,8.45
2018-12-09,,8.08
2018-12-10,,7.83
2018-12-11,,7.93
2018-12-12,,8.14
2018-12-13,,8.2
2018-12-14,,8.32
2018-12-15,,8.54
2018-12-16,,8.68
2018-12-17,,8.7
2018-12-18,,8.67
2018-12-19,,8.63
2018-12-20,,8.52
2018-12-21,,8.4
2018-12-22,,8.37
2018-12-23,,8.41
2018-12-24,,8.25
2018-12-25,,8.14
2018-12-26,,8.22
2018-12-27,,8.28
2018-12-28,,8.55
2018-12-29,,9.02
2018-12-30,,9.18
2018-12-31,,9.25
2019-01-01,,9.43
2019-01-02,,9.6
2019-01-03,,9.63
2019-01-04,,9.53
2019-01-05,,9.37
2019-01-06,,9.22
2019-01-07,,9.21
2019-01-08,,9.22
2019-01-09,,8.86
2019-01-10,,8.4
2019-01-11,,8.5
2019-01-12,,9.19
2019-01-13,,9.72
2019-01-14,,10.06
2019-01-15,,10.37
2019-01-16,,10.54
2019-01-17,,10.41
2019-01-18,,10.0
2019-01-19,,10.1
2019-01-20,,10.33
2019-01-21,,10.12
2019-01-22,,9.75
2019-01-23,,9.51
2019-01-24,,9.47
2019-01-25,,9.64
2019-01-26,,10.04
2019-01-27,,10.3
2019-01-28,,10.36
2019-01-29,,10.28
2019-01-30,,10.17
2019-01-31,,10.09
2019-02-01,,9.9
2019-02-02,,9.79
2019-02-03,,9.78
2019-02-04,,9.99
2019-02-05,,10.12
2019-02-06,,10.34
2019-02-07,,10.62
2019-02-08,,10.76
2019-02-09,,10.71
2019-02-10,,10.55
2019-02-11,,10.26
2019-02-12,,9.87
2019-02-13,,9.72
2019-02-14,,9.72
2019-02-15,,9.68
2019-02-16,,9.67
2019-02-17,,9.69
2019-02-18,,9.72
2019-02-19,,9.62
2019-02-20,,9.57
2019-02-21,,9.57
2019-02-22,,9.56
2019-02-23,,9.59
2019-02-24,,9.7
2019-02-25,,9.75
2019-02-26,,9.71
2019-02-27,,9.51
2019-02-28,,9.33
2019-03-01,,9.29
2019-03-02,,9.3
2019-03-03,,9.32
2019-03-04,,9.25
2019-03-05,,9.13
2019-03-06,,9.03
2019-03-07,,9.01
2019-03-08,,9.03
2019-03-09,,9.12
2019-03-10,,9.3
2019-03-11,,9.43
2019-03-12,,9.56
2019-03-13,,9.81
2019-03-14,,10.98
2019-03-15,,12.21
2019-03-16,,13.63
2019-03-17,,14.92
2019-03-18,,16.1
2019-03-19,,16.77
2019-03-20,,16.84
2019-03-21,,17.08
2019-03-22,,17.27
2019-03-23,,17.44
2019-03-24,,17.4
2019-03-25,,17.33
2019-03-26,,17.39
2019-03-27,,17.62
2019-03-28,,18.11
2019-03-29,,18.73
2019-03-30,,19.42
2019-03-31,,19.96
2019-04-01,,20.41
2019-04-02,,20.85
2019-04-03,,21.13
2019-04-04,,21.3
2019-04-05,,21.28
2019-04-06,,20.99
2019-04-07,,20.61
2019-04-08,,20.18
2019-04-09,,19.77
2019-04-10,,19.44
2019-04-11,,19.21
2019-04-12,,19.13
2019-04-13,,19.26
2019-04-14,,19.43
2019-04-15,,19.45
2019-04-16,,19.36
2019-04-17,,18.99
2019-04-18,,18.61
2019-04-19,,18.22
2019-04-20,,18.07
2019-04-21,,18.55
2019-04-22,,19.42
2019-04-23,,20.35
2019-04-24,,21.05
2019-04-25,,21.55
2019-04-26,,21.7
2019-04-27,,21.54
2019-04-28,,21.26
2019-04-29,,20.99
2019-04-30,,20.7
2019-05-01,,20.35
2019-05-02,,19.91
2019-05-03,,19.48
2019-05-04,,19.04
2019-05-05,,18.62
2019-05-06,,18.2
2019-05-07,,17.68
2019-05-08,,17.21
2019-05-09,,16.87
2019-05-10,,16.5
2019-05-11,,16.22
2019-05-12,,16.11
2019-05-13,,16.04
2019-05-14,,16.05
2019-05-15,,16.18
2019-05-16,,16.32
2019-05-17,,16.32
2019-05-18,,16.19
2019-05-19,,16.15
2019-05-20,,16.06
2019-05-21,,15.96
2019-05-22,,15.97
2019-05-23,,16.14
2019-05-24,,16.47
2019-05-25,,17.15
2019-05-26,,17.91
2019-05-27,,18.52
2019-05-28,,18.92
2019-05-29,,19.0
2019-05-30,,19.07
2019-05-31,,19.03
2019-06-01,,19.01
2019-06-02,,19.06
2019-06-03,,19.04
2019-06-04,,18.9
2019-06-05,,18.67
2019-06-06,,18.3
2019-06-07,,17.9
2019-06-08,,17.48
2019-06-09,,17.03
2019-06-10,,16.59
2019-06-11,,16.1
2019-06-12,,15.73
2019-06-13,,15.39
2019-06-14,,14.97
2019-06-15,,14.58
2019-06-16,,14.39
2019-06-17,,14.19
2019-06-18,,13.98
2019-06-19,,13.82
2019-06-20,,13.7
2019-06-21,,13.49
2019-06-22,,13.22
2019-06-23,,12.88
2019-06-24,,12.49
2019-06-25,,12.12
2019-06-26,,11.85
2019-06-27,,11.65
2019-06-28,,11.66
2019-06-29,,11.84
2019-06-30,,12.18
2019-07-01,,12.68
2019-07-02,,13.2
2019-07-03,,13.71
2019-07-04,,14.05
2019-07-05,,14.24
2019-07-06,,14.47
2019-07-07,,14.59
2019-07-08,,14.64
2019-07-09,,14.69
2019-07-10,,14.75
2019-07-11,,14.78
2019-07-12,,14.65
2019-07-13,,14.31
2019-07-14,,13.94
2019-07-15,,13.66
2019-07-16,,13.39
2019-07-17,,13.18
2019-07-18,,13.25
2019-07-19,,13.3
2019-07-20,,13.52
2019-07-21,,14.01
2019-07-22,,14.27
2019-07-23,,14.32
2019-07-24,,14.46
2019-07-25,,14.73
2019-07-26,,15.03
2019-07-27,,15.21
2019-07-28,,15.02
2019-07-29,,14.56
2019-07-30,,13.97
2019-07-31,,13.34
2019-08-01,,12.7
2019-08-02,,12.26
2019-08-03,,11.83
2019-08-04,,11.37
2019-08-05,,10.73
2019-08-06,,10.5
2019-08-07,,10.39
2019-08-08,,10.13
2019-08-09,,9.88
2019-08-10,,9.81
2019-08-11,,9.72
2019-08-12,,9.71
2019-08-13,,9.76
2019-08-14,,9.68
2019-08-15,,9.56
2019-08-16,,9.37
2019-08-17,,9.12
2019-08-18,,9.02
2019-08-19,,9.0
2019-08-20,,8.95
2019-08-21,,8.94
2019-08-22,,8.97
2019-08-23,,8.99
2019-08-24,,8.96
2019-08-25,,8.9
2019-08-26,,8.79
2019-08-27,,8.58
2019-08-28,,8.31
2019-08-29,,8.27
2019-08-30,,8.36
2019-08-31,,8.4
2019-09-01,,8.29
2019-09-02,,8.2
2019-09-03,,8.39
2019-09-04,,8.53
2019-09-05,,8.58
2019-09-06,,8.44
2019-09-07,,8.51
2019-09-08,,8.52
2019-09-09,,8.67
2019-09-10,,9.07
2019-09-11,,9.25
2019-09-12,,9.82
2019-09-13,,11.04
2019-09-14,,11.25
2019-09-15,,11.73
2019-09-16,,12.29
2019-09-17,,12.68
2019-09-18,,13.03
2019-09-19,,13.5
2019-09-20,,13.94
2019-09-21,,14.12
2019-09-22,,14.24
2019-09-23,,14.07
2019-09-24,,13.79
2019-09-25,,13.54
2019-09-26,,13.3
2019-09-27,,13.13
2019-09-28,,13.05
2019-09-29,,12.98
2019-09-30,,12.95
2019-10-01,,13.11
2019-10-02,,13.53
2019-10-03,,13.73
2019-10-04,,13.92
2019-10-05,,14.17
2019-10-06,,14.62
2019-10-07,,15.0
2019-10-08,,15.48
2019-10-09,,15.96
2019-10-10,,16.39
2019-10-11,,16.68
2019-10-12,,16.75
2019-10-13,,16.73
2019-10-14,,16.58
2019-10-15,,16.39
2019-10-16,,16.16
2019-10-17,,15.86
2019-10-18,,15.57
2019-10-19,,15.4
2019-10-20,,15.28
2019-10-21,,15.27
2019-10-22,,15.33
2019-10-23,,15.36
2019-10-24,,15.34
2019-10-25,,15.31
2019-10-26,,15.28
2019-10-27,,15.26
2019-10-28,,15.24
2019-10-29,,15.26
2019-10-30,,15.3
2019-10-31,,15.28
2019-11-01,,15.12
2019-11-02,,14.95
2019-11-03,,14.73
2019-11-04,,14.47
2019-11-05,,14.22
2019-11-06,,14.05
2019-11-07,,13.93
2019-11-08,,13.75
2019-11-09,,13.48
2019-11-10,,13.24
2019-11-11,,12.98
2019-11-12,,12.57
2019-11-13,,12.13
2019-11-14,,11.79
2019-11-15,,11.51
2019-11-16,,11.44
2019-11-17,,11.32
2019-11-18,,10.98
2019-11-19,,10.39
2019-11-20,,10.23
2019-11-21,,10.38
2019-11-22,,10.6
2019-11-23,,10.72
2019-11-24,,10.92
2019-11-25,,11.02
2019-11-26,,11.06
2019-11-27,,11.09
2019-11-28,,11.11
2019-11-29,,11.14
2019-11-30,,11.15
2019-12-01,,11.23
2019-12-02,,11.19
2019-12-03,,11.03
2019-12-04,,10.94
2019-12-05,,10.87
2019-12-06,,10.72
2019-12-07,,10.48
2019-12-08,,10.27
2019-12-09,,10.15
2019-12-10,,10.08
2019-12-11,,9.46
2019-12-12,,8.95
2019-12-13,,8.44
2019-12-14,,8.33
2019-12-15,,8.78
2019-12-16,,9.35
2019-12-17,,9.85
2019-12-18,,10.15
2019-12-19,,10.56
2019-12-20,,10.88
2019-12-21,,11.3
2019-12-22,,11.53
2019-12-23,,11.53
2019-12-24,,11.37
2019-12-25,,11.12
2019-12-26,,10.55
2019-12-27,,10.14
2019-12-28,,9.95
2019-12-29,,10.2
2019-12-30,,10.4
2019-12-31,,10.5
2020-01-01,,10.37
2020-01-02,,10.41
2020-01-03,,10.76
2020-01-04,,11.11
2020-01-05,,11.4
2020-01-06,,11.63
2020-01-07,,11.82
2020-01-08,,11.77
2020-01-09,,11.55
2020-01-10,,11.16
2020-01-11,,10.6
2020-01-12,,9.9
2020-01-13,,9.53
2020-01-14,,9.83
2020-01-15,,10.02
2020-01-16,,9.9
2020-01-17,,9.57
2020-01-18,,9.91
2020-01-19,,10.9
2020-01-20,,11.52
2020-01-21,,11.73
2020-01-22,,11.81
2020-01-23,,12.03
2020-01-24,,12.39
2020-01-25,,12.86
2020-01-26,,13.15
2020-01-27,,13.37
2020-01-28,,13.52
2020-01-29,,13.59
2020-01-30,,13.56
2020-01-31,,13.47
2020-02-01,,13.3
2020-02-02,,13.11
2020-02-03,,12.93
2020-02-04,,12.68
2020-02-05,,12.26
2020-02-06,,11.9
2020-02-07,,11.45
2020-02-08,,10.85
2020-02-09,,10.2
2020-02-10,,9.63
2020-02-11,,9.69
2020-02-12,,10.09
2020-02-13,,10.45
2020-02-14,,10.73
2020-02-15,,10.67
2020-02-16,,10.52
2020-02-17,,10.37
2020-02-18,,10.24
2020-02-19,,10.18
2020-02-20,,10.24
2020-02-21,,10.23
2020-02-22,,10.09
2020-02-23,,9.97
2020-02-24,,10.01
2020-02-25,,10.22
2020-02-26,,10.36
2020-02-27,,10.4
2020-02-28,,10.21
2020-02-29,,9.99
2020-03-01,,9.64
2020-03-02,,9.16
2020-03-03,,8.7
2020-03-04,,8.74
2020-03-05,,9.09
2020-03-06,,9.38
2020-03-07,,9.44
2020-03-08,,9.46
2020-03-09,,9.57
2020-03-10,,10.03
2020-03-11,,10.76
2020-03-12,,11.62
2020-03-13,,12.18
2020-03-14,,12.42
2020-03-15,,12.65
2020-03-16,,12.92
2020-03-17,,13.25
2020-03-18,,13.63
2020-03-19,,14.02
2020-03-20,,14.47
2020-03-21,,14.6
2020-03-22,,14.72
2020-03-23,,14.87
2020-03-24,,14.95
2020-03-25,,15.02
2020-03-26,,15.08
2020-03-27,,15.06
2020-03-28,,15.01
2020-03-29,,15.01
2020-03-30,,15.08
2020-03-31,,15.27
2020-04-01,,15.73
2020-04-02,,16.24
2020-04-03,,16.83
2020-04-04,,17.44
2020-04-05,,17.93
2020-04-06,,18.25
2020-04-07,,18.36
2020-04-08,,18.28
2020-04-09,,18.1
2020-04-10,,17.87
2020-04-11,,17.65
2020-04-12,,17.47
2020-04-13,,17.25
2020-04-14,,16.88
2020-04-15,,16.62
2020-04-16,,16.33
2020-04-17,,16.01
2020-04-18,,15.64
2020-04-19,,15.37
2020-04-20,,14.92
2020-04-21,,14.58
2020-04-22,,14.24
2020-04-23,,14.0
2020-04-24,,13.73
2020-04-25,,13.42
2020-04-26,,13.12
2020-04-27,,12.82
2020-04-28,,12.48
2020-04-29,,12.25
2020-04-30,,11.94
2020-05-01,,11.6
2020-05-02,,11.42
2020-05-03,,11.51
2020-05-04,,11.66
2020-05-05,,11.84
2020-05-06,,11.98
2020-05-07,,12.02
2020-05-08,,11.88
2020-05-09,,11.46
2020-05-10,,11.0
2020-05-11,,10.59
2020-05-12,,10.14
2020-05-13,,9.86
2020-05-14,,9.55
2020-05-15,,9.38
2020-05-16,,9.16
2020-05-17,,9.15
2020-05-18,,9.32
2020-05-19,,9.63
2020-05-20,,10.07
2020-05-21,,10.55
2020-05-22,,10.94
2020-05-23,,11.24
2020-05-24,,11.41
2020-05-25,,11.33
2020-05-26,,11.22
2020-05-27,,11.22
2020-05-28,,11.42
2020-05-29,,11.73
2020-05-30,,12.14
2020-05-31,,12.51
2020-06-01,,12.85
2020-06-02,,13.23
2020-06-03,,13.61
2020-06-04,,13.61
2020-06-05,,13.3
2020-06-06,,12.78
2020-06-07,,12.27
2020-06-08,,11.8
2020-06-09,,11.18
2020-06-10,,11.05
2020-06-11,,11.12
2020-06-12,,11.28
2020-06-13,,11.31
2020-06-14,,11.39
2020-06-15,,11.66
2020-06-16,,12.21
2020-06-17,,12.4
2020-06-18,,11.99
2020-06-19,,11.05
2020-06-20,,10.34
2020-06-21,,9.99
2020-06-22,,9.53
2020-06-23,,9.2
2020-06-24,,9.88
2020-06-25,,10.2
2020-06-26,,10.21
2020-06-27,,10.2
2020-06-28,,10.12
2020-06-29,,10.05
2020-06-30,,9.9
2020-07-01,,9.77
2020-07-02,,10.16
2020-07-03,,10.55
2020-07-04,,10.76
2020-07-05,,10.91
2020-07-06,,11.01
2020-07-07,,11.03
2020-07-08,,10.88
2020-07-09,,10.64
2020-07-10,,10.4
2020-07-11,,10.23
2020-07-12,,10.21
2020-07-13,,10.04
2020-07-14,,10.01
2020-07-15,,10.13
2020-07-16,,10.21
2020-07-17,,9.94
2020-07-18,,9.61
2020-07-19,,9.59
2020-07-20,,10.08
2020-07-21,,10.3
2020-07-22,,10.27
2020-07-23,,10.02
2020-07-24,,9.79
2020-07-25,,9.72
2020-07-26,,9.63
2020-07-27,,9.52
2020-07-28,,9.51
2020-07-29,,9.62
2020-07-30,,9.77
2020-07-31,,10.08
2020-08-01,,10.45
2020-08-02,,10.84
2020-08-03,,11.04
2020-08-04,,10.91
2020-08-05,,10.62
2020-08-06,,10.04
2020-08-07,,9.3
2020-08-08,,8.91
2020-08-09,,8.48
2020-08-10,,8.02
2020-08-11,,8.06
2020-08-12,,8.04
2020-08-13,,8.06
2020-08-14,,8.34
2020-08-15,,8.45
2020-08-16,,8.46
2020-08-17,,8.59
2020-08-18,,8.7
2020-08-19,,8.76
2020-08-20,,8.78
2020-08-21,,8.8
2020-08-22,,8.76
2020-08-23,,8.68
2020-08-24,,8.64
2020-08-25,,8.67
2020-08-26,,8.66
2020-08-27,,8.64
2020-08-28,,8.62
2020-08-29,,8.58
2020-08-30,,8.73
2020-08-31,,8.99
2020-09-01,,9.21
2020-09-02,,9.34
2020-09-03,,9.2
2020-09-04,,8.97
2020-09-05,,8.79
2020-09-06,,8.69
2020-09-07,,8.57
2020-09-08,,8.38
2020-09-09,,8.3
2020-09-10,,8.33
2020-09-11,,8.43
2020-09-12,,8.67
2020-09-13,,8.73
2020-09-14,,8.71
2020-09-15,,8.57
2020-09-16,,8.46
2020-09-17,,8.5
2020-09-18,,8.48
2020-09-19,,8.41
2020-09-20,,8.3
2020-09-21,,8.17
2020-09-22,,7.76
2020-09-23,,7.33
2020-09-24,,7.47
2020-09-25,,7.94
2020-09-26,,7.92
2020-09-27,,7.85
2020-09-28,,7.85
2020-09-29,,8.0
2020-09-30,,8.0
2020-10-01,,7.96
2020-10-02,,7.9
2020-10-03,,7.9
2020-10-04,,7.88
2020-10-05,,7.8
2020-10-06,,7.74
2020-10-07,,7.67
2020-10-08,,7.67
2020-10-09,,7.73
2020-10-10,,7.77
2020-10-11,,7.81
2020-10-12,,7.85
2020-10-13,,7.79
2020-10-14,,7.69
2020-10-15,,7.72
2020-10-16,,7.94
2020-10-17,,8.15
2020-10-18,,8.2
2020-10-19,,8.25
2020-10-20,,8.23
2020-10-21,,8.11
2020-10-22,,8.09
2020-10-23,,8.56
2020-10-24,,8.74
2020-10-25,,8.97
2020-10-26,,9.2
2020-10-27,,9.23
2020-10-28,,9.1
2020-10-29,,9.04
2020-10-30,,9.04
2020-10-31,,8.95
2020-11-01,,8.83
2020-11-02,,8.53
2020-11-03,,8.44
2020-11-04,,8.5
2020-11-05,,8.45
2020-11-06,,8.4
2020-11-07,,8.42
2020-11-08,,8.36
2020-11-09,,8.27
2020-11-10,,8.4
2020-11-11,,8.72
2020-11-12,,8.95
2020-11-13,,9.11
2020-11-14,,9.36
2020-11-15,,9.55
2020-11-16,,9.69
2020-11-17,,9.74
2020-11-18,,9.72
2020-11-19,,9.62
2020-11-20,,9.5
2020-11-21,,9.42
2020-11-22,,9.31
2020-11-23,,9.18
2020-11-24,,8.98
2020-11-25,,8.85
2020-11-26,,8.79
2020-11-27,,8.67
2020-11-28,,8.66
2020-11-29,,8.69
2020-11-30,,8.65
2020-12-01,,8.55
2020-12-02,,8.53
2020-12-03,,8.42
2020-12-04,,8.21
2020-12-05,,8.08
2020-12-06,,8.03
2020-12-07,,8.11
2020-12-08,,8.34
2020-12-09,,8.43
2020-12-10,,8.56
2020-12-11,,8.6
2020-12-12,,8.53
2020-12-13,,8.46
2020-12-14,,8.37
2020-12-15,,8.45
2020-12-16,,8.41
2020-12-17,,8.33
2020-12-18,,8.17
2020-12-19,,7.83
2020-12-20,,7.78
2020-12-21,,7.78
2020-12-22,,7.86
2020-12-23,,8.0
2020-12-24,,8.01
2020-12-25,,8.35
2020-12-26,,8.84
2020-12-27,,9.02
2020-12-28,,9.08
2020-12-29,,9.14
2020-12-30,,9.05
2020-12-31,,9.02
2021-01-01,,9.08
2021-01-02,,9.12
2021-01-03,,9.19
2021-01-04,,9.26
2021-01-05,,9.29
2021-01-06,,9.34
2021-01-07,,9.42
2021-01-08,,9.43
2021-01-09,,9.39
2021-01-10,,9.34
2021-01-11,,9.28
2021-01-12,,9.22
2021-01-13,,9.17
2021-01-14,,9.14
2021-01-15,,9.2
2021-01-16,,9.29
2021-01-17,,9.36
2021-01-18,,9.34
2021-01-19,,9.31
2021-01-20,,9.09
2021-01-21,,8.81
2021-01-22,,8.8
2021-01-23,,8.67
2021-01-24,,8.53
2021-01-25,,8.45
2021-01-26,,8.36
2021-01-27,,8.27
2021-01-28,,8.25
2021-01-29,,8.26
2021-01-30,,8.35
2021-01-31,,8.54
2021-02-01,,8.7
2021-02-02,,8.82
2021-02-03,,8.82
2021-02-04,,8.89
2021-02-05,,8.88
2021-02-06,,8.78
2021-02-07,,8.65
2021-02-08,,8.53
2021-02-09,,8.43
2021-02-10,,8.37
2021-02-11,,8.44
2021-02-12,,8.46
2021-02-13,,8.48
2021-02-14,,8.45
2021-02-15,,8.44
2021-02-16,,8.46
2021-02-17,,8.49
2021-02-18,,8.53
2021-02-19,,8.6
2021-02-20,,8.69
2021-02-21,,8.8
2021-02-22,,8.8
2021-02-23,,8.79
2021-02-24,,8.79
2021-02-25,,8.79
2021-02-26,,8.78
2021-02-27,,8.81
2021-02-28,,8.83
2021-03-01,,8.87
2021-03-02,,8.99
2021-03-03,,9.07
2021-03-04,,9.2
2021-03-05,,9.34
2021-03-06,,9.42
2021-03-07,,9.57
2021-03-08,,9.52
2021-03-09,,9.09
2021-03-10,,8.96
2021-03-11,,9.2
2021-03-12,,9.44
2021-03-13,,9.85
2021-03-14,,10.34
2021-03-15,,10.84
2021-03-16,,11.18
2021-03-17,,11.37
2021-03-18,,11.38
2021-03-19,,11.2
2021-03-20,,11.02
2021-03-21,,10.78
2021-03-22,,10.55
2021-03-23,,10.16
2021-03-24,,9.98
2021-03-25,,10.02
2021-03-26,,10.23
2021-03-27,,10.45
2021-03-28,,10.69
2021-03-29,,10.95
2021-03-30,,11.28
2021-03-31,,11.73
2021-04-01,,11.88
2021-04-02,,11.71
2021-04-03,,11.58
2021-04-04,,11.41
2021-04-05,,11.19
2021-04-06,,10.73
2021-04-07,,10.3
2021-04-08,,10.01
2021-04-09,,9.84
2021-04-10,,9.73
2021-04-11,,9.87
2021-04-12,,10.1
2021-04-13,,10.55
2021-04-14,,10.98
2021-04-15,,11.38
2021-04-16,,11.59
2021-04-17,,11.81
2021-04-18,,11.99
2021-04-19,,12.19
2021-04-20,,12.24
2021-04-21,,12.21
2021-04-22,,12.12
2021-04-23,,11.93
2021-04-24,,11.71
2021-04-25,,11.39
2021-04-26,,10.89
2021-04-27,,10.46
2021-04-28,,10.18
2021-04-29,,9.98
2021-04-30,,9.84
2021-05-01,,9.63
2021-05-02,,9.56
2021-05-03,,9.66
2021-05-04,,9.82
2021-05-05,,9.87
2021-05-06,,9.87
2021-05-07,,9.77
2021-05-08,,9.61
2021-05-09,,9.4
2021-05-10,,9.16
2021-05-11,,8.88
2021-05-12,,8.52
2021-05-13,,8.33
2021-05-14,,8.14
2021-05-15,,7.9
2021-05-16,,7.85
2021-05-17,,7.82
2021-05-18,,7.73
2021-05-19,,7.69
2021-05-20,,7.81
2021-05-21,,8.0
2021-05-22,,8.15
2021-05-23,,8.34
2021-05-24,,8.61
2021-05-25,,8.76
2021-05-26,,8.84
2021-05-27,,9.05
2021-05-28,,9.4
2021-05-29,,9.56
2021-05-30,,9.64
2021-05-31,,9.69
2021-06-01,,9.79
2021-06-02,,9.82
2021-06-03,,9.69
2021-06-04,,9.38
2021-06-05,,8.78
2021-06-06,,8.23
2021-06-07,,8.2
2021-06-08,,7.98
2021-06-09,,7.84
2021-06-10,,7.77
2021-06-11,,7.6
2021-06-12,,7.38
2021-06-13,,7.45
2021-06-14,,7.32
2021-06-15,,7.15
2021-06-16,,7.09
2021-06-17,,7.16
2021-06-18,,7.04
2021-06-19,,7.05
2021-06-20,,7.2
2021-06-21,,7.28
2021-06-22,,7.22
2021-06-23,,7.06
2021-06-24,,6.99
2021-06-25,,7.02
2021-06-26,,7.45
2021-06-27,,7.49
2021-06-28,,7.57
2021-06-29,,7.91
2021-06-30,,8.14
2021-07-01,,8.04
2021-07-02,,7.85
2021-07-03,,7.83
2021-07-04,,7.83
2021-07-05,,7.75
2021-07-06,,7.49
2021-07-07,,7.21
2021-07-08,,7.1
2021-07-09,,7.08
2021-07-10,,7.1
2021-07-11,,7.08
2021-07-12,,7.07
2021-07-13,,7.07
2021-07-14,,7.07
2021-07-15,,7.28
2021-07-16,,7.41
2021-07-17,,7.48
2021-07-18,,7.47
2021-07-19,,7.16
2021-07-20,,6.84
2021-07-21,,6.76
2021-07-22,,6.83
2021-07-23,,6.77
2021-07-24,,6.71
2021-07-25,,6.71
2021-07-26,,6.76
2021-07-27,,6.76
2021-07-28,,6.93
2021-07-29,,7.64
2021-07-30,,8.14
2021-07-31,,8.19
2021-08-01,,8.18
2021-08-02,,8.24
2021-08-03,,8.11
2021-08-04,,7.56
2021-08-05,,7.23
2021-08-06,,7.01
2021-08-07,,6.89
2021-08-08,,7.1
2021-08-09,,7.91
2021-08-10,,8.35
2021-08-11,,8.55
2021-08-12,,8.82
2021-08-13,,9.2
2021-08-14,,9.62
2021-08-15,,9.66
2021-08-16,,8.69
2021-08-17,,8.38
2021-08-18,,8.12
2021-08-19,,7.56
2021-08-20,,7.06
2021-08-21,,6.83
2021-08-22,,6.87
2021-08-23,,6.91
2021-08-24,,6.86
2021-08-25,,6.98
2021-08-26,,7.17
2021-08-27,,7.66
2021-08-28,,8.54
2021-08-29,,9.09
2021-08-30,,9.73
2021-08-31,,10.18
2021-09-01,,10.36
2021-09-02,,10.46
2021-09-03,,10.3
2021-09-04,,9.67
2021-09-05,,8.91
2021-09-06,,8.42
2021-09-07,,7.84
2021-09-08,,7.3
2021-09-09,,6.82
2021-09-10,,6.69
2021-09-11,,7.26
2021-09-12,,7.39
2021-09-13,,7.33
2021-09-14,,7.22
2021-09-15,,7.09
2021-09-16,,7.08
2021-09-17,,7.0
2021-09-18,,6.95
2021-09-19,,6.88
2021-09-20,,6.84
2021-09-21,,7.01
2021-09-22,,7.1
2021-09-23,,7.3
2021-09-24,,7.38
2021-09-25,,7.36
2021-09-26,,7.33
2021-09-27,,7.13
2021-09-28,,7.03
2021-09-29,,7.08
2021-09-30,,6.97
2021-10-01,,7.21
2021-10-02,,7.21
2021-10-03,,7.15
2021-10-04,,7.06
2021-10-05,,6.97
2021-10-06,,6.89
2021-10-07,,7.01
2021-10-08,,7.12
2021-10-09,,7.31
2021-10-10,,7.43
2021-10-11,,7.39
2021-10-12,,7.24
2021-10-13,,7.25
2021-10-14,,7.18
2021-10-15,,7.13
2021-10-16,,7.11
2021-10-17,,7.07
2021-10-18,,6.92
2021-10-19,,6.82
2021-10-20,,6.87
2021-10-21,,6.84
2021-10-22,,6.88
2021-10-23,,7.0
2021-10-24,,7.29
2021-10-25,,7.43
2021-10-26,,7.4
2021-10-27,,7.21
2021-10-28,,7.09
2021-10-29,,7.13
2021-10-30,,7.24
2021-10-31,,7.42
2021-11-01,,7.48
2021-11-02,,7.45
2021-11-03,,7.49
2021-11-04,,7.51
2021-11-05,,7.5
2021-11-06,,7.41
2021-11-07,,7.32
2021-11-08,,7.36
2021-11-09,,7.39
2021-11-10,,7.41
2021-11-11,,7.6
2021-11-12,,7.88
2021-11-13,,7.98
2021-11-14,,8.07
2021-11-15,,8.15
2021-11-16,,8.18
2021-11-17,,8.33
2021-11-18,,8.61
2021-11-19,,8.7
2021-11-20,,8.42
2021-11-21,,8.23
2021-11-22,,7.94
2021-11-23,,7.75
2021-11-24,,7.53
2021-11-25,,7.3
2021-11-26,,7.25
2021-11-27,,7.3
2021-11-28,,7.35
2021-11-29,,7.47
2021-11-30,,7.51
2021-12-01,,7.29
2021-12-02,,6.97
2021-12-03,,7.0
2021-12-04,,7.12
2021-12-05,,7.32
2021-12-06,,7.3
2021-12-07,,7.23
2021-12-08,,7.15
2021-12-09,,7.44
2021-12-10,,7.33
2021-12-11,,7.27
2021-12-12,,7.22
2021-12-13,,7.13
2021-12-14,,6.9
2021-12-15,,7.09
2021-12-16,,7.5
2021-12-17,,7.62
2021-12-18,,7.62
2021-12-19,,7.79
2021-12-20,,7.79
2021-12-21,,7.78
2021-12-22,,7.86
2021-12-23,,8.06
2021-12-24,,8.16
2021-12-25,,7.96
2021-12-26,,7.73
2021-12-27,,7.79
2021-12-28,,8.22
2021-12-29,,8.48
2021-12-30,,8.73
2021-12-31,,8.99
2022-01-01,,8.98
2022-01-02,,9.04
2022-01-03,,8.71
2022-01-04,,8.53
2022-01-05,,8.53
2022-01-06,,8.48
2022-01-07,,8.35
2022-01-08,,8.15
2022-01-09,,8.1
2022-01-10,,8.11
2022-01-11,,8.09
2022-01-12,,8.04
2022-01-13,,8.11
2022-01-14,,8.24
2022-01-15,,8.35
2022-01-16,,8.39
2022-01-17,,8.44
2022-01-18,,8.4
2022-01-19,,8.26
2022-01-20,,8.14
2022-01-21,,7.99
2022-01-22,,7.86
2022-01-23,,7.84
2022-01-24,,7.79
2022-01-25,,7.78
2022-01-26,,7.72
2022-01-27,,7.67
2022-01-28,,7.7
2022-01-29,,7.75
2022-01-30,,7.78
2022-01-31,,7.82
2022-02-01,,7.85
2022-02-02,,7.95
2022-02-03,,7.94
2022-02-04,,7.83
2022-02-05,,7.78
2022-02-06,,7.8
2022-02-07,,7.84
2022-02-08,,7.89
2022-02-09,,7.9
2022-02-10,,7.89
2022-02-11,,7.89
2022-02-12,,7.92
2022-02-13,,7.93
2022-02-14,,7.94
2022-02-15,,7.95
2022-02-16,,7.94
2022-02-17,,7.92
2022-02-18,,7.9
2022-02-19,,7.87
2022-02-20,,7.91
2022-02-21,,7.9
2022-02-22,,7.94
2022-02-23,,8.03
2022-02-24,,8.02
2022-02-25,,8.0
2022-02-26,,8.0
2022-02-27,,8.03
2022-02-28,,8.07
2022-03-01,,8.1
2022-03-02,,8.26
2022-03-03,,8.5
2022-03-04,,8.62
2022-03-05,,8.66
2022-03-06,,8.88
2022-03-07,,9.11
2022-03-08,,9.33
2022-03-09,,9.43
2022-03-10,,9.2
2022-03-11,,9.06
2022-03-12,,8.87
2022-03-13,,8.6
2022-03-14,,8.34
2022-03-15,,8.2
2022-03-16,,8.02
2022-03-17,,7.67
2022-03-18,,7.9
2022-03-19,,8.5
2022-03-20,,8.82
2022-03-21,,8.89
2022-03-22,,9.11
2022-03-23,,9.69
2022-03-24,,10.2
2022-03-25,,10.63
2022-03-26,,10.94
2022-03-27,,11.31
2022-03-28,,11.8
2022-03-29,,12.25
2022-03-30,,12.61
2022-03-31,,12.67
2022-04-01,,12.39
2022-04-02,,12.11
2022-04-03,,11.78
2022-04-04,,11.38
2022-04-05,,10.95
2022-04-06,,10.56
2022-04-07,,10.49
2022-04-08,,10.54
2022-04-09,,10.64
2022-04-10,,10.95
2022-04-11,,11.49
2022-04-12,,11.87
2022-04-13,,12.29
2022-04-14,,12.51
2022-04-15,,12.64
2022-04-16,,12.8
2022-04-17,,12.99
2022-04-18,,13.32
2022-04-19,,13.74
2022-04-20,,14.08
2022-04-21,,14.45
2022-04-22,,14.53
2022-04-23,,14.24
2022-04-24,,13.85
2022-04-25,,13.6
2022-04-26,,13.37
2022-04-27,,13.21
2022-04-28,,13.08
2022-04-29,,12.96
2022-04-30,,12.85
2022-05-01,,12.79
2022-05-02,,12.74
2022-05-03,,12.71
2022-05-04,,12.67
2022-05-05,,12.71
2022-05-06,,12.87
2022-05-07,,13.11
2022-05-08,,13.28
2022-05-09,,13.39
2022-05-10,,13.48
2022-05-11,,13.35
2022-05-12,,13.22
2022-05-13,,13.08
2022-05-14,,12.96
2022-05-15,,12.84
2022-05-16,,12.81
2022-05-17,,12.93
2022-05-18,,13.09
2022-05-19,,13.24
2022-05-20,,13.42
2022-05-21,,13.72
2022-05-22,,13.99
2022-05-23,,14.22
2022-05-24,,14.45
2022-05-25,,14.72
2022-05-26,,14.94
2022-05-27,,14.99
2022-05-28,,14.85
2022-05-29,,14.74
2022-05-30,,14.62
2022-05-31,,14.47
2022-06-01,,14.39
2022-06-02,,14.19
2022-06-03,,13.87
2022-06-04,,13.4
2022-06-05,,13.06
2022-06-06,,12.83
2022-06-07,,12.48
2022-06-08,,12.21
2022-06-09,,12.06
2022-06-10,,11.94
2022-06-11,,11.73
2022-06-12,,11.47
2022-06-13,,11.26
2022-06-14,,11.12
2022-06-15,,10.96
2022-06-16,,10.82
2022-06-17,,10.71
2022-06-18,,10.76
2022-06-19,,10.72
2022-06-20,,10.63
2022-06-21,,10.55
2022-06-22,,10.28
2022-06-23,,9.85
2022-06-24,,9.39
2022-06-25,,9.11
2022-06-26,,8.96
2022-06-27,,8.69
2022-06-28,,8.36
2022-06-29,,8.33
2022-06-30,,8.3
2022-07-01,,8.39
2022-07-02,,8.61
2022-07-03,,8.73
2022-07-04,,8.69
2022-07-05,,8.55
2022-07-06,,8.63
2022-07-07,,8.47
2022-07-08,,8.4
2022-07-09,,8.34
2022-07-10,,8.33
2022-07-11,,8.22
2022-07-12,,8.12
2022-07-13,,8.08
2022-07-14,,8.04
2022-07-15,,8.41
2022-07-16,,8.6
2022-07-17,,8.73
2022-07-18,,8.71
2022-07-19,,8.64
2022-07-20,,8.44
2022-07-21,,8.26
2022-07-22,,7.9
2022-07-23,,7.56
2022-07-24,,8.03
2022-07-25,,8.15
2022-07-26,,7.91
2022-07-27,,7.93
2022-07-28,,7.97
2022-07-29,,7.84
2022-07-30,,7.49
2022-07-31,,7.1
2022-08-01,,7.13
2022-08-02,,7.1
2022-08-03,,7.05
2022-08-04,,7.04
2022-08-05,,6.98
2022-08-06,,7.0
2022-08-07,,7.34
2022-08-08,,7.72
2022-08-09,,7.92
2022-08-10,,7.88
2022-08-11,,7.81
2022-08-12,,7.86
2022-08-13,,7.94
2022-08-14,,7.87
2022-08-15,,7.68
2022-08-16,,7.46
2022-08-17,,7.37
2022-08-18,,7.42
2022-08-19,,7.39
2022-08-20,,7.37
2022-08-21,,7.44
2022-08-22,,7.63
2022-08-23,,7.72
2022-08-24,,7.74
2022-08-25,,7.62
2022-08-26,,7.56
2022-08-27,,7.5
2022-08-28,,7.48
2022-08-29,,7.55
2022-08-30,,7.85
2022-08-31,,8.11
2022-09-01,,8.21
2022-09-02,,8.22
2022-09-03,,8.05
2022-09-04,,7.63
2022-09-05,,7.44
2022-09-06,,7.1
2022-09-07,,6.94
2022-09-08,,7.03
2022-09-09,,7.09
2022-09-10,,7.09
2022-09-11,,7.46
2022-09-12,,7.49
2022-09-13,,7.28
2022-09-14,,7.07
2022-09-15,,7.17
2022-09-16,,7.16
2022-09-17,,7.06
2022-09-18,,7.0
2022-09-19,,6.94
2022-09-20,,7.14
2022-09-21,,7.17
2022-09-22,,7.12
2022-09-23,,7.06
2022-09-24,,7.05
2022-09-25,,7.03
2022-09-26,,6.89
2022-09-27,,6.87
2022-09-28,,6.95
2022-09-29,,7.13
2022-09-30,,7.2
2022-10-01,,7.07
2022-10-02,,6.96
2022-10-03,,6.99
2022-10-04,,6.95
2022-10-05,,6.92
2022-10-06,,6.91
2022-10-07,,6.81
2022-10-08,,6.68
2022-10-09,,6.62
2022-10-10,,6.66
2022-10-11,,6.73
2022-10-12,,6.61
2022-10-13,,6.57
2022-10-14,,6.64
2022-10-15,,6.68
2022-10-16,,6.82
2022-10-17,,6.83
2022-10-18,,6.86
2022-10-19,,6.87
2022-10-20,,6.87
2022-10-21,,6.91
2022-10-22,,6.83
2022-10-23,,6.93
2022-10-24,,7.02
2022-10-25,,7.07
2022-10-26,,7.13
2022-10-27,,7.2
2022-10-28,,7.2
2022-10-29,,7.23
2022-10-30,,7.23
2022-10-31,,7.15
2022-11-01,,6.99
2022-11-02,,6.97
2022-11-03,,6.97
2022-11-04,,6.91
2022-11-05,,6.97
2022-11-06,,7.11
2022-11-07,,7.34
2022-11-08,,7.39
2022-11-09,,7.43
2022-11-10,,7.55
2022-11-11,,7.58
2022-11-12,,7.82
2022-11-13,,8.11
2022-11-14,,8.22
2022-11-15,,8.25
2022-11-16,,8.27
2022-11-17,,8.17
2022-11-18,,7.84
2022-11-19,,7.81
2022-11-20,,7.82
2022-11-21,,7.77
2022-11-22,,7.44
2022-11-23,,6.85
2022-11-24,,6.53
2022-11-25,,6.73
2022-11-26,,6.96
2022-11-27,,7.07
2022-11-28,,7.22
2022-11-29,,7.27
2022-11-30,,7.25
2022-12-01,,7.27
2022-12-02,,7.31
2022-12-03,,7.28
2022-12-04,,7.18
2022-12-07,,6.9
2022-12-08,,6.92
2022-12-09,,7.0
2022-12-10,,7.12
2022-12-11,,7.14
2022-12-12,,7.04
2022-12-13,,7.05
2022-12-14,,7.29
2022-12-15,,7.39
2022-12-16,,7.56
2022-12-17,,7.7
2022-12-18,,7.73
2022-12-29,,8.47
2022-12-30,,8.61
2022-12-31,,8.65
2023-01-01,,8.61
2023-01-02,,8.56
2023-01-03,,8.54
2023-01-04,,8.49
2023-01-05,,8.43
2023-01-06,,8.37
2023-01-07,,8.31
2023-01-08,,8.3
2023-01-09,,8.25
2023-01-10,,8.15
2023-01-11,,7.99
2023-01-12,,7.88
2023-01-13,,7.85
2023-01-14,,7.83
2023-01-15,,7.82
2023-01-16,,7.89
2023-01-17,,8.02
2023-01-18,,8.1
2023-01-19,,8.22
2023-01-20,,8.3
2023-01-21,,8.29
2023-01-22,,8.31
2023-01-23,,8.27
2023-01-24,,8.1
2023-01-25,,8.03
2023-01-26,,8.03
2023-01-27,,8.02
2023-01-28,,7.88
2023-01-29,,7.76
2023-01-30,,7.8
2023-01-31,,7.77
2023-02-01,,7.76
2023-02-02,,7.68
2023-02-03,,7.65
2023-02-04,,7.69
2023-02-05,,7.73
2023-02-06,,7.8
2023-02-07,,7.89
2023-02-08,,7.96
2023-02-09,,8.09
2023-02-10,,8.18
2023-02-11,,8.23
2023-02-12,,8.24
2023-02-13,,8.14
2023-02-14,,8.02
2023-02-15,,7.98
2023-02-16,,7.98
2023-02-17,,8.18
2023-02-18,,8.47
2023-02-19,,8.54
2023-02-20,,8.63
2023-02-21,,8.61
2023-02-22,,8.36
2023-02-23,,8.12
2023-02-24,,7.97
2023-02-25,,8.3
2023-02-26,,8.5
2023-02-27,,8.69
2023-02-28,,8.93
2023-03-01,,9.02
2023-03-02,,9.08
2023-03-03,,9.08
2023-03-04,,9.01
2023-03-05,,8.91
2023-03-06,,8.77
2023-03-07,,8.6
2023-03-08,,8.56
2023-03-09,,8.55
2023-03-10,,8.54
2023-03-11,,8.59
2023-03-12,,8.58
2023-03-13,,8.51
2023-03-14,,8.49
2023-03-15,,8.39
2023-03-16,,8.29
2023-03-17,,8.16
2023-03-18,,8.11
2023-03-19,,8.24
2023-03-20,,8.51
2023-03-21,,8.7
2023-03-22,,8.95
2023-03-23,,9.14
2023-03-24,,9.25
2023-03-25,,9.38
2023-03-26,,9.48
2023-03-27,,9.54
2023-03-28,,9.59
2023-03-29,,9.61
2023-03-30,,9.7
2023-03-31,,10.02
2023-04-01,,10.55
2023-04-02,,10.83
2023-04-03,,11.29
2023-04-04,,11.68
2023-04-05,,12.27
2023-04-06,,12.95
2023-04-07,,13.55
2023-04-08,,14.03
2023-04-09,,14.41
2023-04-10,,14.75
2023-04-11,,14.93
2023-04-12,,14.97
2023-04-13,,15.02
2023-04-14,,15.13
2023-04-15,,15.39
2023-04-16,,15.79
2023-04-17,,16.34
2023-04-18,,17.06
2023-04-19,,18.09
2023-04-20,,19.18
2023-04-21,,20.04
2023-04-22,,20.84
2023-04-23,,21.48
2023-04-24,,22.03
2023-04-25,,22.45
2023-04-26,,22.7
2023-04-27,,22.85
2023-04-28,,22.88
2023-04-29,,22.66
2023-04-30,,22.15
2023-05-01,,21.53
2023-05-02,,20.84
2023-05-03,,20.16
2023-05-04,,19.56
2023-05-05,,19.11
2023-05-06,,18.7
2023-05-07,,18.22
2023-05-08,,17.69
2023-05-09,,17.2
2023-05-10,,16.78
2023-05-11,,16.46
2023-05-12,,16.28
2023-05-13,,16.16
2023-05-14,,16.11
2023-05-15,,15.88
2023-05-16,,15.47
2023-05-17,,15.13
2023-05-18,,14.81
2023-05-19,,14.52
2023-05-20,,14.15
2023-05-21,,13.82
2023-05-22,,13.58
2023-05-23,,13.45
2023-05-24,,13.46
2023-05-25,,13.51
2023-05-26,,13.56
2023-05-27,,13.56
2023-05-28,,13.5
2023-05-29,,13.34
2023-05-30,,13.01
2023-05-31,,12.59
2023-06-01,,12.13
2023-06-02,,11.68
2023-06-03,,11.03
2023-06-04,,10.33
2023-06-05,,9.66
2023-06-06,,9.14
2023-06-07,,8.78
2023-06-08,,8.55
2023-06-09,,8.4
2023-06-10,,8.09
2023-06-11,,7.61
2023-06-12,,7.56
2023-06-13,,7.46
2023-06-14,,7.47
2023-06-15,,7.36
2023-06-16,,7.15
2023-06-17,,7.08
2023-06-18,,7.12
2023-06-19,,7.05
2023-06-20,,7.09
2023-06-21,,7.09
2023-06-22,,7.0
2023-06-23,,6.85
2023-06-24,,6.78
2023-06-25,,6.77
2023-06-26,,6.64
2023-06-27,,6.61
2023-06-28,,6.65
2023-06-29,,6.68
2023-06-30,,6.78
2023-07-01,,6.93
2023-07-02,,7.03
2023-07-03,,7.12
2023-07-04,,7.13
2023-07-05,,7.09
2023-07-06,,7.12
2023-07-07,,7.19
2023-07-08,,7.14
2023-07-09,,7.09
2023-07-10,,6.96
2023-07-11,,6.79
2023-07-12,,6.75
2023-07-13,,6.75
2023-07-14,,6.83
2023-07-15,,6.91
2023-07-16,,6.89
2023-07-17,,6.91
2023-07-18,,6.9
2023-07-19,,6.82
2023-07-20,,6.72
2023-07-21,,6.58
2023-07-22,,6.52
2023-07-23,,6.62
2023-07-24,,6.65
2023-07-25,,6.6
2023-07-26,,6.65
2023-07-27,,6.76
2023-07-28,,6.88
2023-07-29,,6.93
2023-07-30,,6.99
2023-07-31,,7.07
2023-08-01,,7.15
2023-08-02,,7.13
2023-08-03,,6.95
2023-08-04,,6.63
2023-08-05,,6.5
2023-08-06,,6.36
2023-08-07,,6.16
2023-08-08,,6.18
2023-08-09,,6.34
2023-08-10,,6.45
2023-08-11,,6.55
2023-08-12,,6.59
2023-08-13,,6.61
2023-08-14,,6.83
2023-08-15,,7.26
2023-08-16,,7.3
2023-08-17,,7.08
2023-08-18,,6.89
2023-08-19,,6.83
2023-08-20,,6.96
2023-08-21,,6.94
2023-08-22,,6.75
2023-08-23,,6.51
2023-08-24,,6.26
2023-08-25,,6.11
2023-08-26,,6.23
2023-08-27,,6.33
2023-08-28,,6.44
2023-08-29,,6.57
2023-08-30,,6.74
2023-08-31,,6.65
2023-09-01,,6.44
2023-09-02,,6.28
2023-09-03,,6.25
2023-09-04,,6.25
2023-09-05,,6.3
2023-09-06,,6.27
2023-09-07,,6.2
2023-09-08,,6.23
2023-09-09,,6.28
2023-09-10,,6.31
2023-09-11,,6.36
2023-09-12,,6.37
2023-09-13,,6.39
2023-09-14,,6.47
2023-09-15,,6.51
2023-09-16,,6.46
2023-09-17,,6.42
2023-09-18,,6.39
2023-09-19,,6.43
2023-09-20,,6.4
2023-09-21,,6.36
2023-09-22,,6.28
2023-09-23,,6.31
2023-09-24,,6.42
2023-09-25,,6.64
2023-09-26,,7.09
2023-09-27,,7.4
2023-09-28,,7.46
2023-09-29,,7.4
2023-09-30,,7.32
2023-10-01,,7.24
2023-10-02,,7.2
2023-10-03,,7.1
2023-10-04,,6.98
2023-10-05,,6.94
2023-10-06,,6.89
2023-10-07,,6.88
2023-10-08,,6.84
2023-10-09,,6.79
2023-10-10,,6.76
2023-10-11,,6.72
2023-10-12,,6.66
2023-10-13,,6.77
2023-10-14,,6.85
2023-10-15,,7.0
2023-10-16,,7.2
2023-10-17,,7.34
2023-10-18,,7.41
2023-10-19,,7.45
2023-10-20,,7.5
2023-10-21,,7.45
2023-10-22,,7.31
2023-10-23,,7.12
2023-10-24,,6.98
2023-10-25,,7.07
2023-10-26,,7.49
2023-10-27,,8.03
2023-10-28,,8.98
2023-10-29,,9.57
2023-10-30,,10.01
2023-10-31,,10.33
2023-11-01,,10.39
2023-11-02,,9.94
2023-11-03,,9.26
2023-11-04,,8.65
2023-11-05,,8.19
2023-11-06,,7.68
2023-11-07,,7.37
2023-11-08,,7.22
2023-11-09,,7.2
2023-11-10,,7.17
2023-11-11,,7.13
2023-11-12,,7.21
2023-11-13,,7.22
2023-11-14,,7.21
2023-11-15,,7.18
2023-11-16,,7.25
2023-11-17,,7.22
2023-11-18,,7.18
2023-11-19,,7.22
2023-11-20,,7.32
2023-11-21,,7.22
2023-11-22,,7.13
2023-11-23,,7.15
2023-11-24,,7.14
2023-11-25,,7.15
2023-11-26,,7.05
2023-11-27,,6.91
2023-11-28,,6.8
2023-11-29,,6.75
2023-11-30,,6.7
2023-12-01,,6.63
2023-12-02,,6.67
2023-12-03,,6.68
2023-12-04,,6.74
2023-12-05,,6.95
2023-12-06,,7.02
2023-12-07,,7.13
2023-12-08,,7.21
2023-12-09,,7.26
2023-12-10,,7.21
2023-12-11,,7.18
2023-12-12,,7.18
2023-12-13,,7.18
2023-12-14,,7.12
2023-12-15,,6.95
2023-12-16,,6.87
2023-12-17,,6.86
2023-12-18,,6.79
2023-12-20,,6.79
2023-12-21,,7.0
2023-12-22,,7.06
2023-12-23,,7.08
2023-12-24,,7.04
2023-12-25,,7.07
2023-12-26,,7.22
2023-12-27,,7.34
2023-12-28,,7.58
2023-12-29,,8.02
2023-12-30,,8.39
2023-12-31,,8.58
2024-01-01,,8.66
2024-01-03,,8.69
2024-01-04,,8.67
2024-01-07,,8.23
2024-01-08,,7.93
2024-01-09,,7.82
2024-01-10,,7.74
2024-01-11,,7.67
2024-01-12,,7.64
2024-01-13,,7.81
2024-01-14,,8.34
2024-01-15,,8.38
2024-01-16,,8.3
2024-01-17,,8.13
2024-01-18,,8.04
2024-01-19,,8.01
2024-01-20,,8.01
2024-01-21,,8.01
2024-01-22,,8.0
2024-01-23,,7.95
2024-01-24,,7.98
2024-01-25,,8.07
2024-01-26,,8.19
2024-01-27,,8.34
2024-01-28,,8.45
2024-01-29,,8.48
2024-01-30,,8.53
2024-01-31,,8.61
2024-02-01,,8.66
2024-02-02,,8.7
2024-02-03,,8.66
2024-02-04,,8.61
2024-02-05,,8.52
2024-02-06,,8.25
2024-02-07,,8.0
2024-02-08,,7.86
2024-02-09,,7.76
2024-02-10,,7.71
2024-02-11,,7.69
2024-02-12,,7.66
2024-02-13,,7.66
2024-02-14,,7.67
2024-02-15,,7.7
2024-02-16,,7.73
2024-02-17,,7.75
2024-02-18,,7.7
2024-02-19,,7.69
2024-02-20,,7.61
2024-02-21,,7.48
2024-02-22,,7.28
2024-02-23,,7.24
2024-02-24,,7.36
2024-02-25,,7.45
2024-02-26,,7.42
2024-02-27,,7.35
2024-02-28,,7.26
2024-02-29,,7.21
2024-03-01,,7.23
2024-03-02,,7.2
2024-03-03,,7.12
2024-03-04,,7.0
2024-03-05,,6.93
2024-03-06,,6.84
2024-03-07,,6.83
2024-03-08,,6.85
2024-03-09,,6.9
2024-03-10,,6.95
2024-03-11,,7.07
2024-03-12,,7.14
2024-03-13,,7.1
2024-03-14,,7.11
2024-03-15,,7.11
2024-03-16,,7.04
2024-03-17,,6.95
2024-03-18,,6.89
2024-03-19,,6.91
2024-03-20,,6.93
2024-03-21,,6.94
2024-03-22,,6.85
2024-03-23,,6.8
2024-03-24,,6.76
2024-03-25,,6.75
2024-03-26,,6.74
2024-03-27,,6.8
2024-03-28,,7.0
2024-03-29,,7.28
2024-03-30,,7.82
2024-03-31,,8.29
2024-04-01,,8.51
2024-04-02,,8.68
2024-04-03,,8.82
2024-04-04,,8.89
2024-04-05,,8.95
2024-04-06,,8.91
2024-04-07,,8.66
2024-04-08,,8.45
2024-04-09,,8.38
2024-04-10,,8.44
2024-04-11,,8.66
2024-04-12,,8.93
2024-04-13,,9.09
2024-04-14,,9.12
2024-04-15,,9.15
2024-04-16,,9.19
2024-04-17,,9.28
2024-04-18,,9.33
2024-04-19,,9.46
2024-04-20,,9.6
2024-04-21,,9.67
2024-04-22,,9.9
2024-04-23,,10.12
2024-04-24,,10.28
2024-04-25,,10.33
2024-04-26,,10.3
2024-04-27,,10.24
2024-04-28,,10.2
2024-04-29,,10.03
2024-04-30,,9.93
2024-05-01,,9.87
2024-05-02,,9.97
2024-05-03,,10.3
2024-05-04,,10.82
2024-05-05,,11.34
2024-05-06,,11.87
2024-05-07,,12.41
2024-05-08,,12.94
2024-05-09,,13.31
2024-05-10,,13.53
2024-05-11,,13.66
2024-05-12,,13.66
2024-05-13,,13.61
2024-05-14,,13.5
2024-05-15,,13.32
2024-05-16,,13.09
2024-05-17,,12.87
2024-05-18,,12.56
2024-05-19,,12.25
2024-05-20,,11.97
2024-05-21,,11.97
2024-05-22,,12.13
2024-05-23,,12.11
2024-05-24,,12.05
2024-05-25,,12.08
2024-05-26,,12.36
2024-05-27,,12.94
2024-05-28,,13.49
2024-05-29,,13.92
2024-05-30,,14.01
2024-05-31,,13.9
2024-06-01,,13.81
2024-06-02,,13.79
2024-06-03,,13.79
2024-06-04,,13.72
2024-06-05,,13.59
2024-06-06,,13.5
2024-06-07,,13.46
2024-06-08,,13.54
2024-06-09,,13.73
2024-06-10,,14.02
2024-06-11,,14.34
2024-06-12,,14.63
2024-06-13,,14.82
2024-06-14,,14.9
2024-06-15,,14.84
2024-06-16,,14.71
2024-06-17,,14.59
2024-06-18,,14.34
2024-06-19,,14.18
2024-06-20,,14.07
2024-06-21,,14.11
2024-06-22,,14.53
2024-06-23,,15.25
2024-06-24,,15.86
2024-06-25,,16.6
2024-06-26,,17.45
2024-06-27,,18.19
2024-06-28,,18.9
2024-06-29,,19.49
2024-06-30,,19.84
2024-07-01,,20.01
2024-07-02,,20.24
2024-07-03,,20.51
2024-07-04,,20.61
2024-07-05,,20.71
2024-07-06,,20.68
2024-07-07,,20.57
2024-07-08,,20.38
2024-07-09,,20.09
2024-07-10,,19.66
2024-07-11,,19.15
2024-07-12,,18.61
2024-07-13,,18.06
2024-07-14,,17.58
2024-07-15,,17.09
2024-07-16,,16.64
2024-07-17,,16.21
2024-07-18,,15.79
2024-07-19,,15.4
2024-07-20,,14.98
2024-07-21,,14.47
2024-07-22,,13.91
2024-07-23,,13.34
2024-07-24,,12.86
2024-07-25,,12.42
2024-07-26,,11.88
2024-07-27,,11.38
2024-07-28,,10.99
2024-07-29,,10.53
2024-07-30,,10.05
2024-07-31,,9.64
2024-08-01,,9.47
2024-08-02,,9.41
2024-08-03,,9.42
2024-08-04,,9.44
2024-08-05,,9.45
2024-08-06,,9.57
2024-08-07,,9.71
2024-08-08,,9.9
2024-08-09,,10.15
2024-08-10,,10.37
2024-08-11,,10.6
2024-08-12,,10.58
2024-08-13,,10.48
2024-08-14,,10.27
2024-08-15,,9.93
2024-08-16,,9.6
2024-08-17,,9.42
2024-08-18,,9.31
2024-08-19,,9.14
2024-08-20,,9.02
2024-08-21,,8.91
2024-08-22,,8.82
2024-08-23,,8.6
2024-08-24,,8.34
2024-08-25,,8.18
2024-08-26,,8.1
2024-08-27,,8.05
2024-08-28,,8.02
2024-08-29,,8.08
2024-08-30,,8.19
2024-08-31,,8.24
2024-09-01,,8.43
2024-09-02,,8.72
2024-09-03,,8.92
2024-09-04,,8.83
2024-09-05,,8.69
2024-09-06,,8.48
2024-09-07,,8.23
2024-09-08,,7.95
2024-09-09,,7.82
2024-09-10,,7.67
2024-09-11,,7.56
2024-09-12,,7.46
2024-09-13,,7.3
2024-09-14,,7.17
2024-09-15,,7.12
2024-09-16,,7.1
2024-09-17,,7.02
2024-09-18,,6.94
2024-09-19,,6.94
2024-09-20,,7.16
2024-09-21,,7.36
2024-09-22,,7.6
2024-09-23,,7.7
2024-09-24,,7.66
2024-09-25,,7.44
2024-09-26,,7.16
2024-09-27,,6.98
2024-09-28,,6.89
2024-09-29,,6.86
2024-09-30,,6.78
2024-10-01,,6.76
2024-10-02,,6.79
2024-10-03,,6.72
2024-10-04,,6.65
2024-10-05,,6.64
2024-10-06,,6.63
2024-10-07,,6.62
2024-10-08,,6.6
2024-10-09,,6.63
2024-10-10,,6.75
2024-10-11,,6.85
2024-10-12,,6.86
2024-10-13,,6.78
2024-10-14,,6.73
2024-10-15,,6.75
2024-10-16,,6.77
2024-10-17,,6.89
2024-10-18,,6.9
2024-10-19,,6.83
2024-10-20,,6.72
2024-10-21,,6.67
2024-10-22,,6.66
2024-10-23,,6.78
2024-10-24,,6.96
2024-10-25,,6.87
2024-10-26,,6.96
2024-10-27,,7.09
2024-10-28,,7.14
2024-10-29,,7.18
2024-10-30,,7.17
2024-10-31,,7.23
2024-11-01,,7.47
2024-11-02,,7.64
2024-11-03,,7.71
2024-11-04,,7.61
2024-11-05,,7.55
2024-11-06,,7.71
2024-11-07,,7.86
2024-11-08,,8.03
2024-11-09,,8.06
2024-11-10,,8.1
2024-11-11,,8.12
2024-11-12,,8.09
2024-11-13,,7.92
2024-11-14,,7.57
2024-11-15,,7.25
2024-11-16,,7.17
2024-11-17,,7.17
2024-11-18,,7.25
2024-11-19,,7.57
2024-11-20,,7.98
2024-11-21,,8.34
2024-11-22,,8.52
2024-11-23,,8.51
2024-11-24,,8.53
2024-11-25,,8.54
2024-11-26,,8.3
2024-11-27,,8.16
2024-11-28,,8.12
2024-11-29,,8.04
2024-11-30,,7.93
2024-12-01,,7.76
2024-12-02,,7.77
2024-12-03,,7.84
2024-12-04,,7.81
2024-12-05,,7.82
2024-12-06,,7.95
2024-12-07,,7.81
2024-12-08,,7.74
2024-12-09,,7.71
2024-12-10,,7.85
2024-12-11,,7.91
2024-12-12,,7.98
2024-12-13,,8.09
2024-12-14,,8.25
2024-12-15,,8.4
2024-12-16,,8.43
2024-12-17,,8.58
2024-12-18,,8.58
2024-12-19,,8.6
2024-12-20,,8.48
2024-12-21,,8.12
2024-12-22,,7.88
2024-12-23,,7.76
2024-12-24,,7.76
2024-12-25,,7.79
2024-12-26,,7.81
2024-12-27,,7.78
2024-12-28,,7.92
2024-12-29,,8.21
2024-12-30,,8.34
2024-12-31,,8.3
